congress,chamber,rollnumber,date,session,clerk_rollnumber,yea_count,nay_count,nominate_mid_1,nominate_mid_2,nominate_spread_1,nominate_spread_2,nominate_log_likelihood,bill_number,vote_result,vote_desc,vote_question,dtl_desc
119,House,1,2025-01-03,1,2,218,216,-0.137,0.991,-0.62,-0.705,-5.4,,Johnson (LA),,Election of the Speaker,
119,House,2,2025-01-03,1,3,216,210,0.025,0.126,-0.713,0.141,-0.259,HRES5,Passed,"Adopting the Rules of the House of Representatives for the One Hundred Nineteenth Congress, and for other purposes",On Ordering the Previous Question,
119,House,3,2025-01-03,1,4,209,214,0.025,0.126,0.713,-0.141,-0.259,HRES5,Failed,"Adopting the Rules of the House of Representatives for the One Hundred Nineteenth Congress, and for other purposes",On Motion to Commit with Instructions,
119,House,4,2025-01-03,1,5,215,209,0.189,-0.785,-0.653,-0.657,-5.022,HRES5,Passed,"Adopting the Rules of the House of Representatives for the One Hundred Nineteenth Congress, and for other purposes",On Agreeing to the Resolution,
119,House,5,2025-01-07,1,6,264,159,-0.377,0.511,-0.663,-0.979,-56.969,HR29,Passed,Laken Riley Act,On Passage,
119,House,6,2025-01-09,1,7,243,140,0.258,-0.676,-0.433,-1.568,-77.976,HR23,Passed,Illegitimate Court Counteraction Act,On Passage,
119,House,7,2025-01-13,1,8,407,0,0.0,0.0,0.0,0.0,0.0,HR192,Passed,Amtrak Executive Bonus Disclosure Act,On Motion to Suspend the Rules and Pass,
119,House,8,2025-01-13,1,9,405,5,0.0,0.0,0.0,0.0,0.0,HR152,Passed,Federal Disaster Assistance Coordination Act,On Motion to Suspend the Rules and Pass,
119,House,9,2025-01-14,1,10,426,0,0.0,0.0,0.0,0.0,0.0,HR153,Passed,Post-Disaster Assistance Online Accountability Act,On Motion to Suspend the Rules and Pass,
119,House,10,2025-01-14,1,11,208,218,0.132,0.991,0.651,-0.428,-6.037,HR28,Failed,Protection of Women and Girls in Sports Act,On Motion to Recommit,
119,House,11,2025-01-14,1,12,218,206,0.13,-0.302,-0.604,-0.93,-6.471,HR28,Passed,Protection of Women and Girls in Sports Act,On Passage,
119,House,12,2025-01-15,1,13,419,2,0.0,0.0,0.0,0.0,0.0,HR164,Passed,POWER Act,On Motion to Suspend the Rules and Pass,
119,House,13,2025-01-15,1,14,423,0,0.0,0.0,0.0,0.0,0.0,HR144,Passed,Tennessee Valley Authority Salary Transparency Act,On Motion to Suspend the Rules and Pass,
119,House,14,2025-01-15,1,15,423,1,0.0,0.0,0.0,0.0,0.0,HR33,Passed,To amend the Internal Revenue Code of 1986 to provide special rules for the taxation of certain residents of Taiwan with income from sources within the United States,On Passage,
119,House,15,2025-01-16,1,16,206,213,0.036,0.087,0.715,-0.026,-0.283,HR30,Failed,Preventing Violence Against Women by Illegal Aliens Act,On Motion to Recommit,
119,House,16,2025-01-16,1,17,274,145,-0.393,0.561,-0.909,-1.005,-69.789,HR30,Passed,Preventing Violence Against Women by Illegal Aliens Act,On Passage,
119,House,17,2025-01-21,1,18,414,0,0.0,0.0,0.0,0.0,0.0,HR186,Passed,Hershel “Woody” Williams National Medal of Honor Monument Location Act,On Motion to Suspend the Rules and Pass,
119,House,18,2025-01-21,1,19,413,0,0.0,0.0,0.0,0.0,0.0,HR187,Passed,MAPWaters Act,"On Motion to Suspend the Rules and Pass, as Amended",
119,House,19,2025-01-22,1,20,214,204,0.05,0.143,-0.716,-0.037,-0.181,HRES53,Passed,Providing for consideration of the bill (H.R. 471) the Fix Our Forests Act; and providing for consideration of the bill (S. 5) the Laken Riley Act,On Ordering the Previous Question,
119,House,20,2025-01-22,1,21,213,204,0.05,0.143,-0.716,-0.037,-0.181,HRES53,Passed,Providing for consideration of the bill (H.R. 471) the Fix Our Forests Act; and providing for consideration of the bill (S. 5) the Laken Riley Act,On Agreeing to the Resolution,
119,House,21,2025-01-22,1,22,416,0,0.0,0.0,0.0,0.0,0.0,HR165,Passed,Wounded Knee Massacre Memorial and Sacred Site Act,On Motion to Suspend the Rules and Pass,
119,House,22,2025-01-22,1,23,263,156,-0.284,0.147,-0.606,-0.939,-50.457,S5,Passed,Laken Riley Act,On Passage,
119,House,23,2025-01-23,1,24,359,62,0.564,-0.239,0.502,-1.249,-43.779,HR375,Passed,Continued Rapid Ohia Death Response Act,On Motion to Suspend the Rules and Pass,
119,House,24,2025-01-23,1,25,279,141,0.056,-0.998,-0.264,-0.497,-94.463,HR471,Passed,Fix Our Forests Act,On Passage,
119,House,25,2025-01-23,1,26,205,216,0.031,0.068,0.716,0.018,-0.239,HR21,Failed,Born-Alive Abortion Survivors Protection Act,On Motion to Recommit,
119,House,26,2025-01-23,1,27,217,204,0.063,-0.16,-0.655,-0.707,-3.914,HR21,Passed,Born-Alive Abortion Survivors Protection Act,On Passage,
119,House,27,2025-02-04,1,28,412,1,0.0,0.0,0.0,0.0,0.0,HR43,Passed,Alaska Native Village Municipal Lands Restoration Act,On Motion to Suspend the Rules and Pass,
119,House,28,2025-02-04,1,29,361,56,0.731,0.449,0.841,-0.76,-48.172,HR776,Passed,Nutria Eradication and Control Reauthorization Act,On Motion to Suspend the Rules and Pass,
119,House,29,2025-02-05,1,30,212,208,0.036,0.088,-0.715,0.044,-0.28,HRES93,Passed,"Providing for consideration of the bill (H.R. 27) to amend the Controlled Substances Act with respect to the scheduling of fentanyl-related substances, and for other purposes",On Ordering the Previous Question,
119,House,30,2025-02-05,1,31,215,208,0.036,0.093,-0.715,0.039,-0.282,HRES93,Passed,"Providing for consideration of the bill (H.R. 27) to amend the Controlled Substances Act with respect to the scheduling of fentanyl-related substances, and for other purposes",On Agreeing to the Resolution,
119,House,31,2025-02-06,1,32,182,226,-0.273,0.962,0.634,0.34,-42.228,HR27,Failed,,On Agreeing to the Amendment,
119,House,32,2025-02-06,1,33,312,108,-0.478,0.583,-0.413,-0.409,-82.411,HR27,Passed,HALT Fentanyl Act,On Passage,
119,House,33,2025-02-07,1,34,205,207,-0.127,0.992,0.533,0.62,-7.804,HR26,Failed,Protecting American Energy Production Act,On Motion to Recommit,
119,House,34,2025-02-07,1,35,226,188,0.303,-0.71,-0.478,-1.161,-33.384,HR26,Passed,Protecting American Energy Production Act,On Passage,
119,House,35,2025-02-10,1,36,388,7,0.0,0.0,0.0,0.0,0.0,HR692,Passed,China Exchange Rate Transparency Act,"On Motion to Suspend the Rules and Pass, as Amended",
119,House,36,2025-02-10,1,37,408,0,0.0,0.0,0.0,0.0,0.0,HR736,Passed,Protect Small Businesses from Excessive Paperwork Act,On Motion to Suspend the Rules and Pass,
119,House,37,2025-02-11,1,38,210,184,0.037,0.102,-0.715,0.053,-0.273,HRES122,Passed,Providing for consideration of the bill (H.R. 77) the Midnight Rules Relief Act,On Ordering the Previous Question,
119,House,38,2025-02-11,1,39,216,205,0.038,0.1,-0.715,0.034,-0.287,HRES122,Passed,Providing for consideration of the bill (H.R. 77) the Midnight Rules Relief Act,On Agreeing to the Resolution,
119,House,39,2025-02-12,1,40,205,213,0.037,0.095,0.715,-0.032,-0.277,HR77,Failed,Midnight Rules Relief Act,On Motion to Recommit,
119,House,40,2025-02-12,1,41,212,208,0.136,-0.171,-0.614,-0.91,-4.902,HR77,Passed,Midnight Rules Relief Act,On Passage,
119,House,41,2025-02-13,1,42,264,155,-0.308,0.237,-0.651,-0.689,-50.15,HR35,Passed,Agent Raul Gonzalez Officer Safety Act,On Passage,
119,House,42,2025-02-24,1,43,405,0,0.0,0.0,0.0,0.0,0.0,HR825,Passed,Assisting Small Businesses Not Fraudsters Act,On Motion to Suspend the Rules and Pass,
119,House,43,2025-02-24,1,44,396,15,0.581,-0.649,0.358,-1.516,-17.615,HR832,Passed,Small Business Advocacy Improvements Act,On Motion to Suspend the Rules and Pass,
119,House,44,2025-02-24,1,45,384,25,0.695,-0.486,0.367,-0.49,-38.526,HR818,Passed,SPUR Act,On Motion to Suspend the Rules and Pass,
119,House,45,2025-02-25,1,46,216,210,0.037,0.104,-0.715,0.049,-0.282,HRES161,Passed,Providing for consideration of the joint resolution (H.J. Res. 20); providing for consideration of the joint resolution (H.J. Res. 35); and providing for consideration of the concurrent resolution (H. Con. Res. 14),On Ordering the Previous Question,
119,House,46,2025-02-25,1,47,217,211,0.037,0.104,-0.715,0.049,-0.282,HRES161,Passed,Providing for consideration of the joint resolution (H.J. Res. 20); providing for consideration of the joint resolution (H.J. Res. 35); and providing for consideration of the concurrent resolution (H. Con. Res. 14),On Agreeing to the Resolution,
119,House,47,2025-02-25,1,48,427,3,0.0,0.0,0.0,0.0,0.0,HR788,Passed,DOE and SBA Research Act,On Motion to Suspend the Rules and Pass,
119,House,48,2025-02-25,1,49,415,8,0.0,0.0,0.0,0.0,0.0,HR804,Passed,Rural Small Business Resilience Act,On Motion to Suspend the Rules and Pass,
119,House,49,2025-02-25,1,50,217,215,-0.122,0.993,-0.63,-0.689,-5.366,HCONRES14,Passed,Establishing the congressional budget for the United States Government for fiscal year 2025 and setting forth the appropriate budgetary levels for fiscal years 2026 through 2034,"On Agreeing to the Resolution, as Amended",
119,House,50,2025-02-26,1,51,424,0,0.0,0.0,0.0,0.0,0.0,HR695,Passed,Medal of Honor Act,"On Motion to Suspend the Rules and Pass, as Amended",
119,House,51,2025-02-26,1,52,220,206,0.01,0.083,-0.533,-1.156,-11.605,HJRES35,Passed,"Providing for congressional disapproval under chapter 8 of title 5, United States Code, of the rule submitted by the Environmental Protection Agency relating to “Waste Emissions Charge for Petroleum and Natural Gas Systems: Procedures for Facilitating Compliance, Including Netting and Exemptions”",On Passage,
119,House,52,2025-02-27,1,53,221,198,-0.164,0.307,-0.612,-0.885,-17.101,HJRES20,Passed,"Providing for congressional disapproval under chapter 8 of title 5, United States Code, of the rule submitted by the Department of Energy relating to “Energy Conservation Program: Energy Conservation Standards for Consumer Gas-fired Instantaneous Water Heaters”",On Passage,
119,House,53,2025-03-03,1,54,417,0,0.0,0.0,0.0,0.0,0.0,HR856,Passed,Safe and Smart Federal Purchasing Act,On Motion to Suspend the Rules and Pass,
119,House,54,2025-03-03,1,55,402,16,0.462,-0.887,0.633,-2.649,-38.647,HR758,Passed,Mail Traffic Deaths Reporting Act,On Motion to Suspend the Rules and Pass,
119,House,55,2025-03-04,1,56,196,187,0.036,0.101,-0.715,0.053,-0.269,HRES177,Passed,"Providing for consideration of the joint resolutions H.J. Res 42, H.J. Res. 61, and S.J. Res. 11",On Ordering the Previous Question,
119,House,56,2025-03-04,1,57,211,209,0.036,0.102,-0.715,0.05,-0.274,HRES177,Passed,"Providing for consideration of the joint resolutions H.J. Res 42, H.J. Res. 61, and S.J. Res. 11",On Agreeing to the Resolution,
119,House,57,2025-03-05,1,58,216,202,-0.048,0.19,-0.523,-1.176,-9.219,HJRES61,Passed,"Providing for congressional disapproval under chapter 8 of title 5, United States Code, of the rule submitted by the Environmental Protection Agency relating to “National Emission Standards for Hazardous Air Pollutants: Rubber Tire Manufacturing”",On Passage,
119,House,58,2025-03-05,1,59,222,203,-0.076,0.198,-0.553,-1.089,-9.282,HJRES42,Passed,"Providing for congressional disapproval of the rule submitted by the Department of Energy relating to “Energy Conservation Program for Appliance Standards: Certification Requirements, Labeling Requirements, and Enforcement Provisions for Certain Consumer Products and Commercial Equipment”",On Passage,
119,House,59,2025-03-05,1,60,209,211,0.036,0.101,0.715,-0.048,-0.279,HRES189,Failed,Censuring Representative Al Green of Texas,On Motion to Table,
119,House,60,2025-03-06,1,61,221,202,0.135,-0.206,-0.491,-1.252,-19.597,SJRES11,Passed,"Providing for congressional disapproval under chapter 8 of title 5, United States Code, of the rule submitted by the Bureau of Ocean Energy Management relating to “Protection of Marine Archaeological Resources”",On Passage,
119,House,61,2025-03-06,1,62,224,198,-0.118,-0.562,-0.43,-0.031,-26.625,HRES189,Passed,Censuring Representative Al Green of Texas,On Agreeing to the Resolution,
119,House,62,2025-03-10,1,63,402,1,0.0,0.0,0.0,0.0,0.0,HR495,Passed,Subterranean Border Defense Act,On Motion to Suspend the Rules and Pass,
119,House,63,2025-03-10,1,64,410,1,0.0,0.0,0.0,0.0,0.0,HR901,Passed,Research Security and Accountability in DHS Act,On Motion to Suspend the Rules and Pass,
119,House,64,2025-03-10,1,65,406,9,0.0,0.0,0.0,0.0,0.0,HR993,Passed,Emerging Innovative Border Technologies Act,On Motion to Suspend the Rules and Pass,
119,House,65,2025-03-11,1,66,216,212,0.035,0.11,-0.715,0.072,-0.273,HRES211,Passed,Providing for consideration of the joint resolution (H.J. Res. 25); providing for consideration of the bill (H.R. 1156); providing for consideration of the bill (H.R. 1968); and for other purposes.,On Ordering the Previous Question,
119,House,66,2025-03-11,1,67,216,214,-0.12,0.993,-0.627,-0.681,-5.366,HRES211,Passed,Providing for consideration of the joint resolution (H.J. Res. 25); providing for consideration of the bill (H.R. 1156); providing for consideration of the bill (H.R. 1968); and for other purposes.,On Agreeing to the Resolution,
119,House,67,2025-03-11,1,68,295,127,-0.328,-0.078,-0.355,-0.223,-89.151,HR1156,Passed,Pandemic Unemployment Fraud Enforcement Act,On Passage,
119,House,68,2025-03-11,1,69,213,216,0.035,0.109,0.715,-0.07,-0.274,HR1968,Failed,"Full-Year Continuing Appropriations and Extensions Act, 2025",On Motion to Recommit,
119,House,69,2025-03-11,1,70,217,213,-0.162,0.987,-0.626,-0.727,-6.831,HR1968,Passed,"Full-Year Continuing Appropriations and Extensions Act, 2025",On Passage,
119,House,70,2025-03-11,1,71,292,132,0.074,-0.997,-0.212,-0.438,-114.275,HJRES25,Passed,"Providing for congressional disapproval under chapter 8 of title 5, United States Code, of the rule submitted by the Internal Revenue Service relating to “Gross Proceeds Reporting by Brokers That Regularly Provide Services Effectuating Digital Asset Sales”",On Passage,
119,House,71,2025-03-24,1,72,405,0,0.0,0.0,0.0,0.0,0.0,HR359,Passed,Cost-Share Accountability Act,On Motion to Suspend the Rules and Pass,
119,House,72,2025-03-24,1,73,372,35,0.687,-0.234,0.43,-1.441,-36.323,HR1326,Passed,DOE and USDA Interagency Research Act,On Motion to Suspend the Rules and Pass,
119,House,73,2025-03-25,1,74,350,73,0.163,-0.823,0.247,-0.8,-84.139,HR1534,Passed,IMPACT Act,On Motion to Suspend the Rules and Pass,
119,House,74,2025-03-25,1,75,215,208,0.033,0.112,-0.715,0.074,-0.264,HRES242,Passed,"Providing for consideration of the joint resolutions H. J. Res 24 and H. J. Res. 75; and providing for consideration of the bill H.R. 1048, and for other purposes",On Ordering the Previous Question,
119,House,75,2025-03-25,1,76,214,207,0.033,0.112,-0.715,0.074,-0.264,HRES242,Passed,"Providing for consideration of the joint resolutions H. J. Res 24 and H. J. Res. 75; and providing for consideration of the bill H.R. 1048, and for other purposes",On Agreeing to the Resolution,
119,House,76,2025-03-27,1,77,203,182,-0.068,0.211,-0.553,-1.086,-7.188,HJRES24,Passed,"Providing for congressional disapproval under chapter 8 of title 5, United States Code, of the rule submitted by the Department of Energy relating to “Energy Conservation Program: Energy Conservation Standards for Walk-In Coolers and Walk-In Freezers”",On Passage,
119,House,77,2025-03-27,1,78,214,193,-0.033,0.159,-0.55,-1.099,-7.473,HJRES75,Passed,"Providing for congressional disapproval of the rule submitted by the Office of Energy Efficiency and Renewable Energy, Department of Energy relating to “Energy Conservation Program: Energy Conservation Standards for Commercial Refrigerators, Freezers, and Refrigerator-Freezers”",On Passage,
119,House,78,2025-03-27,1,79,199,214,0.124,-0.973,0.427,0.286,-15.389,HR1048,Failed,,On Agreeing to the Amendment,
119,House,79,2025-03-27,1,80,92,321,0.182,-0.983,-0.25,0.533,-94.776,HR1048,Failed,,On Agreeing to the Amendment,
119,House,80,2025-03-27,1,81,3,410,0.0,0.0,0.0,0.0,0.0,HR1048,Failed,,On Agreeing to the Amendment,
119,House,81,2025-03-27,1,82,4,404,0.0,0.0,0.0,0.0,0.0,HR1048,Failed,,On Agreeing to the Amendment,
119,House,82,2025-03-27,1,83,241,169,-0.102,-0.102,-0.241,-0.452,-60.098,HR1048,Passed,DETERRENT Act,On Passage,
119,House,83,2025-03-31,1,84,388,0,0.0,0.0,0.0,0.0,0.0,HR517,Passed,Filing Relief for Natural Disasters Act,"On Motion to Suspend the Rules and Pass, as Amended",
119,House,84,2025-03-31,1,85,385,0,0.0,0.0,0.0,0.0,0.0,HR997,Passed,National Taxpayer Advocate Enhancement Act,"On Motion to Suspend the Rules and Pass, as Amended",
119,House,85,2025-04-01,1,86,215,213,0.034,0.119,-0.715,0.072,-0.272,HRES282,Passed,Providng for consideration of the joint resolutions S.J.Res. 18 and S.J.Res 28; providing for consideration of the bills H.R. 1526 and H.R. 22; and for other purposes,On Ordering the Previous Question,
119,House,86,2025-04-01,1,87,206,222,-0.064,0.998,-0.624,-0.972,-26.377,HRES282,Failed,Providng for consideration of the joint resolutions S.J.Res. 18 and S.J.Res 28; providing for consideration of the bills H.R. 1526 and H.R. 22; and for other purposes,On Agreeing to the Resolution,
119,House,87,2025-04-01,1,88,423,0,0.0,0.0,0.0,0.0,0.0,HR1491,Passed,Disaster Related Extension of Deadlines Act,"On Motion to Suspend the Rules and Pass, as Amended",
119,House,88,2025-04-07,1,89,411,0,0.0,0.0,0.0,0.0,0.0,HR586,Passed,Vietnam Veterans Liver Fluke Cancer Study Act,"On Motion to Suspend the Rules and Pass, as Amended",
119,House,89,2025-04-07,1,90,412,0,0.0,0.0,0.0,0.0,0.0,HR1039,Passed,Clear Communication for Veterans Claims Act,"On Motion to Suspend the Rules and Pass, as Amended",
119,House,90,2025-04-08,1,91,213,211,0.033,0.117,-0.715,0.073,-0.265,HRES294,Passed,Providing for consideration of the joint resolutions S.J. Res. 18 and S.J. Res. 28; providing for consideration of the bills H.R. 1526 and H.R. 22; and for other purposes,On Ordering the Previous Question,
119,House,91,2025-04-08,1,92,213,211,-0.13,0.992,-0.55,-0.607,-6.459,HRES294,Passed,Providing for consideration of the joint resolutions S.J. Res. 18 and S.J. Res. 28; providing for consideration of the bills H.R. 1526 and H.R. 22; and for other purposes,On Agreeing to the Resolution,
119,House,92,2025-04-09,1,93,217,212,0.033,0.116,-0.715,0.083,-0.269,HRES313,Passed,"Providing for consideration of the Senate amendment to the concurrent resolution (H. Con. Res. 14) establishing the congressional budget for the United States Government for fiscal year 2025 and setting forth the appropriate budgetary levels for fiscal years 2026 through 2034, and for other purposes",On Ordering the Previous Question,
119,House,93,2025-04-09,1,94,216,215,-0.093,0.996,-0.477,-0.564,-13.751,HRES313,Passed,"Providing for consideration of the Senate amendment to the concurrent resolution (H. Con. Res. 14) establishing the congressional budget for the United States Government for fiscal year 2025 and setting forth the appropriate budgetary levels for fiscal years 2026 through 2034, and for other purposes",On Agreeing to the Resolution,
119,House,94,2025-04-09,1,95,219,211,0.033,0.116,-0.715,0.084,-0.269,SJRES28,Passed,Disappoving the rule submitted by the Bureau of Consumer Financial Protection relating to “Defining Larger Participants of a Market for General-Use Digital Consumer Payment Applications”,On Passage,
119,House,95,2025-04-09,1,96,217,211,-0.047,0.771,-0.675,-0.706,-5.006,SJRES18,Passed,Disapproving the rule submitted by the Bureau of Consumer Financial Protection relating to “Overdraft Lending: Very Large Financial Institutions”,On Passage,
119,House,96,2025-04-09,1,97,212,217,0.033,0.116,0.715,-0.083,-12.814,HR1526,Failed,No Rogue Rulings Act,On Motion to Recommit,
119,House,97,2025-04-09,1,98,219,213,0.076,-0.082,-0.964,0.307,-4.785,HR1526,Passed,No Rogue Rulings Act,On Passage,
119,House,98,2025-04-09,1,99,424,0,0.0,0.0,0.0,0.0,0.0,HR1228,Passed,Prioritizing Veterans’ Survivors Act,On Motion to Suspend the Rules and Pass,
119,House,99,2025-04-10,1,100,216,214,-0.14,0.99,-0.621,-0.821,-9.803,HCONRES14,Passed,Establishing the congressional budget for the United States Government for fiscal year 2025 and setting forth the appropriate budgetary levels for fiscal years 2026 through 2034,On Motion to Concur in the Senate Amendment,
119,House,100,2025-04-10,1,101,211,215,0.032,0.113,0.715,-0.096,-0.263,HR22,Failed,SAVE Act,On Motion to Recommit,
119,House,101,2025-04-10,1,102,220,208,-0.112,0.371,-0.692,-0.423,-8.787,HR22,Passed,SAVE Act,On Passage,
119,House,102,2025-04-28,1,103,365,42,0.559,-0.383,0.491,-1.365,-43.798,HR973,Passed,Setting Consumer Standards for Lithium-Ion Batteries Act,On Motion to Suspend the Rules and Pass,
119,House,103,2025-04-28,1,104,409,2,0.0,0.0,0.0,0.0,0.0,S146,Passed,TAKE IT DOWN Act,On Motion to Suspend the Rules and Pass,
119,House,104,2025-04-29,1,105,215,206,0.031,0.115,-0.715,0.092,-0.26,HRES354,Passed,"Providing for consideration of the joint resolutions H.J. Res. 60, H.J. Res. 78, H.J. Res. 87, H.J. Res. 88, and H.J. Res. 89",On Ordering the Previous Question,
119,House,105,2025-04-29,1,106,216,208,0.031,0.116,-0.715,0.092,-0.26,HRES354,Passed,"Providing for consideration of the joint resolutions H.J. Res. 60, H.J. Res. 78, H.J. Res. 87, H.J. Res. 88, and H.J. Res. 89",On Agreeing to the Resolution,
119,House,106,2025-04-29,1,107,409,15,0.52,-0.707,0.389,-1.718,-23.235,HR1402,Passed,TICKET Act,On Motion to Suspend the Rules and Pass,
119,House,107,2025-04-29,1,108,378,42,0.549,-0.396,0.337,-1.028,-49.469,HR1442,Passed,Youth Poisoning Protection Act,"On Motion to Suspend the Rules and Pass, as Amended",
119,House,108,2025-04-29,1,109,415,9,0.0,0.0,0.0,0.0,0.0,HR859,Passed,Informing Consumers about Smart Devices Act,On Motion to Suspend the Rules and Pass,
119,House,109,2025-04-29,1,110,219,205,-0.029,0.168,-0.644,-0.755,-3.995,HJRES60,Passed,"Providing for congressional disapproval under chapter 8 of title 5, United States Code, of the rule submitted by the National Park Service relating to “Glen Canyon National Recreation Area: Motor Vehicles”",On Passage,
119,House,110,2025-04-30,1,111,231,191,-0.061,0.075,-0.524,-1.252,-25.443,HJRES87,Passed,"Congressional disapproval, of the rule submitted by the EPA relating to “CA Motor Vehicle and Engine Pollution Control Standards; Heavy-Duty Vehicle and Engine Em Warranty and Maintenance Provisions; Advanced Clean Trucks; Zero Em Airport Shuttle; Zero-Em Power Train Cert.; Waiver of Preemption; Notice of Decision”",On Passage,
119,House,111,2025-04-30,1,112,225,196,0.091,-0.15,-0.491,-1.26,-19.869,HJRES89,Passed,"Congressional disapproval, of the rule submitted by the EPA relating to “California State Motor Vehicle and Engine and Nonroad Engine Pollution Control Standards; The ’Omnibus’ Low NOX Regulation; Waiver of Preemption; Notice of Decision”",On Passage,
119,House,112,2025-05-01,1,113,216,195,-0.005,0.177,-0.58,-1.039,-7.945,HJRES78,Passed,"Congressional disapproval, of the rule submitted by the United States Fish and Wildlife Service relating to “Endangered and Threatened Wildlife and Plants; Endangered Species Status for the San Francisco Bay-Delta Distinct Population Segment of the Longfin Smelt”",On Passage,
119,House,113,2025-05-01,1,114,246,164,0.162,-0.748,-0.523,-1.245,-55.202,HJRES88,Passed,"Congressional disapproval, of the rule submitted by the EPA relating to “California State Motor Vehicle and Engine Pollution Control Standards; Advanced Clean Cars II; Waiver of Preemption; Notice of Decision”",On Passage,
119,House,114,2025-05-05,1,115,376,5,0.0,0.0,0.0,0.0,0.0,HR530,Passed,ACES Act,"On Motion to Suspend the Rules and Pass, as Amended",
119,House,115,2025-05-05,1,116,349,42,0.941,0.339,0.455,-1.208,-63.46,HR36,Passed,MEGOBARI Act,On Motion to Suspend the Rules and Pass,
119,House,116,2025-05-06,1,117,206,200,0.031,0.115,-0.715,0.095,-0.264,HRES377,Passed,"Providing for consideration of the bill (H.R. 276) Gulf of America Act, and providing for consideration of the bill (H.R. 881) DHS Restrictions on Confucius Institutes and Chinese Entities of Concern Act",On Ordering the Previous Question,
119,House,117,2025-05-06,1,118,213,209,0.031,0.116,-0.715,0.094,-0.265,HRES377,Passed,"Providing for consideration of the bill (H.R. 276) Gulf of America Act, and providing for consideration of the bill (H.R. 881) DHS Restrictions on Confucius Institutes and Chinese Entities of Concern Act",On Agreeing to the Resolution,
119,House,118,2025-05-07,1,119,406,1,0.0,0.0,0.0,0.0,0.0,HR1503,Passed,Stop Forced Organ Harvesting Act,On Motion to Suspend the Rules and Pass,
119,House,119,2025-05-07,1,120,266,153,-0.076,-0.296,-0.451,-1.327,-54.51,HR881,Passed,DHS Restrictions on Confucius Institutes and Chinese Entities of Concern Act,On Passage,
119,House,120,2025-05-08,1,121,203,213,-0.082,-0.997,0.518,-0.325,-8.602,HR276,Failed,Gulf of America Act,On Motion to Recommit,
119,House,121,2025-05-08,1,122,211,206,0.09,0.18,-0.417,0.029,-5.189,HR276,Passed,Gulf of America Act,On Passage,
119,House,122,2025-05-13,1,123,411,1,0.0,0.0,0.0,0.0,0.0,HCONRES30,Passed,Expressing support for local law enforcement officers,On Motion to Suspend the Rules and Agree,
119,House,123,2025-05-13,1,124,362,50,0.463,-0.886,1.054,-1.654,-72.343,HR249,Passed,"To redesignate certain facilities at Paterson Great Falls National Historical Park in honor of Congressman Bill Pascrell, Jr.",On Motion to Suspend the Rules and Pass,
119,House,124,2025-05-14,1,125,382,31,0.632,-0.377,0.519,-1.242,-34.058,HR2215,Passed,Salem Maritime National Historical Park Redesignation and Boundary Study Act,On Motion to Suspend the Rules and Pass,
119,House,125,2025-05-14,1,126,216,204,0.03,0.122,-0.714,0.119,-0.261,HRES405,Passed,"Providing for consideration of the bills (H.R. 2240) Improving Law Enforcement Officer Safety and Wellness Through Data Act, (H.R. 2243) LEOSA Reform Act, and (H.R. 2255) Federal Law Enforcement Officer Service Weapon Purchase Act",On Ordering the Previous Question,
119,House,126,2025-05-14,1,127,216,203,0.03,0.121,-0.714,0.119,-0.26,HRES405,Passed,"Providing for consideration of the bills (H.R. 2240) Improving Law Enforcement Officer Safety and Wellness Through Data Act, (H.R. 2243) LEOSA Reform Act, and (H.R. 2255) Federal Law Enforcement Officer Service Weapon Purchase Act",On Agreeing to the Resolution,
119,House,127,2025-05-14,1,128,229,193,0.135,-0.331,-0.467,-1.21,-29.676,HR2243,Passed,LEOSA Reform Act,On Passage,
119,House,128,2025-05-14,1,129,421,1,0.0,0.0,0.0,0.0,0.0,HRES352,Passed,Calling on elected officials and civil society leaders to counter antisemitism and educate the public on the contributions of the Jewish American community,On Motion to Suspend the Rules and Agree,
119,House,129,2025-05-15,1,130,234,182,-0.052,-0.274,-0.58,-0.974,-32.454,HR2255,Passed,Federal Law Enforcement Officer Service Weapon Purchase Act,On Passage,
119,House,130,2025-05-15,1,131,403,11,0.017,-1.0,-0.128,-1.265,-20.124,HR2240,Passed,Improving Law Enforcement Officer Safety and Wellness Through Data Act,On Passage,
119,House,131,2025-05-19,1,132,334,51,0.603,-0.194,0.317,-0.977,-47.392,HR1263,Passed,Strengthening the Quad Act,On Motion to Suspend the Rules and Pass,
119,House,132,2025-05-19,1,133,386,1,0.0,0.0,0.0,0.0,0.0,HR1286,Passed,Simplifying Forms for Veterans Claims Act,"On Motion to Suspend the Rules and Pass, as Amended",
119,House,133,2025-05-20,1,134,215,207,0.03,0.131,-0.714,0.13,-0.258,HRES426,Passed,Providing for consideration of the joint resolutions S.J. Res. 13 and S.J. Res. 31; and waiving a requirement of clause 6(a) of rule XIII with respect to consideration of certain resolutions reported from the Committee on Rules,On Ordering the Previous Question,
119,House,134,2025-05-20,1,135,210,208,-0.12,0.993,-0.622,-0.686,-5.184,HRES426,Passed,Providing for consideration of the joint resolutions S.J. Res. 13 and S.J. Res. 31; and waiving a requirement of clause 6(a) of rule XIII with respect to consideration of certain resolutions reported from the Committee on Rules,On Agreeing to the Resolution,
119,House,135,2025-05-20,1,136,412,11,0.611,-0.791,0.599,-1.79,-21.922,HR1223,Passed,ANCHOR Act,On Motion to Suspend the Rules and Pass,
119,House,136,2025-05-20,1,137,220,207,0.065,-0.205,-0.662,-0.676,-3.954,SJRES13,Passed,Providing for congressional disapproval of the rule submitted by the Office of the Comptroller of the Currency of the Department of the Treasury relating to the review of applications under the Bank Merger Act,On Passage,
119,House,137,2025-05-21,1,138,211,213,0.03,0.123,0.714,-0.125,-0.259,,Failed,,On Motion to Adjourn,
119,House,138,2025-05-22,1,139,217,211,0.03,0.124,-0.714,0.124,-0.261,HRES436,Passed,Providing for consideration of the bill (H.R. 1) to provide for reconciliation pursuant to title II of H. Con. Res. 14,On Consideration of the Resolution,
119,House,139,2025-05-22,1,140,216,211,0.03,0.124,-0.714,0.124,-0.261,HRES436,Passed,Providing for consideration of the bill (H.R. 1) to provide for reconciliation pursuant to title II of H. Con. Res. 14,On Consideration of the Resolution,
119,House,140,2025-05-22,1,141,213,211,0.03,0.124,-0.714,0.124,-0.26,HRES436,Passed,Providing for consideration of the bill (H.R. 1) to provide for reconciliation pursuant to title II of H. Con. Res. 14,On Ordering the Previous Question,
119,House,141,2025-05-22,1,142,217,212,-0.124,0.992,-0.626,-0.682,-5.362,HRES436,Passed,Providing for consideration of the bill (H.R. 1) to provide for reconciliation pursuant to title II of H. Con. Res. 14,On Agreeing to the Resolution,
119,House,142,2025-05-22,1,143,216,212,0.091,0.133,-0.689,-0.468,-1.592,SJRES31,Passed,Providing for congressional disapproval of the rule submitted by the Environmental Protection Agency relating to “Review of Final Rule Reclassification of Major Sources as Area Sources Under Section 112 of the Clean Air Act”,On Passage,
119,House,143,2025-05-22,1,144,212,216,0.03,0.122,0.714,-0.127,-0.257,HR1,Failed,One Big Beautiful Act,On Motion to Recommit,
119,House,144,2025-05-22,1,145,215,214,-0.159,0.987,-0.576,-0.789,-10.199,HR1,Passed,One Big Beautiful Act,On Passage,
119,House,145,2025-06-03,1,146,396,5,0.0,0.0,0.0,0.0,0.0,HR1642,Passed,Connecting Small Businesses with Career and Technical Education Graduates Act,On Motion to Suspend the Rules and Pass,
119,House,146,2025-06-03,1,147,405,3,0.0,0.0,0.0,0.0,0.0,HR1804,Passed,7(a) Loan Agent Oversight Act,On Motion to Suspend the Rules and Pass,
119,House,147,2025-06-04,1,148,213,206,0.029,0.123,-0.714,0.125,-0.26,HRES458,Passed,Providing for consideration of the bills (H.R. 2483) the SUPPORT for Patients and Communities Reauthorization Act; (H.R. 2931) the Save SBA from Sanctuary Cities Act; (H.R. 2966) the American Entrepreneurs First Act; and (H.R. 2987) the CEASE Act,On Ordering the Previous Question,
119,House,148,2025-06-04,1,149,217,208,0.029,0.124,-0.714,0.125,-0.26,HRES458,Passed,Providing for consideration of the bills (H.R. 2483) the SUPPORT for Patients and Communities Reauthorization Act; (H.R. 2931) the Save SBA from Sanctuary Cities Act; (H.R. 2966) the American Entrepreneurs First Act; and (H.R. 2987) the CEASE Act,On Agreeing to the Resolution,
119,House,149,2025-06-04,1,150,213,213,0.048,0.358,0.618,0.89,-5.614,HR2483,Failed,,On Agreeing to the Amendment,
119,House,150,2025-06-04,1,151,366,57,-0.708,0.706,-0.217,-0.116,-125.133,HR2483,Passed,SUPPORT for Patients and Communities Reauthorization Act,On Passage,
119,House,151,2025-06-05,1,152,202,210,-0.167,-0.986,0.488,-0.447,-10.064,HR2931,Failed,Save SBA from Sanctuary Cities Act,On Motion to Recommit,
119,House,152,2025-06-05,1,153,211,199,0.163,-0.987,-0.32,-0.167,-26.826,HR2931,Passed,Save SBA from Sanctuary Cities Act,On Passage,
119,House,153,2025-06-05,1,154,201,212,0.028,0.136,0.713,-0.148,-0.248,HR2987,Failed,CEASE Act,On Motion to Recommit,
119,House,154,2025-06-05,1,155,214,198,0.081,-0.64,-0.384,-0.279,-12.531,HR2987,Passed,CEASE Act,On Passage,
119,House,155,2025-06-06,1,156,217,190,0.101,-0.517,-0.564,-0.886,-19.758,HR2966,Passed,American Entrepreneurs First Act,On Passage,
119,House,156,2025-06-09,1,157,373,14,-0.911,0.412,-0.324,-0.301,-50.899,HR2035,Passed,American Cargo for American Ships Act,On Motion to Suspend the Rules and Pass,
119,House,157,2025-06-09,1,158,280,113,-0.187,-0.426,-0.292,-0.565,-78.893,HRES488,Passed,"Denouncing the antisemitic terrorist attack in Boulder, Colorado",On Motion to Suspend the Rules and Agree,
119,House,158,2025-06-09,1,159,400,0,0.0,0.0,0.0,0.0,0.0,HRES481,Passed,"Condemning the rise in ideologically motivated attacks on Jewish individuals in the United States, including the recent violent assault in Boulder, Colorado, and reaffirming the House of Representatives commitment to combatting antisemitism and politically motivated violence",On Motion to Suspend the Rules and Agree,
119,House,159,2025-06-10,1,160,213,206,0.028,0.123,-0.714,0.133,-0.254,HRES489,Passed,"Providing for consideration of the bills H.R. 884, H.R. 2056, H.R. 2096, S. 331, and for other purposes",On Ordering the Previous Question,
119,House,160,2025-06-10,1,161,211,206,0.028,0.123,-0.714,0.134,-0.253,HRES489,Passed,"Providing for consideration of the bills H.R. 884, H.R. 2056, H.R. 2096, S. 331, and for other purposes",On Agreeing to the Resolution,
119,House,161,2025-06-10,1,162,235,178,-0.433,0.736,-0.532,-1.19,-52.788,HR2096,Passed,Protecting Our Nation’s Capital Emergency Act,On Passage,
119,House,162,2025-06-10,1,163,266,148,-0.293,0.092,-0.486,-0.895,-57.759,HR884,Passed,To prohibit individuals who are not citizens of the United States from voting in elections in the District of Columbia and to repeal the Local Resident Voting Rights Amendment Act of 2022,On Passage,
119,House,163,2025-06-11,1,164,210,204,0.028,0.121,-0.714,0.132,-0.252,HRES499,Passed,Providing for consideration of the bill (H.R. 4) the Rescissions Act; and for other purposes,On Ordering the Previous Question,
119,House,164,2025-06-11,1,165,213,207,-0.126,0.992,-0.625,-0.689,-5.304,HRES499,Passed,Providing for consideration of the bill (H.R. 4) the Rescissions Act; and for other purposes,On Agreeing to the Resolution,
119,House,165,2025-06-12,1,166,321,104,-0.504,0.725,-0.441,-0.414,-88.035,S331,Passed,HALT Fentanyl Act,On Passage,
119,House,166,2025-06-12,1,167,208,218,0.029,0.126,0.714,-0.135,-0.26,HR4,Failed,Rescissions Act,On Motion to Recommit,
119,House,167,2025-06-12,1,168,214,212,0.106,0.465,-0.366,-0.241,-14.068,HR4,Passed,Rescissions Act,On Passage,
119,House,168,2025-06-12,1,169,206,218,0.029,0.126,0.714,-0.135,-0.26,,Failed,,On Motion to Adjourn,
119,House,169,2025-06-12,1,170,205,215,0.029,0.126,0.714,-0.135,-0.26,HR2056,Failed,District of Columbia Federal Immigration Compliance Act,On Motion to Recommit,
119,House,170,2025-06-12,1,171,224,194,-0.175,0.356,-0.586,-0.988,-17.422,HR2056,Passed,District of Columbia Federal Immigration Compliance Act,On Passage,
119,House,171,2025-06-23,1,172,392,14,-0.924,0.383,-0.613,-1.165,-33.255,HR1998,Passed,Sanction Sea Pirates Act,"On Motion to Suspend the Rules and Pass, as Amended",
119,House,172,2025-06-23,1,173,397,12,-0.265,-0.818,-0.225,-1.653,-9.383,HR3394,Passed,Fair Investment Opportunities for Professional Experts Act,"On Motion to Suspend the Rules and Pass, as Amended",
119,House,173,2025-06-23,1,174,321,87,0.345,-0.335,0.388,-1.44,-63.867,HR3422,Passed,Promoting Opportunities for Non-Traditional Capital Formation Act,"On Motion to Suspend the Rules and Pass, as Amended",
119,House,174,2025-06-24,1,175,344,79,-0.135,-0.991,-0.33,-0.632,-84.517,HRES537,Passed,"Impeaching Donald J. Trump, President of the United States, for high crimes and misdemeanors",On Motion to Table,
119,House,175,2025-06-24,1,176,219,208,0.028,0.127,-0.714,0.141,-0.259,HRES530,Passed,"Providing for consideration of the bills H.R. 3944, H.R. 275, H.R. 875, and providing for consideration of the resolution H.Res. 516",On Ordering the Previous Question,
119,House,176,2025-06-24,1,177,217,206,0.028,0.127,-0.714,0.141,-0.258,HRES530,Passed,"Providing for consideration of the bills H.R. 3944, H.R. 275, H.R. 875, and providing for consideration of the resolution H.Res. 516",On Agreeing to the Resolution,
119,House,177,2025-06-24,1,178,191,213,-0.092,0.046,0.29,0.061,-29.551,,Failed,,On Motion to Adjourn,
119,House,178,2025-06-25,1,179,424,0,0.0,0.0,0.0,0.0,0.0,HRES519,Passed,"Condemning the attacks on Minnesota lawmakers in Brooklyn Park and Champlin, Minnesota, and calling for unity and the rejection of political violence in Minnesota and across the United States","On Motion to Suspend the Rules and Agree, as Amended",
119,House,179,2025-06-25,1,180,219,206,0.053,-0.999,-0.304,-0.09,-30.776,HR3944,Agreed to,,On Agreeing to the Amendment,
119,House,180,2025-06-25,1,181,208,216,0.028,0.132,0.714,-0.147,-0.258,HR3944,Failed,"Military Construction, Veterans Affairs, and Related Agencies Appropriations Act, 2026",On Motion to Recommit,
119,House,181,2025-06-25,1,182,218,206,-0.069,0.301,-0.7,-0.346,-3.048,HR3944,Passed,"Military Construction, Veterans Affairs, and Related Agencies Appropriations Act, 2026",On Passage,
119,House,182,2025-06-26,1,183,246,160,-0.17,-0.725,-0.704,-0.4,-54.072,HR875,Passed,Jeremy and Angel Seay and Sergeant Brandon Mendoza Protect Our Communities from DUIs Act,On Passage,
119,House,183,2025-06-26,1,184,231,182,-0.255,0.512,-0.685,-0.498,-38.718,HR275,Passed,Special Interest Alien Reporting Act,On Passage,
119,House,184,2025-06-27,1,185,215,195,-0.154,0.379,-0.602,-0.924,-9.518,HRES516,Passed,"Condemning the violent June 2025 riots in Los Angeles, California",On Agreeing to the Resolution,
119,House,185,2025-07-02,1,186,212,211,0.029,0.127,-0.714,0.145,-0.256,HRES566,Passed,Providing for consideration of the Senate amendment to the bill (H.R. 1) to provide for reconciliation pursuant to title II of H. Con. Res. 14,On Consideration of the Resolution,
119,House,186,2025-07-02,1,187,214,212,0.028,0.128,-0.714,0.143,-0.259,HRES566,Passed,Providing for consideration of the Senate amendment to the bill (H.R. 1) to provide for reconciliation pursuant to title II of H. Con. Res. 14,On Ordering the Previous Question,
119,House,187,2025-07-02,1,188,220,212,0.028,0.128,-0.714,0.143,-0.259,HRES566,Agreed to,,On Agreeing to the Amendment,
119,House,188,2025-07-03,1,189,219,213,0.091,0.138,-0.689,-0.468,-1.592,HRES566,Passed,Providing for consideration of the Senate amendment to the bill (H.R. 1) to provide for reconciliation pursuant to title II of H. Con. Res. 14,"On Agreeing to the Resolution, as Amended",
119,House,189,2025-07-03,1,190,218,214,-0.097,0.944,-0.635,-0.746,-5.96,HR1,Passed,One Big Beautiful Bill Act,On Motion to Concur in the Senate Amendment,
119,House,190,2025-07-14,1,191,360,10,-0.217,-0.976,0.039,-1.098,-33.58,HR1709,Passed,Understanding Cybersecurity of Mobile Networks Act,On Motion to Suspend the Rules and Pass,
119,House,191,2025-07-14,1,192,336,36,0.792,0.313,0.272,-0.185,-68.838,HR1770,Passed,Consumer Safety Technology Act,On Motion to Suspend the Rules and Pass,
119,House,192,2025-07-14,1,193,372,0,0.0,0.0,0.0,0.0,0.0,S1596,Passed,Jocelyn Nungaray National Wildlife Refuge Act,On Motion to Suspend the Rules and Pass,
119,House,193,2025-07-15,1,194,211,210,0.028,0.129,-0.714,0.143,-0.259,HRES580,Passed,"Providing for consideration of the bills (H.R. 4016) Department of Defense Appropriations Act, 2026; (H.R. 3633) CLARITY Act; (H.R. 1919) Anti-CBDC Surveillance State Act; and (S. 1582) GENIUS Act",On Ordering the Previous Question,
119,House,194,2025-07-15,1,195,196,223,-0.263,0.965,-0.463,-1.059,-41.854,HRES580,Failed,"Providing for consideration of the bills (H.R. 4016) Department of Defense Appropriations Act, 2026; (H.R. 3633) CLARITY Act; (H.R. 1919) Anti-CBDC Surveillance State Act; and (S. 1582) GENIUS Act",On Agreeing to the Resolution,
119,House,195,2025-07-15,1,196,380,33,0.723,-0.161,0.597,-1.748,-42.76,HR1717,Passed,Communications Security Act,On Motion to Suspend the Rules and Pass,
119,House,196,2025-07-16,1,197,215,211,0.028,0.128,-0.714,0.142,-0.257,HRES580,Passed,"Providing for consideration of the bills (H.R. 4016) Department of Defense Appropriations Act, 2026; (H.R. 3633) CLARITY Act; (H.R. 1919) Anti-CBDC Surveillance State Act; and (S. 1582) GENIUS Act",On Motion to Reconsider,
119,House,197,2025-07-16,1,198,217,212,-0.133,0.991,-0.563,-0.627,-6.366,HRES580,Passed,"Providing for consideration of the bills (H.R. 4016) Department of Defense Appropriations Act, 2026; (H.R. 3633) CLARITY Act; (H.R. 1919) Anti-CBDC Surveillance State Act; and (S. 1582) GENIUS Act",On Agreeing to the Resolution,
119,House,198,2025-07-17,1,199,294,134,0.098,-0.995,-0.351,-0.814,-98.7,HR3633,Passed,CLARITY Act,On Passage,
119,House,199,2025-07-17,1,200,308,122,-0.588,0.809,-0.264,-0.396,-143.811,S1582,Passed,GENIUS Act,On Passage,
119,House,200,2025-07-17,1,201,219,210,-0.031,0.59,-0.384,-0.01,-9.871,HR1919,Passed,Anti-CBDC Surveillance State Act,On Passage,
119,House,201,2025-07-17,1,202,218,211,0.028,0.13,-0.714,0.146,-0.258,HRES590,Passed,"Relating to consideration of the Senate amendment to the bill (H.R. 4) to rescind certain budget authority proposed to be rescinded in special messages transmitted to the Congress by the President on June 3, 2025, in accordance with section 1012(a) of the Congressional Budget and Impoundment Control Act of 1974",On Ordering the Previous Question,
119,House,202,2025-07-18,1,203,216,213,0.153,-0.116,-0.717,-0.237,-5.417,HRES590,Passed,"Relating to consideration of the Senate amendment to the bill (H.R. 4) to rescind certain budget authority proposed to be rescinded in special messages transmitted to the Congress by the President on June 3, 2025, in accordance with section 1012(a) of the Congressional Budget and Impoundment Control Act of 1974",On Agreeing to the Resolution,
119,House,203,2025-07-18,1,204,63,365,0.346,-0.544,-0.413,1.405,-52.336,HR4016,Failed,,On Agreeing to the Amendment,
119,House,204,2025-07-18,1,205,6,421,0.0,0.0,0.0,0.0,0.0,HR4016,Failed,,On Agreeing to the Amendment,
119,House,205,2025-07-18,1,206,104,326,0.167,-0.88,-0.247,0.559,-99.62,HR4016,Failed,,On Agreeing to the Amendment,
119,House,206,2025-07-18,1,207,6,422,0.0,0.0,0.0,0.0,0.0,HR4016,Failed,,On Agreeing to the Amendment,
119,House,207,2025-07-18,1,208,30,400,0.362,-0.653,-0.306,1.587,-39.348,HR4016,Failed,,On Agreeing to the Amendment,
119,House,208,2025-07-18,1,209,76,353,0.04,-0.858,-0.34,1.327,-83.169,HR4016,Failed,,On Agreeing to the Amendment,
119,House,209,2025-07-18,1,210,76,355,0.103,-0.7,-0.266,1.148,-84.12,HR4016,Failed,,On Agreeing to the Amendment,
119,House,210,2025-07-18,1,211,211,219,0.028,0.13,0.714,-0.146,-0.258,HR4016,Failed,"Department of Defense Appropriations Act, 2026",On Motion to Recommit,
119,House,211,2025-07-18,1,212,221,209,-0.207,0.627,-0.521,-1.174,-17.136,HR4016,Passed,"Department of Defense Appropriations Act, 2026",On Passage,
119,House,212,2025-07-21,1,213,278,121,0.178,-0.98,-0.211,-0.573,-104.666,HR3095,Passed,"To direct the United States Postal Service to designate single, unique ZIP Codes for certain communities, and for other purposes","On Motion to Suspend the Rules and Pass, as Amended",
119,House,213,2025-07-21,1,214,387,12,-0.437,-0.899,-0.053,-1.878,-29.757,HR3351,Passed,Improving Access to Small Business Information Act,"On Motion to Suspend the Rules and Pass, as Amended",
119,House,214,2025-07-22,1,215,410,1,0.0,0.0,0.0,0.0,0.0,HR3937,Passed,Wabeno Economic Development Act,"On Motion to Suspend the Rules and Pass, as Amended",
119,House,215,2025-07-22,1,216,360,57,0.611,-0.792,0.953,-0.331,-63.901,HR1917,Passed,Great Lakes Mass Marking Program Act,"On Motion to Suspend the Rules and Pass, as Amended",
119,House,216,2025-07-23,1,217,381,31,0.47,-0.648,0.584,-1.799,-41.135,HR3357,Passed,Enhancing Multi-Class Share Disclosures Act,"On Motion to Suspend the Rules and Pass, as Amended",
119,House,217,2025-07-23,1,218,399,12,0.561,-0.659,0.35,-1.543,-15.335,HR4275,Passed,Coast Guard Authorization Act,"On Motion to Suspend the Rules and Pass, as Amended",
119,House,218,2025-09-02,1,219,395,20,-0.358,-0.67,-0.338,-1.53,-21.217,HR4216,Passed,Made-in-America Defense Act,"On Motion to Suspend the Rules and Pass, as Amended",
119,House,219,2025-09-02,1,220,407,4,0.0,0.0,0.0,0.0,0.0,HR747,Passed,Stop Chinese Fentanyl Act,"On Motion to Suspend the Rules and Pass, as Amended",
119,House,220,2025-09-03,1,221,212,209,0.028,0.129,-0.714,0.147,-0.259,HRES672,Passed,"Providing for consideration of the bill H.R. 4553 the Energy and Water Development and Related Agencies Appropriations Act, 2026; providing for consideration of the joint resolutions H.J. Res. 104, H.J. Res. 105, and H.J. Res. 106; and for other purposes",On Ordering the Previous Question,
119,House,221,2025-09-03,1,222,212,208,0.027,0.119,-0.714,0.15,-0.25,HRES672,Passed,"Providing for consideration of the bill H.R. 4553 the Energy and Water Development and Related Agencies Appropriations Act, 2026; providing for consideration of the joint resolutions H.J. Res. 104, H.J. Res. 105, and H.J. Res. 106; and for other purposes",On Agreeing to the Resolution,
119,House,222,2025-09-03,1,223,215,207,-0.036,-0.679,0.694,-0.794,-14.637,HRES539,Passed,Censuring Representative LaMonica McIver and removing her from the Committee on Homeland Security.,On Motion to Table,
119,House,223,2025-09-03,1,224,211,208,0.092,0.135,-0.689,-0.463,-1.578,HJRES104,Passed,"Providing for congressional disapproval under chapter 8 of title 5, United States Code, of the rule submitted by the Bureau of Land Management relating to “Miles City Field Office Record of Decision and Approved Resource Management Plan Amendment”",On Passage,
119,House,224,2025-09-03,1,225,215,210,0.091,0.135,-0.689,-0.463,-1.592,HJRES106,Passed,"Providing for congressional disapproval under chapter 8 of title 5, United States Code, of the rule submitted by the Bureau of Land Management relating to “Central Yukon Record of Decision and Approved Resource Management Plan”",On Passage,
119,House,225,2025-09-03,1,226,215,211,0.091,0.135,-0.689,-0.463,-1.592,HJRES105,Passed,"Providing for congressional disapproval under chapter 8 of title 5, United States Code, of the rule submitted by the Bureau of Land Management relating to “North Dakota Field Office Record of Decision and Approved Resource Management Plan”",On Passage,
119,House,226,2025-09-03,1,227,195,235,0.284,-0.042,-0.285,-0.161,-52.499,HR4553,Failed,,On Agreeing to the Amendment,
119,House,227,2025-09-03,1,228,143,285,0.088,-0.996,-0.442,0.758,-83.374,HR4553,Failed,,On Agreeing to the Amendment,
119,House,228,2025-09-03,1,229,77,347,0.197,-0.702,-0.243,0.808,-81.614,HR4553,Failed,,On Agreeing to the Amendment,
119,House,229,2025-09-03,1,230,140,286,0.178,-0.597,-0.304,0.623,-84.803,HR4553,Failed,,On Agreeing to the Amendment,
119,House,230,2025-09-03,1,231,120,306,0.122,-0.821,-0.227,0.514,-105.469,HR4553,Failed,,On Agreeing to the Amendment,
119,House,231,2025-09-03,1,232,124,303,0.249,-0.969,-0.308,0.38,-93.427,HR4553,Failed,,On Agreeing to the Amendment,
119,House,232,2025-09-03,1,233,127,299,0.226,-0.699,-0.248,0.428,-95.142,HR4553,Failed,,On Agreeing to the Amendment,
119,House,233,2025-09-03,1,234,120,307,0.107,-0.994,-0.263,0.522,-101.405,HR4553,Failed,,On Agreeing to the Amendment,
119,House,234,2025-09-04,1,235,120,302,0.274,-0.955,-0.35,0.421,-87.437,HR4553,Failed,,On Agreeing to the Amendment,
119,House,235,2025-09-04,1,236,127,297,0.462,0.035,-0.276,0.318,-83.117,HR4553,Failed,,On Agreeing to the Amendment,
119,House,236,2025-09-04,1,237,76,351,-0.055,-0.998,-0.255,1.003,-95.574,HR4553,Failed,,On Agreeing to the Amendment,
119,House,237,2025-09-04,1,238,209,218,0.028,0.129,0.714,-0.147,-0.259,HR4553,Failed,"Energy and Water Development and Related Agencies Appropriations Act, 2026",On Motion to Recommit,
119,House,238,2025-09-04,1,239,214,213,-0.163,0.987,-0.583,-0.909,-14.182,HR4553,Passed,"Energy and Water Development and Related Agencies Appropriations Act, 2026",On Passage,
119,House,239,2025-09-08,1,240,397,1,0.0,0.0,0.0,0.0,0.0,HR3424,Passed,SPACE Act,On Motion to Suspend the Rules and Pass,
119,House,240,2025-09-08,1,241,402,0,0.0,0.0,0.0,0.0,0.0,HR3425,Passed,POST Act,"On Motion to Suspend the Rules and Pass, as Amended",
119,House,241,2025-09-09,1,242,213,207,0.028,0.129,-0.714,0.148,-0.259,HRES682,Passed,"Providing for consideration of the bill (H.R. 3838) Streamlining Procurement for Effective Execution and Delivery and National Defense Authorization Act for FY 2026, and providing for consideration of the bill (H.R. 3486) Stop Illegal Entry Act, and for other purposes",On Ordering the Previous Question,
119,House,242,2025-09-09,1,243,210,207,-0.03,-0.848,-0.668,0.377,-5.714,HRES682,Passed,"Providing for consideration of the bill (H.R. 3838) Streamlining Procurement for Effective Execution and Delivery and National Defense Authorization Act for FY 2026, and providing for consideration of the bill (H.R. 3486) Stop Illegal Entry Act, and for other purposes",On Agreeing to the Resolution,
119,House,243,2025-09-10,1,244,261,167,-0.299,0.954,0.271,0.903,-103.697,HR3838,Agreed to,,On Agreeing to the Amendment,
119,House,244,2025-09-10,1,245,221,210,0.035,0.07,-0.534,-1.147,-8.685,HR3838,Agreed to,,On Agreeing to the Amendment,
119,House,245,2025-09-10,1,246,221,207,0.385,-0.923,-0.551,-0.962,-23.564,HR3838,Agreed to,,On Agreeing to the Amendment,
119,House,246,2025-09-10,1,247,227,201,-0.181,0.388,-0.628,-0.816,-15.869,HR3838,Agreed to,,On Agreeing to the Amendment,
119,House,247,2025-09-10,1,248,221,210,0.035,0.07,-0.534,-1.147,-8.682,HR3838,Agreed to,,On Agreeing to the Amendment,
119,House,248,2025-09-10,1,249,219,209,0.012,0.14,-0.555,-1.088,-7.007,HR3838,Agreed to,,On Agreeing to the Amendment,
119,House,249,2025-09-10,1,250,209,224,0.32,-0.947,-0.272,-0.207,-54.903,HR3838,Failed,,On Agreeing to the Amendment,
119,House,250,2025-09-10,1,251,224,208,-0.005,0.149,-0.533,-1.241,-15.229,HR3838,Agreed to,,On Agreeing to the Amendment,
119,House,251,2025-09-10,1,252,228,205,-0.284,0.959,-0.475,-0.592,-24.913,HR3838,Agreed to,,On Agreeing to the Amendment,
119,House,252,2025-09-10,1,253,222,210,-0.071,0.402,-0.307,-0.436,-19.135,HR3838,Agreed to,,On Agreeing to the Amendment,
119,House,253,2025-09-10,1,254,194,236,0.289,-0.637,-0.196,-0.099,-86.16,HR3838,Failed,,On Agreeing to the Amendment,
119,House,254,2025-09-10,1,255,60,372,0.015,-0.907,-0.333,1.49,-76.378,HR3838,Failed,,On Agreeing to the Amendment,
119,House,255,2025-09-10,1,256,60,370,0.171,-0.698,-0.263,1.168,-69.164,HR3838,Failed,,On Agreeing to the Amendment,
119,House,256,2025-09-10,1,257,9,422,0.0,0.0,0.0,0.0,0.0,HR3838,Failed,,On Agreeing to the Amendment,
119,House,257,2025-09-10,1,258,219,211,-0.067,-0.24,-0.604,0.928,-8.02,HR3838,Agreed to,,On Agreeing to the Amendment,
119,House,258,2025-09-10,1,259,200,228,0.519,-0.855,-0.5,-0.786,-45.014,HR3838,Failed,,On Agreeing to the Amendment,
119,House,259,2025-09-10,1,260,430,3,0.0,0.0,0.0,0.0,0.0,HR3838,Agreed to,,On Agreeing to the Amendment,
119,House,260,2025-09-10,1,261,208,219,-0.068,-0.154,0.713,-0.404,-4.3,HR3838,Failed,Streamlining Procurement for Effective Execution and Delivery and National Defense Authorization Act for Fiscal Year 2026,On Motion to Recommit,
119,House,261,2025-09-10,1,262,231,196,-0.387,0.846,-0.604,-1.237,-43.375,HR3838,Passed,Streamlining Procurement for Effective Execution and Delivery and National Defense Authorization Act for Fiscal Year 2026,On Passage,
119,House,262,2025-09-11,1,263,211,213,0.088,0.801,1.066,0.214,-8.08,HR3944,Failed,"Military Construction, Veterans Affairs, and Related Agencies Appropriations Act, 2026",On Motion to Instruct Conferees,
119,House,263,2025-09-11,1,264,226,197,-0.104,0.18,-0.535,-1.142,-15.857,HR3486,Passed,Stop Illegal Entry Act,On Passage,
119,House,264,2025-09-15,1,265,200,198,-0.101,0.995,-0.779,-0.9,-9.414,HJRES117,Passed,"Relating to a national emergency by the President on July 30, 2025",On Motion to Table the Motion to Discharge Committee,
119,House,265,2025-09-15,1,266,371,21,0.888,0.46,0.906,-0.886,-32.618,HR3400,Passed,TRAVEL Act,"On Motion to Suspend the Rules and Pass, as Amended",
119,House,266,2025-09-16,1,267,213,207,0.028,0.129,-0.714,0.15,-0.258,HRES707,Passed,"Providing for consideration of the bills H.R. 4922, H.R. 5143, H.R. 5140, H.R. 5125, H.R. 1047, H.R. 3015, and H.R. 3062; and for other purposes",On Ordering the Previous Question,
119,House,267,2025-09-16,1,268,213,211,-0.067,0.998,-0.422,-0.42,-14.303,HRES707,Passed,"Providing for consideration of the bills H.R. 4922, H.R. 5143, H.R. 5140, H.R. 5125, H.R. 1047, H.R. 3015, and H.R. 3062; and for other purposes",On Agreeing to the Resolution,
119,House,268,2025-09-16,1,269,413,0,0.0,0.0,0.0,0.0,0.0,HR2721,Passed,Honoring our Heroes Act,"On Motion to Suspend the Rules and Pass, as Amended",
119,House,269,2025-09-16,1,270,240,179,-0.398,0.917,-0.537,-0.687,-51.93,HR4922,Passed,DC CRIMES Act,On Passage,
119,House,270,2025-09-16,1,271,225,203,-0.277,0.849,-0.611,-0.9,-17.362,HR5140,Passed,To lower the age at which a minor may be tried as an adult for certain criminal offenses in the District of Columbia to 14 years of age,On Passage,
119,House,271,2025-09-17,1,272,213,207,0.028,0.128,-0.714,0.149,-0.257,HRES722,Passed,"Providing for consideration of the bill (H.R. 5371) Continuing Appropriations and Extensions Act, 2026; providing for consideration of the resolution (H. Res. 719) honoring the life and legacy of Charles “Charlie” James Kirk; and for other purposes",On Ordering the Previous Question,
119,House,272,2025-09-17,1,273,216,210,0.028,0.128,-0.714,0.149,-0.257,HRES722,Passed,"Providing for consideration of the bill (H.R. 5371) Continuing Appropriations and Extensions Act, 2026; providing for consideration of the resolution (H. Res. 719) honoring the life and legacy of Charles “Charlie” James Kirk; and for other purposes",On Agreeing to the Resolution,
119,House,273,2025-09-17,1,274,218,211,0.028,0.13,-0.714,0.151,-0.258,HR5125,Passed,District of Columbia Judicial Nominations Reform Act,On Passage,
119,House,274,2025-09-17,1,275,245,182,-0.244,0.237,-0.642,-0.74,-36.051,HR5143,Passed,District of Columbia Policing Protection Act,On Passage,
119,House,275,2025-09-17,1,276,214,213,-0.014,0.955,0.301,0.199,-24.232,HRES713,Passed,Censuring Representative Ilhan Omar of Minnesota and removing her from the Committee on Education and Workforce and the Committee on the Budget,On Motion to Table,
119,House,276,2025-09-18,1,277,224,203,0.012,-0.038,-0.54,-1.148,-15.949,HR3062,Passed,Promoting Cross-border Energy Infrastructure Act,On Passage,
119,House,277,2025-09-18,1,278,217,209,0.122,-0.013,-0.533,-1.328,-16.314,HR3015,Passed,National Coal Council Reestablishment Act,On Passage,
119,House,278,2025-09-18,1,279,216,206,-0.027,0.139,-0.542,-1.099,-11.424,HR1047,Passed,GRID Power Act,On Passage,
119,House,279,2025-09-19,1,280,210,218,0.028,0.13,0.714,-0.15,-0.259,HR5371,Failed,"Continuing Appropriations and Extensions Act, 2026",On Motion to Recommit,
119,House,280,2025-09-19,1,281,217,212,-0.197,0.98,-0.629,-0.904,-10.835,HR5371,Passed,"Continuing Appropriations and Extensions Act, 2026",On Passage,
119,House,281,2025-09-19,1,282,310,58,-0.462,0.887,-0.392,-0.089,-71.397,HRES719,Passed,Honoring the life and legacy of Charles “Charlie” James Kirk,On Agreeing to the Resolution,
119,House,282,2025-11-12,1,283,216,213,0.028,0.13,-0.714,0.151,-0.259,HRES873,Passed,"Providing for consideration of the Senate amendment to the bill (H.R. 5371) making continuing appropriations and extensions for fiscal year 2026, and for other purposes",On Ordering the Previous Question,
119,House,283,2025-11-12,1,284,213,209,0.028,0.131,-0.714,0.151,-0.259,HRES873,Passed,"Providing for consideration of the Senate amendment to the bill (H.R. 5371) making continuing appropriations and extensions for fiscal year 2026, and for other purposes",On Agreeing to the Resolution,
119,House,284,2025-11-12,1,285,222,209,-0.26,0.787,-0.558,-1.048,-16.77,HR5371,Passed,"Continuing Appropriations and Extensions Act, 2026",On Motion to Concur in the Senate Amendment,
119,House,285,2025-11-17,1,286,400,15,0.364,-0.883,0.325,-1.573,-23.776,HR1608,Passed,Department of Homeland Security Vehicular Terrorism Prevention and Mitigation Act,"On Motion to Suspend the Rules and Pass, as Amended",
119,House,286,2025-11-17,1,287,402,8,0.0,0.0,0.0,0.0,0.0,HR2659,Passed,Strengthening Cyber Resilience Against State-Sponsored Threats Act,On Motion to Suspend the Rules and Pass,
119,House,287,2025-11-17,1,288,206,211,-0.069,0.301,0.695,0.396,-2.948,HRES878,Failed,Disapproving the behavior of Representative Jesus G. “Chuy” Garcia of Illinois,On Motion to Table,
119,House,288,2025-11-18,1,289,427,1,0.0,0.0,0.0,0.0,0.0,HR4405,Passed,Epstein Files Transparency Act,On Motion to Suspend the Rules and Pass,
119,House,289,2025-11-18,1,290,217,211,0.028,0.131,-0.713,0.153,-0.258,HRES879,Passed,"Providing for consideration of the joint resolutions S.J. Res. 80, H.J. Res. 130, and H.J. Res. 131; providing for consideration of the concurrent resolution H. Con. Res. 58; providing for consideration of the bills H.R. 1949, H.R. 3109, H.R. 5107, and H.R. 5214; and for other purposes",On Ordering the Previous Question,
119,House,290,2025-11-18,1,291,217,210,-0.001,-0.005,-0.344,-0.0,-8.307,HRES879,Passed,"Providing for consideration of the joint resolutions S.J. Res. 80, H.J. Res. 130, and H.J. Res. 131; providing for consideration of the concurrent resolution H. Con. Res. 58; providing for consideration of the bills H.R. 1949, H.R. 3109, H.R. 5107, and H.R. 5214; and for other purposes",On Agreeing to the Resolution,
119,House,291,2025-11-18,1,292,236,183,-0.132,-0.633,-0.417,-0.199,-45.688,HRES878,Passed,Disapproving the behavior of Representative Jesus G. “Chuy” Garcia of Illinois,On Agreeing to the Resolution,
119,House,292,2025-11-18,1,293,213,214,-0.044,0.999,0.37,0.266,-13.39,HRES888,Failed,Censuring and condemning Delegate Stacey Plaskett and removing her from the House Permanent Select Committee on Intelligence for conduct that reflects discreditably on the House of Representatives for colluding with convicted felony sex offender Jeffrey Epstein during a congressional hearing,On Motion to Refer,
119,House,293,2025-11-18,1,294,214,212,0.09,0.138,-0.689,-0.461,-1.591,HJRES130,Passed,"Providing for congressional disapproval under chapter 8 of title 5, United States Code, of the rule submitted by the Bureau of Land Management relating to “Buffalo Field Office Record of Decision and Approved Resource Management Plan Amendment”",On Passage,
119,House,294,2025-11-18,1,295,217,209,0.173,-0.281,-0.571,-1.077,-9.502,HJRES131,Passed,"Providing for congressional disapproval under chapter 8 of title 5, United States Code, of the rule submitted by the Bureau of Land Management relating to “Coastal Plain Oil and Gas Leasing Program Record of Decision”",On Passage,
119,House,295,2025-11-18,1,296,216,209,0.173,-0.281,-0.571,-1.077,-9.502,SJRES80,Passed,"Providing for congressional disapproval under chapter 8 of title 5, United States Code, of the rule submitted by the Bureau of Land Management relating to “National Petroleum Reserve in Alaska Integrated Activity Plan Record of Decision",On Passage,
119,House,296,2025-11-18,1,297,209,214,-0.005,1.0,-0.349,-0.214,-16.312,HRES888,Failed,Censuring and condemning Delegate Stacey Plaskett and removing her from the House Permanent Select Committee on Intelligence for conduct that reflects discreditably on the House of Representatives for colluding with convicted felony sex offender Jeffrey Epstein during a congressional hearing,On Agreeing to the Resolution,
119,House,297,2025-11-19,1,298,237,179,-0.234,0.224,-0.609,-0.882,-29.402,HR5214,Passed,District of Columbia Cash Bail Reform Act,On Passage,
119,House,298,2025-11-19,1,299,233,190,-0.206,0.231,-0.656,-0.656,-27.707,HR5107,Passed,CLEAN DC Act,On Passage,
119,House,299,2025-11-19,1,300,380,45,0.476,-0.629,0.256,-0.647,-57.791,HR4058,Passed,Enhancing Stakeholder Support and Outreach for Preparedness Grants Act,On Motion to Suspend the Rules and Pass,
119,House,300,2025-11-19,1,301,426,0,0.0,0.0,0.0,0.0,0.0,HR6019,Passed,"To repeal certain provisions relating to notification to Senate offices regarding legal process on disclosure of Senate data, and for other purposes",On Motion to Suspend the Rules and Pass,
119,House,301,2025-11-19,1,302,310,103,-0.296,0.955,-0.155,0.093,-162.432,HRES893,Passed,Censuring Representative Cory Mills and Removing Him From the Committee on Armed Services and the Committee on Foreign Affairs,On Motion to Refer,
119,House,302,2025-11-20,1,303,230,176,0.101,-0.284,-0.427,-1.345,-37.37,HR3109,Passed,REFINER Act,On Passage,
119,House,303,2025-11-20,1,304,217,188,0.227,-0.513,-0.509,-1.205,-25.684,HR1949,Passed,Unlocking our Domestic LNG Potential Act,On Passage,
119,House,304,2025-11-21,1,305,285,98,-0.303,-0.257,-0.411,-0.62,-61.55,HCONRES58,Passed,Denouncing the horrors of socialism,On Agreeing to the Resolution,
119,House,305,2025-12-01,1,306,386,0,0.0,0.0,0.0,0.0,0.0,HR5348,Passed,Social Security Child Protection Act,"On Motion to Suspend the Rules and Pass, as Amended",
119,House,306,2025-12-01,1,307,385,0,0.0,0.0,0.0,0.0,0.0,HR4423,Passed,No New Burma Funds Act,"On Motion to Suspend the Rules and Pass, as Amended",
119,House,307,2025-12-02,1,308,210,205,0.028,0.132,-0.713,0.153,-0.257,HRES916,Passed,Providing for consideration of the bills (H.R. 4312) SCORE Act; (H.R. 1005) CLASS Act; (H.R. 1049) Transparency in Reporting of Adversarial Contributions to Education Act; (H.R. 1069) PROTECT Our Kids Act; (H.R. 2965) Small Business Regulatory Reduction Act; and (H.R. 4305) DUMP Red Tape Act,On Ordering the Previous Question,
119,House,308,2025-12-02,1,309,210,209,-0.179,0.984,-0.523,-0.801,-14.908,HRES916,Passed,Providing for consideration of the bills (H.R. 4312) SCORE Act; (H.R. 1005) CLASS Act; (H.R. 1049) Transparency in Reporting of Adversarial Contributions to Education Act; (H.R. 1069) PROTECT Our Kids Act; (H.R. 2965) Small Business Regulatory Reduction Act; and (H.R. 4305) DUMP Red Tape Act,On Agreeing to the Resolution,
119,House,309,2025-12-03,1,310,223,190,-0.162,0.208,-0.578,-0.998,-24.464,HR2965,Passed,Small Business Regulatory Reduction Act,On Passage,
119,House,310,2025-12-03,1,311,269,146,-0.302,0.085,-0.529,-0.588,-62.027,HR4305,Passed,DUMP Red Tape Act,On Passage,
119,House,311,2025-12-03,1,312,242,176,-0.225,0.149,-0.605,-0.918,-37.217,HR1005,Passed,CLASS Act,On Passage,
119,House,312,2025-12-04,1,313,247,164,-0.233,0.147,-0.586,-0.975,-35.92,HR1069,Passed,PROTECT Our Kids Act,On Passage,
119,House,313,2025-12-04,1,314,247,166,-0.012,-0.424,-0.562,-1.163,-46.639,HR1049,Passed,TRACE Act,On Passage,
119,House,314,2025-12-09,1,315,399,5,0.0,0.0,0.0,0.0,0.0,S356,Passed,Secure Rural Schools Reauthorization Act,On Motion to Suspend the Rules and Pass,
119,House,315,2025-12-09,1,316,400,0,0.0,0.0,0.0,0.0,0.0,HR1676,Passed,Make SWAPs Efficient Act,"On Motion to Suspend the Rules and Pass, as Amended",
119,House,316,2025-12-10,1,317,216,210,0.028,0.131,-0.713,0.155,-0.258,HRES936,Passed,"Providing for consideration of the bills H.R. 3898, H.R. 3383, H.R. 3638, H.R. 3628, H.R. 3668, and S. 1071; and for other purposes",On Ordering the Previous Question,
119,House,317,2025-12-10,1,318,215,211,-0.122,0.992,-0.627,-0.682,-5.341,HRES936,Passed,"Providing for consideration of the bills H.R. 3898, H.R. 3383, H.R. 3638, H.R. 3628, H.R. 3668, and S. 1071; and for other purposes",On Agreeing to the Resolution,
119,House,318,2025-12-10,1,319,209,216,0.028,0.13,0.713,-0.153,-0.256,S1071,Failed,"To require the Secretary of Veterans Affairs to disinter the remains of Fernando V. Cota from Fort Sam Houston National Cemetery, Texas, and for other purposes",On Motion to Commit,
119,House,319,2025-12-10,1,320,312,112,0.326,-0.34,-0.096,-1.548,-125.117,S1071,Passed,"To require the Secretary of Veterans Affairs to disinter the remains of Fernando V. Cota from Fort Sam Houston National Cemetery, Texas, and for other purposes",On Passage,
119,House,320,2025-12-10,1,321,222,200,0.274,0.03,0.638,0.762,-16.743,HRES432,Passed,"Providing for consideration of the bill (H.R. 2550) to nullify the Executive Order relating to Exclusions from Federal Labor-Management Relations Programs, and for other purposes",On Motion to Discharge,
119,House,321,2025-12-11,1,322,237,140,-0.061,-0.44,-0.57,-0.935,-29.762,HRES939,Passed,"Impeaching Donald John Trump, President of the United States for high crimes and misdemeanors",On Motion to Table,
119,House,322,2025-12-11,1,323,218,207,-0.02,0.215,-0.292,-0.385,-18.344,HR3628,Passed,State Planning for Reliability and Affordability Act,On Passage,
119,House,323,2025-12-11,1,324,267,159,-0.008,-1.0,-0.448,-0.617,-75.403,HR3638,Passed,Electric Supply Chain Act,On Passage,
119,House,324,2025-12-11,1,325,54,374,0.354,-0.618,-0.16,0.601,-81.951,HR3383,Failed,,On Agreeing to the Amendment,
119,House,325,2025-12-11,1,326,211,219,-0.028,1.0,0.25,0.065,-45.451,HR3383,Failed,,On Agreeing to the Amendment,
119,House,326,2025-12-11,1,327,214,215,-0.179,0.984,0.51,0.682,-13.882,HR3383,Failed,,On Agreeing to the Amendment,
119,House,327,2025-12-11,1,328,302,123,-0.115,-0.828,-0.273,-0.432,-97.728,HR3383,Passed,Increasing Investor Opportunities Act,On Passage,
119,House,328,2025-12-11,1,329,210,216,0.026,0.126,0.714,-0.152,-0.252,HR3898,Failed,PERMIT Act,On Motion to Recommit,
119,House,329,2025-12-11,1,330,221,205,-0.025,0.149,-0.528,-1.171,-10.763,HR3898,Passed,PERMIT Act,On Passage,
119,House,330,2025-12-11,1,331,232,194,0.128,0.728,0.599,0.89,-38.924,HRES432,Passed,"Providing for consideration of the bill (H.R. 2550) to nullify the Executive Order relating to Exclusions from Federal Labor-Management Relations Programs, and for other purposes",On Agreeing to the Resolution,
119,House,331,2025-12-11,1,332,231,195,0.301,0.081,0.654,0.678,-23.629,HR2550,Passed,Protect America’s Workforce Act,On Passage,
119,House,332,2025-12-12,1,333,194,204,0.028,0.131,0.713,-0.159,-0.257,HR3668,Failed,Improving Interagency Coordination for Pipeline Reviews Act,On Motion to Recommit,
119,House,333,2025-12-12,1,334,213,184,-0.076,0.276,-0.492,-1.254,-11.506,HR3668,Passed,Improving Interagency Coordination for Pipeline Reviews Act,On Passage,
119,House,334,2025-12-15,1,335,370,22,0.66,-0.407,0.484,-1.29,-20.396,S284,Passed,Congressional Award Program Reauthorization Act,On Motion to Suspend the Rules and Pass,
119,House,335,2025-12-15,1,336,388,0,0.0,0.0,0.0,0.0,0.0,HR3187,Passed,"To require the Secretary of Agriculture to convey a parcel of property of the Forest Service to Perry County, Arkansas, and for other purposes","On Motion to Suspend the Rules and Pass, as Amended",
119,House,336,2025-12-16,1,337,215,207,0.028,0.132,-0.713,0.156,-0.257,HRES951,Passed,Providing for consideration of the bills (H.R. 4776) the SPEED Act; (H.R. 1366) the Mining Regulatory Clarity Act: (H.R. 845) the Pet and Livestock Protection Act; (H.R. 3616) the Reliable Power Act; (H.R. 3632) the Power Plant Reliability Act; and (H.R. 4371) the Kayla Hamilton Act,On Ordering the Previous Question,
119,House,337,2025-12-16,1,338,215,209,-0.094,0.86,-0.633,-0.841,-6.989,HRES951,Passed,Providing for consideration of the bills (H.R. 4776) the SPEED Act; (H.R. 1366) the Mining Regulatory Clarity Act: (H.R. 845) the Pet and Livestock Protection Act; (H.R. 3616) the Reliable Power Act; (H.R. 3632) the Power Plant Reliability Act; and (H.R. 4371) the Kayla Hamilton Act,On Agreeing to the Resolution,
119,House,338,2025-12-16,1,339,208,218,0.027,0.131,0.713,-0.156,-0.258,HR4371,Failed,Kayla Hamilton Act,On Motion to Recommit,
119,House,339,2025-12-16,1,340,225,201,-0.09,0.241,-0.555,-1.08,-8.314,HR4371,Passed,Kayla Hamilton Act,On Passage,
119,House,340,2025-12-16,1,341,207,218,0.027,0.13,0.713,-0.155,-0.258,HR3632,Failed,Power Plant Reliability Act,On Motion to Recommit,
119,House,341,2025-12-16,1,342,222,202,-0.266,0.693,-0.483,-1.091,-26.923,HR3632,Passed,Power Plant Reliability Act,On Passage,
119,House,342,2025-12-17,1,343,204,203,0.039,0.185,-0.716,0.086,-0.19,HRES953,Passed,Providing for consideration of the bills (H.R. 6703) Lower Health Care Premiums for All Americans Act; (H.R. 498) Do No Harm in Medicaid Act; and (H.R. 3492) Protect Children’s Innocence Act; and relating to consideration of the bill (H.R. 4776) SPEED Act,On Ordering the Previous Question,
119,House,343,2025-12-17,1,344,213,209,0.011,-0.263,-0.678,0.603,-3.722,HRES953,Passed,Providing for consideration of the bills (H.R. 6703) Lower Health Care Premiums for All Americans Act; (H.R. 498) Do No Harm in Medicaid Act; and (H.R. 3492) Protect Children’s Innocence Act; and relating to consideration of the bill (H.R. 4776) SPEED Act,On Agreeing to the Resolution,
119,House,344,2025-12-17,1,345,210,216,0.015,0.245,0.403,0.863,-15.408,HCONRES61,Failed,"Directing the President, pursuant to section 5(c) of the War Powers Resolution, to remove United States Armed Forces from hostilities with presidentially designated terrorist organizations in the Western Hemisphere",On Agreeing to the Resolution,
119,House,345,2025-12-17,1,346,211,213,-0.198,0.98,0.614,0.969,-15.954,HCONRES64,Failed,To direct the removal of United States Armed Forces from hostilities within or against Venezuela that have not been authorized by Congress,On Agreeing to the Resolution,
119,House,346,2025-12-17,1,347,225,203,-0.149,0.378,-0.607,-0.893,-11.946,HR3616,Passed,Reliable Power Act,On Passage,
119,House,347,2025-12-17,1,348,210,218,0.027,0.13,0.713,-0.157,-0.258,HR6703,Failed,Lower Health Care Premiums for All Americans Act,On Motion to Recommit,
119,House,348,2025-12-17,1,349,216,211,-0.122,0.992,-0.629,-0.681,-5.364,HR6703,Passed,Lower Health Care Premiums for All Americans Act,On Passage,
119,House,349,2025-12-17,1,350,210,218,0.027,0.13,0.713,-0.157,-0.258,HR3492,Failed,Protect Children’s Innocence Act,On Motion to Recommit,
119,House,350,2025-12-17,1,351,216,211,-0.075,0.457,-0.385,-0.902,-20.562,HR3492,Passed,Protect Children’s Innocence Act,On Passage,
119,House,351,2025-12-18,1,352,205,220,0.443,-0.749,-0.608,-0.95,-22.419,HR4776,Failed,,On Agreeing to the Amendment,
119,House,352,2025-12-18,1,353,208,214,0.315,-0.949,-0.466,-0.413,-18.649,HR4776,Failed,,On Agreeing to the Amendment,
119,House,353,2025-12-18,1,354,204,217,0.4,-0.911,-0.648,-0.761,-19.884,HR4776,Failed,,On Agreeing to the Amendment,
119,House,354,2025-12-18,1,355,206,211,-0.036,0.241,0.709,0.279,-2.276,HR4776,Failed,SPEED Act,On Motion to Recommit,
119,House,355,2025-12-18,1,356,221,196,0.121,-0.228,-0.419,-1.092,-24.687,HR4776,Passed,SPEED Act,On Passage,
119,House,356,2025-12-18,1,357,205,213,0.046,0.706,0.355,-0.1,-9.9,HR1366,Failed,Mining Regulatory Clarity Act,On Motion to Recommit,
119,House,357,2025-12-18,1,358,219,198,-0.068,0.14,-0.375,-0.702,-20.782,HR1366,Passed,Mining Regulatory Clarity Act,On Passage,
119,House,358,2025-12-18,1,359,204,213,0.149,0.989,0.527,-0.401,-8.092,HR845,Failed,Pet and Livestock Protection Act,On Motion to Recommit,
119,House,359,2025-12-18,1,360,211,204,-0.084,0.388,-0.464,-1.262,-19.876,HR845,Passed,Pet and Livestock Protection Act,On Passage,
119,House,360,2025-12-18,1,361,204,212,0.027,0.129,0.713,-0.16,-0.258,HR498,Failed,Do No Harm in Medicaid Act,On Motion to Recommit,
119,House,361,2025-12-18,1,362,215,201,0.009,0.062,-0.566,-1.052,-7.45,HR498,Passed,Do No Harm in Medicaid Act,On Passage,
119,House,362,2026-01-07,2,2,213,211,0.027,0.129,-0.713,0.16,-0.258,HRES977,Passed,"Providing for consideration of the bill (H.R. 4593) the SHOWER Act; providing for consideration of the bill (H.R. 5184) the Affordable HOMES Act; and providing for consideration of the bill (H.R. 6938) making consolidated appropriations for the fiscal year ending September 30, 2026, and for other purposes",On Ordering the Previous Question,
119,House,363,2026-01-07,2,3,214,212,0.027,0.129,-0.713,0.16,-0.258,HRES977,Passed,"Providing for consideration of the bill (H.R. 4593) the SHOWER Act; providing for consideration of the bill (H.R. 5184) the Affordable HOMES Act; and providing for consideration of the bill (H.R. 6938) making consolidated appropriations for the fiscal year ending September 30, 2026, and for other purposes",On Agreeing to the Resolution,
119,House,364,2026-01-07,2,4,221,205,0.194,0.527,0.703,0.3,-16.896,HRES780,Passed,Providing for consideration of the bill (H.R. 1834) to advance policy priorities that will break the gridlock,On Motion to Discharge,
119,House,365,2026-01-08,2,5,375,47,0.846,0.178,0.294,-0.775,-76.024,HR6938,Passed,"Commerce, Justice, Science; Energy and Water Development; and Interior and Environment Appropriations Act, 2026",On Retaining Division A,
119,House,366,2026-01-08,2,6,419,6,0.0,0.0,0.0,0.0,0.0,HR6938,Passed,"Commerce, Justice, Science; Energy and Water Development; and Interior and Environment Appropriations Act, 2026",On Retaining Divisions B and C,
119,House,367,2026-01-08,2,7,397,28,0.67,-0.428,0.165,-0.765,-63.691,HR6938,Passed,"Commerce, Justice, Science; Energy and Water Development; and Interior and Environment Appropriations Act, 2026",On Passage,
119,House,368,2026-01-08,2,8,236,188,0.261,0.965,0.315,0.01,-51.133,HR504,Failed,Miccosukee Reserved Area Amendments Act,"Passage, Objections of the President To The Contrary Notwithstanding",
119,House,369,2026-01-08,2,9,248,177,0.18,0.984,0.235,0.15,-83.164,HR131,Failed,Finish the Arkansas Valley Conduit Act,"Passage, Objections of the President To The Contrary Notwithstanding",
119,House,370,2026-01-08,2,10,224,202,0.11,0.994,0.529,0.382,-24.442,HRES780,Passed,Providing for consideration of the bill (H.R. 1834) to advance policy priorities that will break the gridlock,On Agreeing to the Resolution,
119,House,371,2026-01-08,2,11,230,196,0.174,0.985,0.557,0.337,-33.964,HR1834,Passed,Breaking the Gridlock Act,On Passage,
119,House,372,2026-01-09,2,12,263,147,-0.209,-0.418,-0.331,-0.32,-77.45,HR5184,Passed,Affordable HOMES Act,On Passage,
119,House,373,2026-01-12,2,13,369,22,0.617,-0.487,0.44,-1.382,-21.607,HR2683,Passed,Remote Access Security Act,"On Motion to Suspend the Rules and Pass, as Amended",
119,House,374,2026-01-12,2,14,340,54,0.917,0.4,0.349,-0.931,-83.493,HR6500,Passed,AGOA Extension Act,"On Motion to Suspend the Rules and Pass, as Amended",
119,House,375,2026-01-12,2,15,345,45,0.383,-0.56,0.285,-1.043,-47.437,HR6504,Passed,Haiti Economic Lift Program Extension Act,"On Motion to Suspend the Rules and Pass, as Amended",
119,House,376,2026-01-13,2,16,206,205,0.027,0.122,-0.713,0.164,-0.255,HRES988,Passed,Providing for consideration of (H.R. 2988) Protecting Prudent Investment of Retirement Savings Act; (H.R. 2262) Flexibility for Workers Education Act; (H.R. 2270) Empowering Employer Child and Elder Care Solutions Act; (H.R. 2312) Tipped Employee Protection Act; and (H.R. 4366) Save Local Business Act,On Ordering the Previous Question,
119,House,377,2026-01-13,2,17,214,207,0.027,0.128,-0.713,0.158,-0.257,HRES988,Passed,Providing for consideration of (H.R. 2988) Protecting Prudent Investment of Retirement Savings Act; (H.R. 2262) Flexibility for Workers Education Act; (H.R. 2270) Empowering Employer Child and Elder Care Solutions Act; (H.R. 2312) Tipped Employee Protection Act; and (H.R. 4366) Save Local Business Act,On Agreeing to the Resolution,
119,House,378,2026-01-13,2,18,209,213,0.027,0.129,0.713,-0.16,-0.258,HR2262,Failed,Flexibility for Workers Education Act,On Motion to Recommit,
119,House,379,2026-01-13,2,19,209,215,-0.062,0.848,-0.363,-0.485,-15.037,HR2262,Failed,Flexibility for Workers Education Act,On Passage,
119,House,380,2026-01-13,2,20,209,213,0.027,0.129,0.713,-0.16,-0.258,HR2270,Failed,Empowering Employer Child and Elder Care Solutions Act,On Motion to Recommit,
119,House,381,2026-01-13,2,21,209,215,0.027,0.129,0.713,-0.16,-0.258,HR2312,Failed,Tipped Employee Protection Act,On Motion to Recommit,
119,House,382,2026-01-13,2,22,209,215,0.027,0.129,0.713,-0.16,-0.258,HR4593,Failed,SHOWER Act,On Motion to Recommit,
119,House,383,2026-01-13,2,23,226,197,-0.076,0.041,-0.493,-0.912,-20.598,HR4593,Passed,SHOWER Act,On Passage,
119,House,384,2026-01-14,2,24,213,209,0.027,0.129,-0.713,0.159,-0.258,HRES992,Passed,"Providing for consideration of the bill (H.R. 7006) the Financial Services and General Government and National Security, Department of State, and Related Programs Appropriations Act, 2026",On Ordering the Previous Question,
119,House,385,2026-01-14,2,25,213,210,0.027,0.129,-0.713,0.159,-0.258,HRES992,Passed,"Providing for consideration of the bill (H.R. 7006) the Financial Services and General Government and National Security, Department of State, and Related Programs Appropriations Act, 2026",On Agreeing to the Resolution,
119,House,386,2026-01-14,2,26,163,257,0.23,-0.421,-0.269,0.316,-69.306,HR7006,Failed,,On Agreeing to the Amendment,
119,House,387,2026-01-14,2,27,127,291,0.134,-0.757,-0.359,0.759,-78.021,HR7006,Failed,,On Agreeing to the Amendment,
119,House,388,2026-01-14,2,28,341,79,0.523,-0.373,-0.002,-1.67,-114.057,HR7006,Passed,"Financial Services and General Government and National Security, Department of State, and Related Programs Appropriations Act, 2026",On Passage,
119,House,389,2026-01-15,2,29,395,22,-0.638,0.77,-0.312,-0.068,-70.956,HR2988,Agreed to,,On Agreeing to the Amendment,
119,House,390,2026-01-15,2,30,206,210,0.016,-0.858,0.733,0.136,-5.33,HR2988,Failed,Protecting Prudent Investment of Retirement Savings Act,On Motion to Recommit,
119,House,391,2026-01-15,2,31,213,205,0.233,-0.933,-0.477,-0.547,-13.982,HR2988,Passed,Protecting Prudent Investment of Retirement Savings Act,On Passage,
119,House,392,2026-01-20,2,32,383,8,0.0,0.0,0.0,0.0,0.0,HR5763,Passed,Main Street Parity Act,On Motion to Suspend the Rules and Pass,
119,House,393,2026-01-20,2,33,395,14,-0.304,-0.953,-0.034,-0.777,-45.57,HR5764,Passed,AI for Main Street Act,"On Motion to Suspend the Rules and Pass, as Amended",
119,House,394,2026-01-21,2,34,212,210,0.027,0.128,-0.713,0.16,-0.258,HRES1009,Passed,Providing for consideration of the bills H.R. 6945 and H.R. 6359; and providing for consideration of the joint resolution H.J. Res. 140,On Ordering the Previous Question,
119,House,395,2026-01-21,2,35,213,210,0.027,0.128,-0.713,0.16,-0.258,HRES1009,Passed,Providing for consideration of the bills H.R. 6945 and H.R. 6359; and providing for consideration of the joint resolution H.J. Res. 140,On Agreeing to the Resolution,
119,House,396,2026-01-21,2,36,209,213,0.026,0.128,0.713,-0.16,-0.258,HR6945,Failed,Supporting Pregnant and Parenting Women and Families Act,On Motion to Recommit,
119,House,397,2026-01-21,2,37,215,209,0.071,-0.246,-0.666,-0.654,-3.947,HR6945,Passed,Supporting Pregnant and Parenting Women and Families Act,On Passage,
119,House,398,2026-01-21,2,38,214,208,0.053,0.005,-0.345,-0.121,-7.951,HJRES140,Passed,"Providing for congressional disapproval under chapter 8 of title 5, United States Code, of the rule submitted by the Bureau of Land Management relating to Public Land Order No. 7917 for Withdrawal of Federal Lands; Cook, Lake, and Saint Louis Counties, MN",On Passage,
119,House,399,2026-01-22,2,39,215,213,0.027,0.128,-0.713,0.159,-0.258,HRES1014,Passed,"Providing for consideration of the bill (H.R. 7148) the Consolidated Appropriations Act, 2026; providing for consideration of the bill (H.R. 7147) the Department of Homeland Security Appropriations Act, 2026; and for other purposes",On Ordering the Previous Question,
119,House,400,2026-01-22,2,40,427,0,0.0,0.0,0.0,0.0,0.0,HRES1014,Agreed to,,On Agreeing to the Amendment,
119,House,401,2026-01-22,2,41,214,213,0.027,0.128,-0.713,0.159,-0.258,HRES1014,Passed,"Providing for consideration of the bill (H.R. 7148) the Consolidated Appropriations Act, 2026; providing for consideration of the bill (H.R. 7147) the Department of Homeland Security Appropriations Act, 2026; and for other purposes","On Agreeing to the Resolution, as Amended",
119,House,402,2026-01-22,2,42,220,207,-0.19,0.521,-0.553,-1.111,-14.726,HR7147,Passed,"Making further consolidated appropriations for the fiscal year ending September 30, 2026, and for other purposes",On Passage,
119,House,403,2026-01-22,2,43,164,268,0.438,0.555,-0.228,0.225,-96.74,HR7148,Failed,,On Agreeing to the Amendment,
119,House,404,2026-01-22,2,44,136,291,0.414,-0.045,-0.296,0.284,-76.698,HR7148,Failed,,On Agreeing to the Amendment,
119,House,405,2026-01-22,2,45,341,88,0.55,-0.36,-0.008,-1.632,-126.557,HR7148,Passed,"Consolidated Appropriations Act, 2026",On Passage,
119,House,406,2026-01-22,2,46,213,216,0.027,0.128,0.713,-0.159,-0.258,HR6359,Failed,Pregnant Students’ Rights Act,On Motion to Recommit,
119,House,407,2026-01-22,2,47,217,211,0.07,-0.24,-0.665,-0.658,-3.947,HR6359,Passed,Pregnant Students’ Rights Act,On Passage,
119,House,408,2026-01-22,2,48,215,215,-0.098,0.995,0.74,0.849,-9.501,HCONRES68,Failed,To direct the removal of United States Armed Forces from Venezuela that have not been authorized by Congress,On Agreeing to the Resolution,
119,House,409,2026-02-02,2,49,402,2,0.0,0.0,0.0,0.0,0.0,HR980,Passed,Veterans Readiness and Employment Improvement Act,"On Motion to Suspend the Rules and Pass, as Amended",
119,House,410,2026-02-02,2,50,405,1,0.0,0.0,0.0,0.0,0.0,HR3123,Passed,Ernest Peltz Accrued Veterans Benefits Act,"On Motion to Suspend the Rules and Pass, as Amended",
119,House,411,2026-02-03,2,51,212,210,-0.088,0.996,-0.393,-0.327,-10.595,HRES1032,Passed,Providing for consideration of the Senate amendments to the bill (H.R. 7148); providing for consideration of the joint resolution (H.J.Res. 142); and providing for consideration of the bill (H.R. 4090),On Ordering the Previous Question,
119,House,412,2026-02-03,2,52,217,215,-0.123,0.992,-0.63,-0.68,-5.354,HRES1032,Passed,Providing for consideration of the Senate amendments to the bill (H.R. 7148); providing for consideration of the joint resolution (H.J.Res. 142); and providing for consideration of the bill (H.R. 4090),On Agreeing to the Resolution,
119,House,413,2026-02-03,2,53,217,214,-0.389,0.921,-0.229,-0.452,-108.264,HR7148,Passed,"Consolidated Appropriations Act, 2026",On Motion to Concur in the Senate Amendments,
119,House,414,2026-02-04,2,54,209,212,0.027,0.128,0.713,-0.159,-0.257,HR4090,Failed,Critical Mineral Dominance Act,On Motion to Recommit,
119,House,415,2026-02-04,2,55,224,195,-0.045,0.107,-0.501,-1.23,-17.178,HR4090,Passed,Critical Mineral Dominance Act,On Passage,
119,House,416,2026-02-04,2,56,215,210,0.026,0.128,-0.713,0.158,-0.258,HJRES142,Passed,Disapproving the action of the District of Columbia Council in approving the D.C. Income and Franchise Tax Conformity and Revision Temporary Amendment Act of 2025,On Passage,
119,House,417,2026-02-09,2,57,390,9,0.0,0.0,0.0,0.0,0.0,HR6644,Passed,Housing for the 21st Century Act,"On Motion to Suspend the Rules and Pass, as Amended",
119,House,418,2026-02-09,2,58,395,2,0.0,0.0,0.0,0.0,0.0,HR1531,Passed,PROTECT Taiwan Act,"On Motion to Suspend the Rules and Pass, as Amended",
119,House,419,2026-02-10,2,59,216,214,0.026,0.128,-0.714,0.158,-0.258,HRES1042,Passed,Providing for consideration of the bill (H.R. 2189) the Law-Enforcement Innovate to De-Escalate Act; consideration of the bill (H.R. 261) the Undersea Cable Protection Act; consideration of the bill (H.R. 3617) the Securing America’s Critical Minerals Supply Act; and for other purposes,On Ordering the Previous Question,
119,House,420,2026-02-10,2,60,214,217,0.014,1.0,-0.398,-0.226,-13.223,HRES1042,Failed,Providing for consideration of the bill (H.R. 2189) the Law-Enforcement Innovate to De-Escalate Act; consideration of the bill (H.R. 261) the Undersea Cable Protection Act; consideration of the bill (H.R. 3617) the Securing America’s Critical Minerals Supply Act; and for other purposes,On Agreeing to the Resolution,
119,House,421,2026-02-11,2,61,216,214,0.026,0.128,-0.714,0.158,-0.258,HRES1057,Passed,Providing for consideration of the bills (S. 1383) the Veterans Accessibility Advisory Committee Act; (H.R. 2189) the Law-Enforcement Innovate to De-Escalate Act; (H.R. 261) the Undersea Cable Protection Act; and (H.R. 3617) the Securing America’s Critical Minerals Supply Act; and for other purposes,On Ordering the Previous Question,
119,House,422,2026-02-11,2,62,216,215,-0.123,0.992,-0.63,-0.68,-5.354,HRES1057,Passed,Providing for consideration of the bills (S. 1383) the Veterans Accessibility Advisory Committee Act; (H.R. 2189) the Law-Enforcement Innovate to De-Escalate Act; (H.R. 261) the Undersea Cable Protection Act; and (H.R. 3617) the Securing America’s Critical Minerals Supply Act; and for other purposes,"On Agreeing to the Resolution, as Amended",
119,House,423,2026-02-11,2,63,214,215,0.026,0.128,0.714,-0.158,-0.258,HR3617,Failed,Securing America’s Critical Minerals Supply Act,On Motion to Recommit,
119,House,424,2026-02-11,2,64,223,206,-0.074,0.18,-0.518,-1.198,-15.095,HR3617,Passed,Securing America’s Critical Minerals Supply Act,On Passage,
119,House,425,2026-02-11,2,65,219,211,0.055,0.635,0.294,0.199,-23.241,HJRES72,Passed,"Relating to a national emergency by the President on February 1, 2025",On Passage,
119,House,426,2026-02-11,2,66,214,216,0.026,0.128,0.714,-0.158,-0.258,HR261,Failed,Undersea Cable Protection Act,On Motion to Recommit,
119,House,427,2026-02-11,2,67,218,212,0.059,-0.024,-0.64,-1.122,-10.081,HR261,Passed,Undersea Cable Protection Act,On Passage,
119,House,428,2026-02-11,2,68,214,217,0.026,0.128,0.714,-0.158,-0.258,S1383,Failed,Veterans Accessibility Advisory Committee Act,On Motion to Commit,
119,House,429,2026-02-11,2,69,218,213,0.069,-0.238,-0.666,-0.658,-3.947,S1383,Passed,Veterans Accessibility Advisory Committee Act,On Passage,
119,House,430,2026-02-12,2,70,233,185,0.395,-0.714,-0.413,-1.255,-50.2,HR2189,Passed,Law-Enforcement Innovate to De-Escalate Act,On Passage,
119,House,431,2026-02-24,2,71,362,1,0.0,0.0,0.0,0.0,0.0,HR6329,Passed,Information Quality Assurance Act,On Motion to Suspend the Rules and Pass,
119,House,432,2026-02-24,2,72,264,133,-0.072,-0.997,0.12,-0.26,-159.867,S2503,Failed,ROTOR Act,On Motion to Suspend the Rules and Pass,
119,House,433,2026-02-24,2,73,208,189,0.021,0.115,-0.715,0.135,-0.222,HRES1075,Passed,Providing for consideration of the bill (H.R. 4626) the Don’t Mess With My Home Appliances Act; and providing for consideration of the bill (H.R. 4758) the Homeowner Energy Freedom Act,On Ordering the Previous Question,
119,House,434,2026-02-24,2,74,208,187,0.021,0.115,-0.715,0.135,-0.22,HRES1075,Passed,Providing for consideration of the bill (H.R. 4626) the Don’t Mess With My Home Appliances Act; and providing for consideration of the bill (H.R. 4758) the Homeowner Energy Freedom Act,On Agreeing to the Resolution,
119,House,435,2026-02-24,2,75,197,208,0.026,0.128,0.713,-0.168,-0.255,HR4626,Failed,Don’t Mess With My Home Appliances Act,On Motion to Recommit,
119,House,436,2026-02-24,2,76,217,190,-0.054,0.148,-0.536,-1.134,-10.212,HR4626,Passed,Don’t Mess With My Home Appliances Act,On Passage,
119,House,437,2026-02-25,2,77,198,208,0.026,0.131,0.713,-0.163,-0.256,HR4758,Failed,Homeowner Energy Freedom Act,On Motion to Recommit,
119,House,438,2026-02-25,2,78,210,199,0.09,0.128,-0.687,-0.479,-1.575,HR4758,Passed,Homeowner Energy Freedom Act,On Passage,
119,House,439,2026-03-04,2,79,213,208,0.026,0.118,-0.713,0.162,-0.253,HRES1095,Passed,"Providing for consideration of the bill (H.R. 7744) making appropriations for the Department of Homeland Security for the fiscal year ending September 30, 2026, and for other purposes",On Ordering the Previous Question,
119,House,440,2026-03-04,2,80,211,209,0.026,0.119,-0.713,0.164,-0.255,HRES1095,Passed,"Providing for consideration of the bill (H.R. 7744) making appropriations for the Department of Homeland Security for the fiscal year ending September 30, 2026, and for other purposes",On Agreeing to the Resolution,
119,House,441,2026-03-04,2,81,384,40,0.549,-0.545,0.202,-0.526,-65.778,S723,Passed,Tribal Trust Land Homeownership Act,On Motion to Suspend the Rules and Pass,
119,House,442,2026-03-04,2,82,351,72,0.335,-0.79,0.174,-0.4,-99.998,HR6472,Passed,Territorial Student Access to Higher Education Act,"On Motion to Suspend the Rules and Pass, as Amended",
119,House,443,2026-03-04,2,83,357,65,0.485,-0.754,0.054,-0.302,-170.653,HRES1100,Passed,Directing the Committee on Ethics to preserve and publicly release records of the Committee’s review of violations or alleged violations of clause 9 (as it pertains to acts of sexual harassment) and clause 18 of rule XXIII of the Rules of the House of Representatives.,On Motion to Refer,
119,House,444,2026-03-05,2,84,372,53,-0.057,-0.998,-0.31,-0.999,-68.354,HRES1099,Passed,Reaffirming Iran remains the largest state sponsor of terrorism,On Motion to Suspend the Rules and Agree,
119,House,445,2026-03-05,2,85,212,219,-0.191,0.982,0.352,0.361,-24.7,HCONRES38,Failed,Directing the President pursuant to section 5(c) of the War Powers Resolution to remove United States Armed Forces from unauthorized hostilities in the Islamic Republic of Iran,On Agreeing to the Resolution,
119,House,446,2026-03-05,2,86,212,217,0.168,0.986,0.545,-0.444,-7.586,HR7744,Failed,"Department of Homeland Security Appropriations Act, 2026",On Motion to Recommit,
119,House,447,2026-03-05,2,87,221,209,-0.088,0.301,-0.615,-0.873,-5.583,HR7744,Passed,"Department of Homeland Security Appropriations Act, 2026",On Passage,
119,House,448,2026-03-17,2,88,320,66,0.429,-0.475,0.189,-0.435,-84.429,HR4294,Passed,MAWS Act,"On Motion to Suspend the Rules and Pass, as Amended",
119,House,449,2026-03-17,2,89,345,41,0.568,-0.258,0.234,-1.066,-50.779,S3971,Passed,Small Business Innovation and Economic Security Act,On Motion to Suspend the Rules and Pass,
119,House,450,2026-03-17,2,90,196,192,0.027,0.113,-0.713,0.183,-0.236,HRES1115,Passed,Providing for consideration of the bill (H.R. 556) Protecting Access for Hunters and Anglers Act; providing for consideration of the bill (H.R. 1958) Deporting Fraudsters Act; and providing for consideration of the bill (H.R. 4638) BOWOW Act,On Ordering the Previous Question,
119,House,451,2026-03-17,2,91,196,193,0.028,0.115,-0.712,0.185,-0.238,HRES1115,Passed,Providing for consideration of the bill (H.R. 556) Protecting Access for Hunters and Anglers Act; providing for consideration of the bill (H.R. 1958) Deporting Fraudsters Act; and providing for consideration of the bill (H.R. 4638) BOWOW Act,On Agreeing to the Resolution,
119,House,452,2026-03-18,2,92,206,209,0.027,0.114,0.713,-0.186,-0.238,HR556,Failed,Protecting Access for Hunters and Anglers Act,On Motion to Recommit,
119,House,453,2026-03-18,2,93,215,202,-0.047,0.175,-0.518,-1.192,-12.292,HR556,Passed,Protecting Access for Hunters and Anglers Act,On Passage,
119,House,454,2026-03-18,2,94,231,186,-0.119,-0.01,-0.319,-0.493,-40.241,HR1958,Passed,Deporting Fraudsters Act,On Passage,
119,House,455,2026-03-18,2,95,211,207,0.07,-0.246,-0.666,-0.656,-3.937,HJRES139,Failed,Proposing an amendment to the Constitution of the United States requiring a balanced budget for the Federal Government,On Motion to Suspend the Rules and Pass,
119,House,456,2026-03-19,2,96,228,190,-0.254,0.549,-0.632,-0.826,-25.192,HR4638,Passed,BOWOW Act,On Passage,
119,House,457,2026-03-24,2,97,378,32,0.723,-0.205,0.318,-0.544,-42.615,HR6422,Passed,American Water Stewardship Act,"On Motion to Suspend the Rules and Pass, as Amended",
119,House,458,2026-03-25,2,98,212,210,0.025,0.091,-0.712,0.197,-0.295,HRES1131,Passed,Providing for consideration of (H.R. 8029) Pay Our Homeland Defenders Act; (H.R. 5103) Make the District of Columbia Safe and Beautiful Act; (H.R. 7084) Defending American Property Abroad Act; and (H. Res. 1128) Expressing the Support of the House of Representatives for the Department of Homeland Security,On Ordering the Previous Question,
119,House,459,2026-03-25,2,99,214,210,0.025,0.091,-0.712,0.197,-0.295,HRES1131,Passed,Providing for consideration of (H.R. 8029) Pay Our Homeland Defenders Act; (H.R. 5103) Make the District of Columbia Safe and Beautiful Act; (H.R. 7084) Defending American Property Abroad Act; and (H. Res. 1128) Expressing the Support of the House of Representatives for the Department of Homeland Security,On Agreeing to the Resolution,
119,House,460,2026-03-25,2,100,207,214,0.025,0.089,0.712,-0.199,-0.295,HR5103,Failed,Make the District of Columbia Safe and Beautiful Act,On Motion to Recommit,
119,House,461,2026-03-25,2,101,218,206,-0.098,0.309,-0.587,-0.974,-5.834,HR5103,Passed,Make the District of Columbia Safe and Beautiful Act,On Passage,
119,House,462,2026-03-26,2,102,225,187,-0.253,0.622,-0.619,-0.808,-16.317,HRES1128,Passed,Expressing the support of the House of Representatives for the Department of Homeland Security,"On Agreeing to the Resolution, as Amended",
119,House,463,2026-03-26,2,103,210,215,0.025,0.09,0.712,-0.197,-0.295,HR8029,Failed,Pay Our Homeland Defenders Act,On Motion to Recommit,
119,House,464,2026-03-26,2,104,218,206,-0.089,0.296,-0.617,-0.862,-5.516,HR8029,Passed,Pay Our Homeland Defenders Act,On Passage,
119,House,465,2026-03-27,2,105,247,164,-0.039,-0.491,-0.272,-0.492,-69.808,HR7084,Passed,Defending American Property Abroad Act,On Passage,
119,House,466,2026-03-27,2,106,208,197,0.023,0.101,-0.711,0.214,-0.282,,Passed,,On Motion to Adjourn,
119,House,467,2026-03-27,2,107,209,206,0.024,0.091,-0.712,0.197,-0.294,HRES1142,Passed,"Providing for disposition of the Senate amendment to the bill (H.R. 7147) Department of Homeland Security Appropriations Act, 2026",On Ordering the Previous Question,
119,House,468,2026-03-27,2,108,213,203,-0.052,0.226,-0.613,-0.886,-5.433,HRES1142,Passed,"Providing for disposition of the Senate amendment to the bill (H.R. 7147) Department of Homeland Security Appropriations Act, 2026",On Agreeing to the Resolution,
119,House,469,2026-04-14,2,109,395,10,0.0,0.0,0.0,0.0,0.0,HR1011,Passed,Emergency Conservation Program Improvement Act,On Motion to Suspend the Rules and Pass,
119,House,470,2026-04-14,2,110,396,10,0.0,0.0,0.0,0.0,0.0,HR7613,Passed,ALERT Act,"On Motion to Suspend the Rules and Pass, as Amended",
119,House,471,2026-04-15,2,111,212,211,0.025,0.09,-0.712,0.198,-0.295,HRES1174,Passed,"Providing for consideration of the bills (H.R. 6387, H.R. 6398, and H.R. 6409); and providing for consideration of the resolution (H. Res. 1156)",On Ordering the Previous Question,
119,House,472,2026-04-15,2,112,214,212,0.025,0.091,-0.712,0.197,-0.295,HRES1174,Passed,"Providing for consideration of the bills (H.R. 6387, H.R. 6398, and H.R. 6409); and providing for consideration of the resolution (H. Res. 1156)",On Agreeing to the Resolution,
119,House,473,2026-04-15,2,113,219,209,0.15,0.637,0.726,0.451,-15.083,HRES965,Passed,Providing for consideration of the bill (H.R. 1689) to require the Secretary of Homeland Security to designate Haiti for temporary protected status,On Motion to Discharge,
119,House,474,2026-04-16,2,114,213,214,-0.167,0.986,0.63,0.735,-6.755,HCONRES40,Failed,"Directing the President, pursuant to section 5(c) of the War Powers Resolution, to remove United States Armed Forces from hostilities with Iran",On Agreeing to the Resolution,
119,House,475,2026-04-16,2,115,213,215,0.022,0.107,0.713,-0.175,-0.29,HR6409,Failed,FENCES Act,On Motion to Recommit,
119,House,476,2026-04-16,2,116,220,208,-0.074,0.266,-0.541,-1.129,-8.348,HR6409,Passed,FENCES Act,On Passage,
119,House,477,2026-04-16,2,117,213,216,0.022,0.107,0.713,-0.175,-0.29,HR6398,Failed,RED Tape Act,On Motion to Recommit,
119,House,478,2026-04-16,2,118,222,205,-0.05,0.195,-0.516,-1.192,-9.159,HR6398,Passed,RED Tape Act,On Passage,
119,House,479,2026-04-16,2,119,220,207,0.17,0.647,0.721,0.366,-16.47,HRES965,Passed,Providing for consideration of the bill (H.R. 1689) to require the Secretary of Homeland Security to designate Haiti for temporary protected status,On Agreeing to the Resolution,
119,House,480,2026-04-16,2,120,224,204,0.122,-0.993,0.349,-0.091,-30.614,HR1689,Passed,To require the Secretary of Homeland Security to designate Haiti for temporary protected status,On Passage,
119,House,481,2026-04-16,2,121,219,207,0.058,-0.042,-0.57,-1.045,-7.187,HRES1156,Passed,Expressing support for tax policies that support working families,On Agreeing to the Resolution,
119,House,482,2026-04-17,2,122,211,210,0.023,0.125,-0.713,0.162,-0.284,HRES1175,Passed,"Providing for consideration of the bill (H.R. 8035) to amend the FISA Amendments Act of 2008 to extend the authorities of title VII of the Foreign Intelligence Surveillance Act of 1978 through October 20, 2027, and for other purposes",On Ordering the Previous Question,
119,House,483,2026-04-17,2,123,200,220,-0.203,0.979,-0.306,-0.541,-46.49,HRES1175,Failed,,On Agreeing to the Amendment,
119,House,484,2026-04-17,2,124,197,228,-0.349,0.937,-0.366,-0.953,-63.057,HRES1175,Failed,"Providing for consideration of the bill (H.R. 8035) to amend the FISA Amendments Act of 2008 to extend the authorities of title VII of the Foreign Intelligence Surveillance Act of 1978 through October 20, 2027, and for other purposes",On Agreeing to the Resolution,
119,House,485,2026-04-20,2,125,384,9,0.0,0.0,0.0,0.0,0.0,HR1681,Passed,Expediting Federal Broadband Deployment Reviews Act,On Motion to Suspend the Rules and Pass,
119,House,486,2026-04-20,2,126,386,7,0.0,0.0,0.0,0.0,0.0,HR5200,Passed,Emergency Reporting Act,On Motion to Suspend the Rules and Pass,
119,House,487,2026-04-21,2,127,405,5,0.0,0.0,0.0,0.0,0.0,HR5201,Passed,Kari’s Law Reporting Act,On Motion to Suspend the Rules and Pass,
119,House,488,2026-04-21,2,128,406,4,0.0,0.0,0.0,0.0,0.0,HR2493,Passed,Improving Care in Rural America Reauthorization Act,On Motion to Suspend the Rules and Pass,
119,House,489,2026-04-21,2,129,394,14,0.447,-0.895,0.17,-0.672,-36.208,S1020,Passed,To require the Federal Energy Regulatory Commission to extend the time period during which licensees are required to commence construction of certain hydropower projects,On Motion to Suspend the Rules and Pass,
119,House,490,2026-04-22,2,130,180,179,0.01,0.074,-0.717,0.066,-0.175,HRES1189,Passed,Providing for consideration of the bill H.R. 4690; providing for consideration of the resolution H. Res. 1182; providing for consideration of the bill H.R. 1897; and providing for consideration of the bill H.R. 5587,On Ordering the Previous Question,
119,House,491,2026-04-22,2,131,211,206,-0.146,0.989,-0.487,-0.554,-7.573,HRES1189,Passed,Providing for consideration of the bill H.R. 4690; providing for consideration of the resolution H. Res. 1182; providing for consideration of the bill H.R. 1897; and providing for consideration of the bill H.R. 5587,On Agreeing to the Resolution,
119,House,492,2026-04-22,2,132,220,196,-0.032,-0.006,-0.563,-1.021,-14.666,HRES1182,Passed,"Expressing support for rural communities across the United States as stewards of the environment, major suppliers of the United States energy resources, critical providers of food production and manufacturing capacity, and drivers of national economic stability, and recognizing the work of the House of Representatives",On Agreeing to the Resolution,
119,House,493,2026-04-22,2,133,203,214,0.026,0.751,0.446,-0.149,-7.066,HR4690,Failed,Reliable Federal Infrastructure Act,On Motion to Recommit,
119,House,494,2026-04-22,2,134,215,202,0.164,-0.234,-0.51,-1.187,-12.479,HR4690,Passed,Reliable Federal Infrastructure Act,On Passage,
119,House,495,2026-04-22,2,135,206,214,0.018,0.11,0.715,-0.122,-0.247,HR6387,Failed,FIRE Act,On Motion to Recommit,
119,House,496,2026-04-22,2,136,220,198,0.088,-0.121,-0.48,-1.269,-17.531,HR6387,Passed,FIRE Act,On Passage,
119,House,497,2026-04-23,2,137,231,186,-0.275,0.442,-0.614,-0.985,-33.746,HR5587,Passed,HEATS Act,On Passage,
119,House,498,2026-04-27,2,138,346,10,0.621,-0.784,0.208,-0.708,-23.535,HR7959,Passed,IRS Whistleblower Program Improvement Act,"On Motion to Suspend the Rules and Pass, as Amended",
119,House,499,2026-04-27,2,139,350,5,0.0,0.0,0.0,0.0,0.0,HR227,Passed,Clergy Act,"On Motion to Suspend the Rules and Pass, as Amended",
119,House,500,2026-04-29,2,140,215,210,0.024,0.124,-0.713,0.158,-0.288,HRES1224,Passed,"Providing for consideration of the bills H.R. 7567, H.R. 2616, S. 1318, and H.R. 1346; and providing for consideration of the concurrent resolution S. Con. Res. 33",On Ordering the Previous Question,
119,House,501,2026-04-29,2,141,216,210,0.024,0.124,-0.713,0.158,-0.288,HRES1224,Passed,"Providing for consideration of the bills H.R. 7567, H.R. 2616, S. 1318, and H.R. 1346; and providing for consideration of the concurrent resolution S. Con. Res. 33",On Agreeing to the Resolution,
119,House,502,2026-04-29,2,142,235,191,-0.554,0.833,-0.288,-0.765,-118.462,S1318,Passed,Fallen Servicemembers Religious Heritage Restoration Act,On Passage,
119,House,503,2026-04-29,2,143,215,211,0.027,0.103,-0.713,0.188,-0.237,SCONRES33,Passed,Setting forth the congressional budget for the United States Government for fiscal year 2026 and setting forth the appropriate budgetary levels for fiscal years 2027 through 2035,On Agreeing to the Resolution,
119,House,504,2026-04-30,2,144,210,216,-0.378,0.926,-0.136,-0.261,-181.923,HR7567,Failed,,On Agreeing to the Amendment,
119,House,505,2026-04-30,2,145,384,35,0.544,-0.839,0.097,-0.359,-108.965,HR7567,Agreed to,,On Agreeing to the Amendment,
119,House,506,2026-04-30,2,146,416,8,0.0,0.0,0.0,0.0,0.0,HR7567,Agreed to,,On Agreeing to the Amendment,
119,House,507,2026-04-30,2,147,69,355,0.389,-0.535,-0.159,0.462,-99.77,HR7567,Failed,,On Agreeing to the Amendment,
119,House,508,2026-04-30,2,148,280,142,0.285,0.185,0.202,1.106,-112.15,HR7567,Agreed to,,On Agreeing to the Amendment,
119,House,509,2026-04-30,2,149,187,239,0.133,0.336,-0.192,-0.405,-81.185,HR7567,Failed,,On Agreeing to the Amendment,
119,House,510,2026-04-30,2,150,233,194,0.166,0.573,0.225,0.147,-60.008,HR7567,Agreed to,,"On Agreeing to the Amendment, as Modified",
119,House,511,2026-04-30,2,151,186,238,-0.094,-0.996,-0.107,0.12,-194.924,HR7567,Failed,,On Agreeing to the Amendment,
119,House,512,2026-04-30,2,152,215,213,0.134,-0.074,-0.215,-0.387,-45.264,HR7567,Agreed to,,On Agreeing to the Amendment,
119,House,513,2026-04-30,2,153,211,214,0.024,0.122,0.714,-0.121,-0.286,HR7567,Failed,"Farm, Food, and National Security Act",On Motion to Recommit,
119,House,514,2026-04-30,2,154,224,200,-0.017,0.078,-0.297,-0.922,-37.627,HR7567,Passed,"Farm, Food, and National Security Act",On Passage,
119,House,515,2026-04-30,2,155,261,111,0.52,-0.271,-0.057,-1.524,-135.629,S4465,Passed,"To amend the FISA Amendments Act of 2008 to extend the authorities of title VII of the Foreign Intelligence Surveillance Act of 1978, and for other purposes",On Motion to Suspend the Rules and Pass,
119,House,516,2026-05-12,2,156,391,18,0.074,-0.997,-0.048,-0.663,-54.424,HR2071,Passed,Save Our Shrimpers Act,"On Motion to Suspend the Rules and Pass, as Amended",
119,House,517,2026-05-12,2,157,348,60,-0.413,-0.351,-0.261,-0.507,-77.334,HR2853,Passed,Combating Organized Retail Crime Act,"On Motion to Suspend the Rules and Pass, as Amended",
119,House,518,2026-05-13,2,158,211,208,0.025,0.114,-0.713,0.165,-0.287,HRES1275,Passed,Providing for consideration of the bills (H.R. 5625); (H.R. 6260); (H.R. 8365); (H.R. 8469); and the concurrent resolution (H.Con.Res. 96),On Ordering the Previous Question,
119,House,519,2026-05-13,2,159,214,208,0.024,0.114,-0.713,0.164,-0.288,HRES1275,Passed,Providing for consideration of the bills (H.R. 5625); (H.R. 6260); (H.R. 8365); (H.R. 8469); and the concurrent resolution (H.Con.Res. 96),On Agreeing to the Resolution,
119,House,520,2026-05-13,2,160,211,206,0.025,0.112,-0.713,0.167,-0.286,HRES1274,Passed,Providing that section 11 of House Resolution 1224 shall have no force or effect,On Ordering the Previous Question,
119,House,521,2026-05-13,2,161,213,208,0.025,0.114,-0.713,0.164,-0.289,HRES1274,Passed,Providing that section 11 of House Resolution 1224 shall have no force or effect,On Agreeing to the Resolution,
119,House,522,2026-05-13,2,162,418,2,0.0,0.0,0.0,0.0,0.0,HRES1252,Passed,Resolution memorializing law enforcement officers killed in the line of duty,On Motion to Suspend the Rules and Agree,
119,House,523,2026-05-13,2,163,112,309,0.977,-0.215,-0.061,1.66,-174.26,HR1346,Failed,Nationwide Consumer and Fuel Retailer Choice Act,On Motion to Recommit,
119,House,524,2026-05-13,2,164,218,203,-0.004,-0.023,-0.009,-0.329,-266.787,HR1346,Passed,Nationwide Consumer and Fuel Retailer Choice Act,On Passage,
119,House,525,2026-05-13,2,165,243,173,0.009,-0.51,-0.309,-0.571,-52.6,HCONRES96,Passed,Expressing support for law enforcement officers,On Agreeing to the Resolution,
119,House,526,2026-05-13,2,166,419,0,0.0,0.0,0.0,0.0,0.0,HRES1251,Passed,Calling on elected officials and civil society leaders to counter antisemitism and educate the public on the contributions of the Jewish-American community,On Motion to Suspend the Rules and Agree,
119,House,527,2026-05-13,2,167,414,0,0.0,0.0,0.0,0.0,0.0,HRES1259,Passed,"Expressing the sense of the House of Representatives that the President should prioritize securing the release of Pastor Jin Mingri, Pastor Gao Quanfu and his wife Pang Yu, Dr. Gulshan Abbas, and Jimmy Lai detained by the People’s Republic of China during future engagements with Chinese President Xi Jinping",On Motion to Suspend the Rules and Agree,
119,House,528,2026-05-14,2,168,210,213,0.025,0.115,0.713,-0.166,-0.289,HR6260,Failed,Keeping Violent Offenders Off Our Streets Act,On Motion to Recommit,
119,House,529,2026-05-14,2,169,243,179,-0.372,0.59,-0.542,-1.031,-37.146,HR6260,Passed,Keeping Violent Offenders Off Our Streets Act,On Passage,
119,House,530,2026-05-14,2,170,212,212,-0.179,0.984,0.609,0.911,-12.938,HCONRES75,Failed,"Directing the President, pursuant to section 5(c) of the War Powers Resolution, to remove the United States Armed Forces from hostilities against the Islamic Republic of Iran",On Agreeing to the Resolution,
119,House,531,2026-05-14,2,171,308,116,-0.28,-0.337,-0.192,-0.294,-115.458,HR5625,Passed,Cashless Bail Reporting Act,On Passage,
119,House,532,2026-05-14,2,172,210,213,0.028,0.098,0.713,-0.188,-0.237,HR8365,Failed,Monitor Accountability Act,On Motion to Recommit,
119,House,533,2026-05-14,2,173,219,204,-0.157,0.988,-0.433,-0.23,-17.776,HR8365,Passed,Monitor Accountability Act,On Passage,
119,House,534,2026-05-15,2,174,80,333,-0.089,-0.948,-0.239,0.987,-96.779,HR8469,Failed,,On Agreeing to the Amendment,
119,House,535,2026-05-15,2,175,400,15,0.03,-1.0,-0.26,-2.652,-34.523,HR8469,Passed,"Making appropriations for military construction, the Department of Veterans Affairs, and related agencies for the fiscal year ending September 30, 2027, and for other purposes",On Passage,
119,House,536,2026-05-20,2,176,396,13,0.38,-0.747,0.272,-1.616,-22.261,HRES1299,Passed,"Providing for the concurrence by the House in the Senate amendment to H.R. 6644, with amendment",On Motion to Suspend the Rules and Agree,
119,House,537,2026-05-20,2,177,405,0,0.0,0.0,0.0,0.0,0.0,HR3234,Passed,Keeping Deposits Local Act,"On Motion to Suspend the Rules and Pass, as Amended",
119,House,538,2026-05-20,2,178,405,4,0.0,0.0,0.0,0.0,0.0,HR4544,Passed,American Access to Banking Act,"On Motion to Suspend the Rules and Pass, as Amended",
119,House,539,2026-05-20,2,179,393,16,-0.299,-0.769,-0.271,-1.612,-17.994,HR5317,Passed,Community Bank Deposit Access Act,"On Motion to Suspend the Rules and Pass, as Amended",
119,House,540,2026-05-20,2,180,405,5,0.0,0.0,0.0,0.0,0.0,S2393,Passed,Fiscal Year 2025 Veterans Affairs Major Medical Facility Authorization Act,On Motion to Suspend the Rules and Pass,
119,House,541,2026-05-20,2,181,401,6,0.0,0.0,0.0,0.0,0.0,S1003,Passed,Lulu’s Law,On Motion to Suspend the Rules and Pass,
119,House,542,2026-05-20,2,182,415,0,0.0,0.0,0.0,0.0,0.0,HR1993,Passed,25th Anniversary of 9/11 Commemorative Coin Act,"On Motion to Suspend the Rules and Pass, as Amended",
119,House,543,2026-05-20,2,183,207,208,0.025,0.109,0.713,-0.174,-0.287,HR2616,Failed,PROTECT Kids Act,On Motion to Recommit,
119,House,544,2026-05-20,2,184,217,198,0.246,-0.83,-0.511,-0.869,-22.228,HR2616,Passed,PROTECT Kids Act,On Passage,
119,House,545,2026-05-20,2,185,209,207,0.025,0.113,-0.713,0.17,-0.29,HRES1300,Passed,Providing for consideration of the bill (H.R. 1041) Veterans 2nd Amendment Protection Act; providing for consideration of the bill (H.R. 6047) Sharri Briley and Eric Edmundson Veterans Benefits Expansion Act; and providing for consideration of the bill (H.R. 1329) Smithsonian American Women’s History Museum Act,On Ordering the Previous Question,
119,House,546,2026-05-20,2,186,208,207,0.025,0.113,-0.713,0.17,-0.29,HRES1300,Passed,Providing for consideration of the bill (H.R. 1041) Veterans 2nd Amendment Protection Act; providing for consideration of the bill (H.R. 6047) Sharri Briley and Eric Edmundson Veterans Benefits Expansion Act; and providing for consideration of the bill (H.R. 1329) Smithsonian American Women’s History Museum Act,On Agreeing to the Resolution,
119,House,547,2026-05-21,2,187,209,209,0.025,0.113,0.713,-0.17,-0.29,HR1329,Failed,Smithsonian American Women’s History Museum Act,On Motion to Recommit,
119,House,548,2026-05-21,2,188,204,216,-0.226,0.974,-0.497,-0.941,-24.674,HR1329,Failed,Smithsonian American Women’s History Museum Act,On Passage,
119,House,549,2026-05-21,2,189,208,210,0.025,0.114,0.713,-0.169,-0.29,HR1041,Failed,Veterans 2nd Amendment Protection Act,On Motion to Recommit,
119,House,550,2026-05-21,2,190,216,201,-0.021,0.137,-0.504,-1.223,-10.255,HR1041,Passed,Veterans 2nd Amendment Protection Act,On Passage,
119,House,551,2026-05-21,2,191,235,179,-0.377,0.812,-0.319,-0.468,-68.2,HR6047,Passed,Sharri Briley and Eric Edmundson Veterans Benefits Expansion Act,On Passage,
119,House,552,2026-06-03,2,192,404,13,0.51,-0.86,0.278,-0.88,-24.97,HR7618,Passed,American Battlefield Protection Program Amendments Act,"On Motion to Suspend the Rules and Pass, as Amended",
119,House,553,2026-06-03,2,193,404,14,0.427,-0.904,0.564,-2.523,-32.172,S254,Passed,ARTIST Act,On Motion to Suspend the Rules and Pass,
119,House,554,2026-06-03,2,194,208,207,0.025,0.115,-0.713,0.166,-0.289,HRES1333,Passed,"Providing for consideration of the bills (H.R. 8646) Agriculture, Rural Development, Food and Drug Administration, and Related Agency Appropriations Act, 2027; (H.R. 7726) Stop Child Care Scams Act; (H.R. 7892) No Aid for Ghost Students Act; and (H.R. 8872) Preventing Waste, Fraud, and Abuse in TANF Act",On Ordering the Previous Question,
119,House,555,2026-06-03,2,195,211,207,0.025,0.115,-0.713,0.166,-0.289,HRES1333,Passed,"Providing for consideration of the bills (H.R. 8646) Agriculture, Rural Development, Food and Drug Administration, and Related Agency Appropriations Act, 2027; (H.R. 7726) Stop Child Care Scams Act; (H.R. 7892) No Aid for Ghost Students Act; and (H.R. 8872) Preventing Waste, Fraud, and Abuse in TANF Act",On Agreeing to the Resolution,
119,House,556,2026-06-03,2,196,374,49,0.451,-0.64,0.291,-0.679,-56.593,HR2860,Passed,Northwest Straits Marine Conservation Initiative Reauthorization Act,"On Motion to Suspend the Rules and Pass, as Amended",
119,House,557,2026-06-03,2,197,210,213,0.025,0.115,0.713,-0.166,-0.289,HR7726,Failed,No Funds for Repeat Child Care Violations Act,On Motion to Recommit,
119,House,558,2026-06-03,2,198,217,207,-0.002,0.097,-0.561,-1.069,-7.548,HR7726,Passed,No Funds for Repeat Child Care Violations Act,On Passage,
119,House,559,2026-06-03,2,199,215,208,-0.154,0.988,0.597,0.933,-14.748,HCONRES86,Passed,"Directing the President, pursuant to section 5(c) of the War Powers Resolution, to remove United States Armed Forces from hostilities with Iran",On Agreeing to the Resolution,
119,House,560,2026-06-03,2,200,218,204,0.138,0.55,0.305,0.12,-22.191,HRES518,Passed,"Providing for consideration of the bill (H.R. 2913) to authorize support for Ukraine, and for other purposes",On Motion to Discharge,
119,House,561,2026-06-04,2,201,92,324,0.184,-0.541,0.217,1.644,-89.538,HCONRES84,Failed,Directing the President pursuant to section 5(c) of the War Powers Resolution to remove United States Armed Forces from Lebanon,On Agreeing to the Resolution,
119,House,562,2026-06-04,2,202,212,210,0.024,0.115,-0.713,0.161,-0.287,HRES1336,Passed,Waiving a requirement of clause 6(a) of rule XIII with respect to consideration of certain resolutions reported from the Committee on Rules,On Ordering the Previous Question,
119,House,563,2026-06-04,2,203,213,211,-0.124,0.992,-0.63,-0.683,-5.332,HRES1336,Passed,Waiving a requirement of clause 6(a) of rule XIII with respect to consideration of certain resolutions reported from the Committee on Rules,On Agreeing to the Resolution,
119,House,564,2026-06-04,2,204,210,212,0.024,0.119,0.713,-0.158,-0.288,HR8646,Failed,"Agriculture, Rural Development, Food and Drug Administration, and Related Agency Appropriations Act, 2027",On Motion to Recommit,
119,House,565,2026-06-04,2,205,213,210,-0.123,0.472,-0.48,-1.279,-20.522,HR8646,Passed,"Agriculture, Rural Development, Food and Drug Administration, and Related Agency Appropriations Act, 2027",On Passage,
119,House,566,2026-06-04,2,206,216,204,0.137,0.576,0.308,0.121,-22.185,HRES518,Passed,"Providing for consideration of the bill (H.R. 2913) to authorize support for Ukraine, and for other purposes",On Agreeing to the Resolution,
119,House,567,2026-06-04,2,207,226,195,0.301,0.954,0.344,-0.119,-42.558,HR2913,Passed,Ukraine Support Act,On Passage,
119,House,568,2026-06-08,2,208,384,0,0.0,0.0,0.0,0.0,0.0,HR8466,Passed,TRUE Accountability Act,"On Motion to Suspend the Rules and Pass, as Amended",
119,House,569,2026-06-08,2,209,393,0,0.0,0.0,0.0,0.0,0.0,HR8428,Passed,Federal Fraud Prevention Workforce Training Act,"On Motion to Suspend the Rules and Pass, as Amended",
119,House,570,2026-06-09,2,210,214,211,0.024,0.152,-0.715,0.114,-0.285,HRES1345,Passed,"Providing for consideration of the bills H.R. 8312, H.R. 8464, and S. 2 and providing for consideration of the resolution H.Res. 1355",On Ordering the Previous Question,
119,House,571,2026-06-09,2,211,213,211,0.024,0.152,-0.715,0.114,-0.285,HRES1345,Passed,"Providing for consideration of the bills H.R. 8312, H.R. 8464, and S. 2 and providing for consideration of the resolution H.Res. 1355",On Agreeing to the Resolution,
119,House,572,2026-06-09,2,212,220,199,0.203,0.153,0.575,1.021,-16.402,HRES1140,Passed,Providing for consideration of the bill (H.R. 5408) to accelerate workplace time-to-contract under the National Labor Relations Act,On Motion to Discharge,
119,House,573,2026-06-09,2,213,211,215,0.024,0.152,0.715,-0.114,-0.285,S2,Failed,Secure America Act,On Motion to Commit,
119,House,574,2026-06-09,2,214,214,212,0.07,0.087,-0.68,0.542,-1.909,S2,Passed,Secure America Act,On Passage,
119,House,575,2026-06-09,2,215,221,201,0.234,0.111,0.578,1.017,-19.767,HRES1140,Passed,Providing for consideration of the bill (H.R. 5408) to accelerate workplace time-to-contract under the National Labor Relations Act,On Agreeing to the Resolution,
119,House,576,2026-06-09,2,216,230,193,0.317,0.012,0.584,0.992,-30.212,HR5408,Passed,Faster Labor Contracts Act,On Passage,
119,House,577,2026-06-10,2,217,249,172,-0.286,0.268,-0.619,-0.848,-40.45,HR7892,Passed,No Aid for Ghost Students Act,On Passage,
119,House,578,2026-06-10,2,218,240,181,-0.151,-0.025,-0.539,-1.098,-36.961,HR8312,Passed,Fraud Prevention and Accountability Act,On Passage,
119,House,579,2026-06-10,2,219,209,213,0.024,0.153,0.714,-0.115,-0.285,HR8464,Failed,Stopping Fraudulent Payments Act,On Motion to Recommit,
119,House,580,2026-06-10,2,220,218,200,0.065,-0.18,-0.53,-1.038,-13.327,HR8464,Passed,Stopping Fraudulent Payments Act,On Passage,
119,House,581,2026-06-11,2,221,198,218,-0.399,0.917,-0.461,-1.316,-58.642,HR9238,Failed,"To amend the FISA Amendments Act of 2008 to extend the authorities of title VII of the Foreign Intelligence Surveillance Act of 1978, and for other purposes",On Motion to Suspend the Rules and Pass,
119,House,582,2026-06-11,2,222,235,177,0.0,-0.648,-0.587,-0.837,-39.409,HRES1335,Passed,"Condemning actors seeking to defraud the U.S. Government, and expressing the sense of the House of Representatives that government-wide fraud and improper payment prevention reforms will meaningfully improve the financial prosperity of the U.S., and that Federal program eligibility should be verified before payment",On Agreeing to the Resolution,
119,House,583,2026-06-23,2,223,368,19,0.304,-0.93,0.385,-1.653,-30.293,S629,Passed,Emergency Conservation Program Improvement Act,On Motion to Suspend the Rules and Pass,
119,House,584,2026-06-23,2,224,358,32,0.554,-0.422,0.393,-1.446,-28.102,HR6644,Passed,Housing for the 21st Century Act,On Motion to Suspend the Rules and Concur in Senate Adt to House Adt to Senate Adt,
119,House,585,2026-06-24,2,225,415,0,0.0,0.0,0.0,0.0,0.0,HR7401,Passed,Small Business Lending Fraud Prevention Act,On Motion to Suspend the Rules and Pass,
119,House,586,2026-06-24,2,226,414,4,0.0,0.0,0.0,0.0,0.0,HR915,Passed,Small Business Technological Advancement Act,"On Motion to Suspend the Rules and Pass, as Amended",
119,House,587,2026-06-25,2,227,414,2,0.0,0.0,0.0,0.0,0.0,HR2478,Passed,Financial Exploitation Prevention Act,"On Motion to Suspend the Rules and Pass, as Amended",
119,House,588,2026-06-29,2,228,267,117,0.278,-0.271,-0.026,-0.763,-166.694,HR7757,Passed,KIDS Act,"On Motion to Suspend the Rules and Pass, as Amended",
119,House,589,2026-06-29,2,229,373,15,0.664,-0.535,0.455,-1.363,-17.514,HR7128,Passed,TRIA Program Reauthorization Act,"On Motion to Suspend the Rules and Pass, as Amended",
119,House,590,2026-06-30,2,230,215,210,0.023,0.162,-0.715,0.1,-0.298,HRES1398,Passed,"Providing for consideration of the bills H.R. 8800, H.R. 8595, and H.R. 8884; and providing for consideration of the resolution H. Res. 1383",On Ordering the Previous Question,
119,House,591,2026-06-30,2,231,198,224,-0.225,0.974,-0.521,-1.185,-42.35,HRES1398,Failed,"Providing for consideration of the bills H.R. 8800, H.R. 8595, and H.R. 8884; and providing for consideration of the resolution H. Res. 1383",On Agreeing to the Resolution,
119,House,592,2026-06-30,2,232,189,235,-0.069,-0.002,0.23,0.579,-55.858,HCONRES108,Failed,Directing the President pursuant to section 5(c) of the War Powers Resolution to remove United States Armed Forces from hostilities in Lebanon,On Agreeing to the Resolution,
119,House,593,2026-06-30,2,233,420,0,0.0,0.0,0.0,0.0,0.0,HRES1399,Passed,Directing the Committee on Ethics to preserve and publicly release records relating to monetary settlements involving acts of sexual harassment,On Agreeing to the Resolution,
119,Senate,1,2025-01-09,1,1,84,9,-0.444,-0.634,-0.708,-0.181,-10.07,S5,Cloture Motion Agreed to,"A bill to require the Secretary of Homeland Security to take into custody aliens who have been charged in the United States with theft, and for other purposes.",On the Cloture Motion,
119,Senate,2,2025-01-13,1,2,82,10,-0.446,-0.606,-0.715,-0.072,-12.219,S5,Motion to Proceed Agreed to,"A bill to require the Secretary of Homeland Security to take into custody aliens who have been charged in the United States with theft, and for other purposes.",On the Motion to Proceed,
119,Senate,3,2025-01-15,1,3,70,25,-0.096,-0.589,-0.27,-0.761,-20.924,S5,Amendment Agreed to,To expand the list of criminal offenses that subject inadmissible aliens to mandatory detention.,On the Amendment,
119,Senate,4,2025-01-15,1,4,46,49,-0.01,-0.38,0.709,-0.252,-0.069,S5,Amendment Rejected,To strike the section that authorizes State attorneys general to sue Federal immigration authorities for alleged violations relating to the detention of aliens.,On the Amendment,
119,Senate,5,2025-01-17,1,5,61,35,-0.245,-0.022,-0.488,-1.252,-10.425,S5,Cloture Motion Agreed to,"A bill to require the Secretary of Homeland Security to take into custody aliens who have been charged in the United States with theft, and for other purposes.",On the Cloture Motion,
119,Senate,6,2025-01-20,1,6,75,24,-0.147,-0.798,-0.379,-0.654,-20.888,S5,Amendment Agreed to,"To include crimes resulting in death or serious bodily injury to the list of offenses that, if committed by an inadmissible alien, require mandatory detention.",On the Amendment,
119,Senate,7,2025-01-20,1,7,64,35,-0.232,-0.064,-0.431,-1.37,-10.475,S5,Bill Passed,"A bill to require the Secretary of Homeland Security to take into custody aliens who have been charged in the United States with theft, and for other purposes.",On Passage of the Bill,
119,Senate,8,2025-01-20,1,8,99,0,0.0,0.0,0.0,0.0,0.0,PN1113,Nomination Confirmed,"Marco Rubio, of Florida, to be Secretary of State",On the Nomination,
119,Senate,9,2025-01-21,1,9,54,46,0.016,-1.0,-0.855,-0.495,-2.334,PN1119,Motion to Proceed Agreed to,"John Ratcliffe, of Texas, to be Director of the Central Intelligence Agency",On the Motion to Proceed,
119,Senate,10,2025-01-21,1,10,53,45,0.009,-1.0,-0.589,-0.333,-2.302,PN117,Motion to Proceed Agreed to,"Peter Hegseth, of Tennessee, to be Secretary of Defense",On the Motion to Proceed,
119,Senate,11,2025-01-22,1,11,52,47,-0.01,-0.346,-0.704,0.322,-0.064,S6,Cloture on the Motion to Proceed Rejected,"A bill to amend title 18, United States Code, to prohibit a health care practitioner from failing to exercise the proper degree of care in the case of a child who survives an abortion or attempted abortion.",On Cloture on the Motion to Proceed,
119,Senate,12,2025-01-23,1,12,72,26,-0.369,0.93,-0.443,-0.092,-24.543,PN1119,Cloture Motion Agreed to,"John Ratcliffe, of Texas, to be Director of the Central Intelligence Agency",On the Cloture Motion,
119,Senate,13,2025-01-23,1,13,74,25,-0.351,0.936,-0.409,-0.028,-25.482,PN1119,Nomination Confirmed,"John Ratcliffe, of Texas, to be Director of the Central Intelligence Agency",On the Nomination,
119,Senate,14,2025-01-23,1,14,51,49,0.227,-0.182,-0.613,-0.871,-0.574,PN117,Cloture Motion Agreed to,"Peter Hegseth, of Tennessee, to be Secretary of Defense",On the Cloture Motion,
119,Senate,15,2025-01-24,1,15,50,50,0.187,0.208,-0.874,-1.307,-4.209,PN117,Nomination Confirmed,"Peter Hegseth, of Tennessee, to be Secretary of Defense",On the Nomination,
119,Senate,16,2025-01-24,1,16,61,39,0.051,-0.841,-0.632,-1.141,-14.302,PN1111,Cloture Motion Agreed to,"Kristi Noem, of South Dakota, to be Secretary of Homeland Security",On the Cloture Motion,
119,Senate,17,2025-01-25,1,17,59,34,-0.109,-0.608,-0.668,-0.752,-11.846,PN1111,Nomination Confirmed,"Kristi Noem, of South Dakota, to be Secretary of Homeland Security",On the Nomination,
119,Senate,18,2025-01-25,1,18,67,23,-0.059,-0.998,-0.214,-0.323,-21.703,PN111,Cloture Motion Agreed to,"Scott Bessent, of South Carolina, to be Secretary of the Treasury",On the Cloture Motion,
119,Senate,19,2025-01-27,1,19,68,29,-0.335,0.942,-0.348,-0.085,-23.697,PN111,Nomination Confirmed,"Scott Bessent, of South Carolina, to be Secretary of the Treasury",On the Nomination,
119,Senate,20,2025-01-27,1,20,97,0,0.0,0.0,0.0,0.0,0.0,PN116,Cloture Motion Agreed to,"Sean Duffy, of Wisconsin, to be Secretary of Transportation",On the Cloture Motion,
119,Senate,21,2025-01-28,1,21,77,22,-0.275,0.961,-0.323,0.144,-27.945,PN116,Nomination Confirmed,"Sean Duffy, of Wisconsin, to be Secretary of Transportation",On the Nomination,
119,Senate,22,2025-01-28,1,22,54,45,-0.099,-0.177,-0.708,-0.401,-1.965,HR23,Cloture on the Motion to Proceed Rejected,"A bill to impose sanctions with respect to the International Criminal Court engaged in any effort to investigate, arrest, detain, or prosecute any protected person of the United States and its allies.",On Cloture on the Motion to Proceed,
119,Senate,23,2025-01-29,1,23,56,42,0.132,-0.991,-0.605,-0.892,-7.246,PN1123,Cloture Motion Agreed to,"Lee Zeldin, of New York, to be Administrator of the Environmental Protection Agency",On the Cloture Motion,
119,Senate,24,2025-01-29,1,24,56,42,0.132,-0.991,-0.605,-0.892,-7.246,PN1123,Nomination Confirmed,"Lee Zeldin, of New York, to be Administrator of the Environmental Protection Agency",On the Nomination,
119,Senate,25,2025-01-29,1,25,78,20,-0.214,-0.833,-0.237,-0.316,-24.955,PN113,Cloture Motion Agreed to,"Douglas Burgum, of North Dakota, to be Secretary of the Interior",On the Cloture Motion,
119,Senate,26,2025-01-30,1,26,79,18,-0.096,-0.995,-0.195,-0.414,-24.472,PN113,Nomination Confirmed,"Douglas Burgum, of North Dakota, to be Secretary of the Interior",On the Nomination,
119,Senate,27,2025-01-30,1,27,62,35,-0.122,-0.992,-0.545,-0.39,-15.562,PN1115,Cloture Motion Agreed to,"Christopher Wright, of Colorado, to be Secretary of Energy",On the Cloture Motion,
119,Senate,28,2025-01-30,1,28,83,13,0.22,-0.92,-0.288,-1.754,-20.194,PN115,Cloture Motion Agreed to,"Douglas Collins, of Georgia, to be Secretary of Veterans Affairs",On the Cloture Motion,
119,Senate,29,2025-02-03,1,29,51,46,-0.009,-0.349,-0.705,0.308,-0.06,PN1122,Motion to Proceed Agreed to,"Russell Vought, of Virginia, to be Director of the Office of Management and Budget",On the Motion to Proceed,
119,Senate,30,2025-02-03,1,30,59,38,-0.108,-0.994,-0.414,-0.275,-16.142,PN1115,Nomination Confirmed,"Christopher Wright, of Colorado, to be Secretary of Energy",On the Nomination,
119,Senate,31,2025-02-03,1,31,52,46,-0.009,-0.349,-0.705,0.308,-0.06,PN112,Cloture Motion Agreed to,"Pamela Bondi, of Florida, to be Attorney General",On the Cloture Motion,
119,Senate,32,2025-02-04,1,32,77,23,0.178,-0.984,-0.203,-0.747,-26.466,PN115,Nomination Confirmed,"Douglas Collins, of Georgia, to be Secretary of Veterans Affairs",On the Nomination,
119,Senate,33,2025-02-04,1,33,54,46,-0.112,-0.023,-0.708,-0.301,-2.028,PN112,Nomination Confirmed,"Pamela Bondi, of Florida, to be Attorney General",On the Nomination,
119,Senate,34,2025-02-04,1,34,55,45,0.086,0.996,-0.367,0.254,-7.803,PN1114,Cloture Motion Agreed to,"Eric Turner, of Texas, to be Secretary of Housing and Urban Development",On the Cloture Motion,
119,Senate,35,2025-02-05,1,35,55,44,0.167,0.986,-0.478,0.563,-8.211,PN1114,Nomination Confirmed,"Eric Turner, of Texas, to be Secretary of Housing and Urban Development",On the Nomination,
119,Senate,36,2025-02-05,1,36,53,47,-0.006,-0.316,-0.701,0.36,-0.063,PN1122,Cloture Motion Agreed to,"Russell Vought, of Virginia, to be Director of the Office of Management and Budget",On the Cloture Motion,
119,Senate,37,2025-02-06,1,37,53,47,-0.005,-0.3,-0.699,0.385,-0.062,PN1122,Nomination Confirmed,"Russell Vought, of Virginia, to be Director of the Office of Management and Budget",On the Nomination,
119,Senate,38,2025-02-06,1,38,52,47,-0.005,-0.3,-0.699,0.385,-0.062,PN1122,Motion to Table Agreed to,"Russell Vought, of Virginia, to be Director of the Office of Management and Budget",On the Motion to Table,
119,Senate,39,2025-02-06,1,39,52,47,-0.005,-0.3,-0.699,0.385,-0.062,PN1122,Motion to Proceed Agreed to,"Russell Vought, of Virginia, to be Director of the Office of Management and Budget",On the Motion to Proceed,
119,Senate,40,2025-02-06,1,40,52,46,-0.005,-0.299,-0.699,0.385,-0.062,PN1116,Motion to Proceed Agreed to,"Tulsi Gabbard, of Hawaii, to be Director of National Intelligence",On the Motion to Proceed,
119,Senate,41,2025-02-06,1,41,52,47,-0.005,-0.3,-0.699,0.385,-0.062,PN1116,Motion to Proceed Agreed to,"Tulsi Gabbard, of Hawaii, to be Director of National Intelligence",On the Motion to Proceed,
119,Senate,42,2025-02-06,1,42,52,47,-0.005,-0.3,-0.699,0.385,-0.062,PN118,Motion to Proceed Agreed to,"Robert F. Kennedy, Jr., of California, to be Secretary of Health and Human Services",On the Motion to Proceed,
119,Senate,43,2025-02-06,1,43,52,46,-0.005,-0.298,-0.699,0.386,-0.061,PN118,Motion to Proceed Agreed to,"Robert F. Kennedy, Jr., of California, to be Secretary of Health and Human Services",On the Motion to Proceed,
119,Senate,44,2025-02-06,1,44,52,46,-0.009,-0.311,-0.7,0.37,-0.058,PN119,Motion to Proceed Agreed to,"Howard Lutnick, of New York, to be Secretary of Commerce",On the Motion to Proceed,
119,Senate,45,2025-02-06,1,45,51,46,-0.009,-0.311,-0.7,0.37,-0.058,PN119,Motion to Proceed Agreed to,"Howard Lutnick, of New York, to be Secretary of Commerce",On the Motion to Proceed,
119,Senate,46,2025-02-06,1,46,52,46,-0.009,-0.311,-0.7,0.37,-0.058,PN1112,Motion to Proceed Agreed to,"Brooke Rollins, of Texas, to be Secretary of Agriculture",On the Motion to Proceed,
119,Senate,47,2025-02-06,1,47,53,46,-0.009,-0.311,-0.7,0.37,-0.058,PN1112,Motion to Proceed Agreed to,"Brooke Rollins, of Texas, to be Secretary of Agriculture",On the Motion to Proceed,
119,Senate,48,2025-02-06,1,48,53,45,-0.009,-0.311,-0.7,0.37,-0.058,PN1118,Motion to Proceed Agreed to,"Kelly Loeffler, of Georgia, to be Administrator of the Small Business Administration",On the Motion to Proceed,
119,Senate,49,2025-02-10,1,49,52,46,-0.009,-0.311,-0.7,0.371,-0.058,PN1116,Cloture Motion Agreed to,"Tulsi Gabbard, of Hawaii, to be Director of National Intelligence",On the Cloture Motion,
119,Senate,50,2025-02-12,1,50,52,48,-0.004,-0.81,-0.33,0.257,-5.439,PN1116,Nomination Confirmed,"Tulsi Gabbard, of Hawaii, to be Director of National Intelligence",On the Nomination,
119,Senate,51,2025-02-12,1,51,53,47,-0.005,-0.297,-0.698,0.389,-0.062,PN118,Cloture Motion Agreed to,"Robert F. Kennedy, Jr., of California, to be Secretary of Health and Human Services",On the Cloture Motion,
119,Senate,52,2025-02-13,1,52,52,48,-0.007,-0.828,-0.333,0.26,-5.443,PN118,Nomination Confirmed,"Robert F. Kennedy, Jr., of California, to be Secretary of Health and Human Services",On the Nomination,
119,Senate,53,2025-02-13,1,53,72,28,0.244,-0.97,-0.183,-0.64,-27.792,PN1112,Nomination Confirmed,"Brooke Rollins, of Texas, to be Secretary of Agriculture",On the Nomination,
119,Senate,54,2025-02-13,1,54,52,45,-0.005,-0.301,-0.699,0.386,-0.062,PN119,Cloture Motion Agreed to,"Howard Lutnick, of New York, to be Secretary of Commerce",On the Cloture Motion,
119,Senate,55,2025-02-13,1,55,51,43,-0.079,-0.16,-0.603,-0.919,-5.246,PN1118,Cloture Motion Agreed to,"Kelly Loeffler, of Georgia, to be Administrator of the Small Business Administration",On the Cloture Motion,
119,Senate,56,2025-02-18,1,56,48,45,-0.007,-0.309,-0.697,0.398,-0.06,PN1235,Motion to Proceed Agreed to,"Kashyap Patel, of Nevada, to be Director of the Federal Bureau of Investigation for a term of ten years",On the Motion to Proceed,
119,Senate,57,2025-02-18,1,57,51,45,-0.006,-0.299,-0.698,0.388,-0.061,PN119,Nomination Confirmed,"Howard Lutnick, of New York, to be Secretary of Commerce",On the Nomination,
119,Senate,58,2025-02-18,1,58,50,47,-0.269,0.963,-0.449,-0.689,-4.712,SCONRES7,Motion to Proceed Agreed to,An original concurrent resolution setting forth the congressional budget for the United States Government for fiscal year 2025 and setting forth the appropriate budgetary levels for fiscal years 2026 through 2034.,On the Motion to Proceed,
119,Senate,59,2025-02-19,1,59,52,46,0.04,-0.581,-0.64,-0.779,-3.625,PN1118,Nomination Confirmed,"Kelly Loeffler, of Georgia, to be Administrator of the Small Business Administration",On the Nomination,
119,Senate,60,2025-02-20,1,60,51,47,0.129,-0.234,-0.647,-0.714,-0.569,PN1235,Cloture Motion Agreed to,"Kashyap Patel, of Nevada, to be Director of the Federal Bureau of Investigation for a term of ten years",On the Cloture Motion,
119,Senate,61,2025-02-20,1,61,51,49,0.227,-0.182,-0.613,-0.871,-0.576,PN1235,Nomination Confirmed,"Kashyap Patel, of Nevada, to be Director of the Federal Bureau of Investigation for a term of ten years",On the Nomination,
119,Senate,62,2025-02-20,1,62,47,52,0.129,-0.234,0.647,0.713,-0.578,SCONRES7,Motion Rejected,To prevent unwarranted tax cuts for the ultra-rich.,On the Motion,
119,Senate,63,2025-02-20,1,63,48,52,0.129,-0.233,0.647,0.711,-0.579,SCONRES7,Motion Rejected,To stop tax cuts for the ultra-rich while families struggle to put food on the table.,On the Motion,
119,Senate,64,2025-02-20,1,64,48,52,-0.266,0.964,0.408,0.635,-5.326,SCONRES7,Amendment Rejected,To establish a deficit-neutral reserve fund relating to the impacts of hedge fund ownership of single-family homes and rent prices.,On the Amendment,
119,Senate,65,2025-02-20,1,65,47,53,-0.005,-0.282,0.696,-0.411,-0.061,SCONRES7,Motion Rejected,To create a point of order against any reconciliation bill that would not decrease the cost of housing for American families.,On the Motion,
119,Senate,66,2025-02-20,1,66,47,53,-0.005,-0.282,0.696,-0.411,-0.061,SCONRES7,Amendment Rejected,"To strike the reconciliation instructions and create a reserve fund to implement a bipartisan, multi-year agreement to provide up to $171,000,000,000 in discretionary funding for defense and up to $171,000,000,000 in discretionary funding for other programs, accounts, and activities to address border, veterans, farmers, food and nutrition, disaster relief, and other needs.",On the Amendment,
119,Senate,67,2025-02-20,1,67,47,53,-0.005,-0.282,0.696,-0.411,-0.061,SCONRES7,Motion Rejected,"To create a point of order against legislation that would raise energy costs for Americans, including higher monthly electricity bills, building material expenses, and transportation costs.",On the Motion,
119,Senate,68,2025-02-20,1,68,48,52,0.159,0.987,0.951,-0.085,-2.208,SCONRES7,Amendment Rejected,"To establish a deficit-neutral reserve fund relating to reinstating the fired Federal employees at the Forest Service, National Park Service, United States Fish and Wildlife Service, and Bureau of Land Management.",On the Amendment,
119,Senate,69,2025-02-20,1,69,48,52,-0.132,-0.991,0.402,-0.487,-5.378,SCONRES7,Amendment Rejected,To establish a deficit-neutral reserve fund relating to supporting Federal wildland firefighters and associated personnel.,On the Amendment,
119,Senate,70,2025-02-20,1,70,51,49,-0.175,0.985,-0.289,-0.387,-9.487,SCONRES7,Amendment Agreed to,To establish a deficit-neutral reserve fund relating to protecting Medicare and Medicaid.,On the Amendment,
119,Senate,71,2025-02-20,1,71,49,51,-0.276,0.961,0.504,0.983,-4.82,SCONRES7,Motion Rejected,To prevent tax cuts for the wealthy if a single dollar of Medicaid funding is cut.,On the Motion,
119,Senate,72,2025-02-20,1,72,49,51,-0.276,0.961,0.504,0.983,-4.82,SCONRES7,Amendment Rejected,To establish a deficit-neutral reserve fund relating to protecting access to maternal and pediatric health care through Medicaid.,On the Amendment,
119,Senate,73,2025-02-20,1,73,47,53,-0.005,-0.282,0.696,-0.411,-0.061,SCONRES7,Motion Rejected,"To prevent millions of Americans from being kicked off their health coverage, suffering needlessly, getting sicker, and dying sooner.",On the Motion,
119,Senate,74,2025-02-21,1,74,48,52,0.129,-0.233,0.647,0.711,-0.579,SCONRES7,Motion Rejected,"To create a point of order against legislation that would take away health care from seniors, including those receiving care in nursing homes, through cuts to the Medicaid program.",On the Motion,
119,Senate,75,2025-02-21,1,75,49,51,-0.276,0.961,0.504,0.983,-4.82,SCONRES7,Motion Rejected,To create a point of order against legislation that would reduce Medicare and Medicaid benefits for Americans.,On the Motion,
119,Senate,76,2025-02-21,1,76,47,53,-0.005,-0.282,0.696,-0.411,-0.061,SCONRES7,Amendment Rejected,To ensure continued United States support for the Government of Ukraine to stand firm against aggression by the Government of Russia in Europe.,On the Amendment,
119,Senate,77,2025-02-21,1,77,24,76,0.563,0.826,-0.274,-0.05,-26.456,SCONRES7,Amendment Rejected,To require an adequate amount of deficit reduction as part of reconciliation.,On the Amendment,
119,Senate,78,2025-02-21,1,78,47,53,-0.005,-0.282,0.696,-0.411,-0.061,SCONRES7,Amendment Rejected,"To establish a deficit-neutral reserve fund relating to preventing reductions in funding and staffing necessary to respond to, control, and prevent avian flu.",On the Amendment,
119,Senate,79,2025-02-21,1,79,49,51,0.156,-0.988,0.323,-0.01,-6.013,SCONRES7,Motion Rejected,To create a point of order against legislation that would cut funding from the school lunch or school breakfast programs.,On the Motion,
119,Senate,80,2025-02-21,1,80,48,52,0.159,0.987,0.951,-0.085,-2.208,SCONRES7,Amendment Rejected,"To establish a deficit-neutral reserve fund relating to preserving and extending vital tax credits enacted under the Patient Protection and Affordable Care Act, which make heath care accessible and affordable and that have led to the lowest uninsured rate in our Nation's history.",On the Amendment,
119,Senate,81,2025-02-21,1,81,48,52,-0.132,-0.991,0.402,-0.487,-5.378,SCONRES7,Amendment Rejected,"To establish a deficit-neutral reserve fund relating to supporting police, which may include initiatives that provide funding directly to law enforcement agencies to hire or rehire additional career law enforcement officers in an effort to increase their community policing capacity and crime prevention efforts.",On the Amendment,
119,Senate,82,2025-02-21,1,82,49,51,0.227,-0.182,0.613,0.871,-0.574,SCONRES7,Amendment Rejected,"To establish a deficit-neutral reserve fund relating to protecting access to fertility services, and eliminating barriers for families in need of high-quality, affordable fertility services by expanding nationwide coverage for in vitro fertilization.",On the Amendment,
119,Senate,83,2025-02-21,1,83,47,52,-0.271,0.963,0.407,0.635,-5.137,SCONRES7,Amendment Rejected,"To ensure full and uninterrupted funding for Department of Veterans Affairs health care and benefits provided by the Sergeant First Class Heath Robinson Honoring our Promise to Address Comprehensive Toxics Act of 2022 (Public Law 117-168), also known as the ""PACT Act"", preventing any cuts or delays.",On the Amendment,
119,Senate,84,2025-02-21,1,84,47,53,-0.005,-0.282,0.696,-0.411,-0.061,SCONRES7,Amendment Rejected,To strike reconciliation instructions requiring damaging cuts to programs critical to rural Americans and food assistance for American families.,On the Amendment,
119,Senate,85,2025-02-21,1,85,53,47,-0.005,-0.282,-0.696,0.411,-0.061,SCONRES7,Amendment Agreed to,"To establish a deficit-neutral reserve fund relating to Congress continuing its work to rein in the administrative state by supporting legislation that prevents Federal agencies from finalizing major rules without congressional approval, strengthens the Article 1 law-making powers of Congress, cuts spending resulting from costly regulations, reduces inflation, and unleashes economic growth.",On the Amendment,
119,Senate,86,2025-02-21,1,86,49,51,-0.18,-0.984,0.297,-0.402,-11.533,SCONRES7,Amendment Rejected,To establish a deficit-neutral reserve fund relating to ending price gouging on prescription drugs.,On the Amendment,
119,Senate,87,2025-02-21,1,87,52,48,-0.27,0.963,-0.451,-0.694,-4.714,SCONRES7,Concurrent Resolution Agreed to,An original concurrent resolution setting forth the congressional budget for the United States Government for fiscal year 2025 and setting forth the appropriate budgetary levels for fiscal years 2026 through 2034.,On the Concurrent Resolution,
119,Senate,88,2025-02-24,1,88,66,28,-0.132,-0.991,-0.368,-0.398,-19.817,PN1212,Cloture Motion Agreed to,"Daniel Driscoll, of North Carolina, to be Secretary of the Army",On the Cloture Motion,
119,Senate,89,2025-02-24,1,89,55,42,-0.156,-0.194,-0.342,-0.004,-11.226,PN1117,Cloture Motion Agreed to,"Jamieson Greer, of Maryland, to be United States Trade Representative, with the rank of Ambassador",On the Cloture Motion,
119,Senate,90,2025-02-25,1,90,66,28,-0.365,0.616,-0.823,-0.459,-17.597,PN1212,Nomination Confirmed,"Daniel Driscoll, of North Carolina, to be Secretary of the Army",On the Nomination,
119,Senate,91,2025-02-25,1,91,54,42,0.106,-0.862,-0.614,-0.942,-9.016,SJRES11,Motion to Proceed Agreed to,"A joint resolution providing for congressional disapproval under chapter 8 of title 5, United States Code, of the rule submitted by the Bureau of Ocean Energy Management relating to ""Protection of Marine Archaeological Resources"".",On the Motion to Proceed,
119,Senate,92,2025-02-25,1,92,54,44,0.105,-0.855,-0.614,-0.943,-9.033,SJRES11,Joint Resolution Passed,"A joint resolution providing for congressional disapproval under chapter 8 of title 5, United States Code, of the rule submitted by the Bureau of Ocean Energy Management relating to ""Protection of Marine Archaeological Resources"".",On the Joint Resolution,
119,Senate,93,2025-02-25,1,93,51,47,-0.004,-0.278,-0.695,0.424,-0.06,PN1110,Motion to Proceed Agreed to,"Linda McMahon, of Connecticut, to be Secretary of Education",On the Motion to Proceed,
119,Senate,94,2025-02-26,1,94,56,43,-0.397,0.918,-0.39,-0.561,-15.539,PN1117,Nomination Confirmed,"Jamieson Greer, of Maryland, to be United States Trade Representative, with the rank of Ambassador",On the Nomination,
119,Senate,95,2025-02-26,1,95,47,52,-0.004,-0.276,0.695,-0.426,-0.06,SJRES10,Joint Resolution Defeated,A joint resolution terminating the national emergency declared with respect to energy.,On the Joint Resolution,
119,Senate,96,2025-02-26,1,96,52,47,-0.004,-0.276,-0.695,0.426,-0.06,SJRES12,Motion to Proceed Agreed to,"A joint resolution providing for congressional disapproval under chapter 8 of title 5, United States Code, of the rule submitted by the Environmental Protection Agency relating to ""Waste Emissions Charge for Petroleum and Natural Gas Systems: Procedures for Facilitating Compliance, Including Netting and Exemptions"".",On the Motion to Proceed,
119,Senate,97,2025-02-27,1,97,52,47,-0.004,-0.276,-0.695,0.426,-0.06,HJRES35,Joint Resolution Passed,"A joint resolution providing for congressional disapproval under chapter 8 of title 5, United States Code, of the rule submitted by the Environmental Protection Agency relating to ""Waste Emissions Charge for Petroleum and Natural Gas Systems: Procedures for Facilitating Compliance, Including Netting and Exemptions"".",On the Joint Resolution,
119,Senate,98,2025-02-27,1,98,51,47,-0.004,-0.276,-0.695,0.426,-0.06,PN1110,Cloture Motion Agreed to,"Linda McMahon, of Connecticut, to be Secretary of Education",On the Cloture Motion,
119,Senate,99,2025-03-03,1,99,51,45,-0.004,-0.288,-0.692,0.453,-0.058,PN1110,Nomination Confirmed,"Linda McMahon, of Connecticut, to be Secretary of Education",On the Nomination,
119,Senate,100,2025-03-03,1,100,51,45,-0.004,-0.288,-0.692,0.453,-0.058,S9,Cloture on the Motion to Proceed Rejected,"A bill to provide that for purposes of determining compliance with title IX of the Education Amendments of 1972 in athletics, sex shall be recognized based solely on a person's reproductive biology and genetics at birth.",On Cloture on the Motion to Proceed,
119,Senate,101,2025-03-04,1,101,70,28,0.332,-0.943,-0.147,-0.591,-27.997,SJRES3,Motion to Proceed Agreed to,"A joint resolution providing for congressional disapproval under chapter 8 of title 5, United States Code, of the rule submitted by the Internal Revenue Service relating to ""Gross Proceeds Reporting by Brokers That Regularly Provide Services Effectuating Digital Asset Sales"".",On the Motion to Proceed,
119,Senate,102,2025-03-04,1,102,70,27,0.312,-0.95,-0.151,-0.613,-27.822,SJRES3,Joint Resolution Passed,"A joint resolution providing for congressional disapproval under chapter 8 of title 5, United States Code, of the rule submitted by the Internal Revenue Service relating to ""Gross Proceeds Reporting by Brokers That Regularly Provide Services Effectuating Digital Asset Sales"".",On the Joint Resolution,
119,Senate,103,2025-03-04,1,103,50,47,-0.308,0.951,-0.449,-0.786,-5.236,SJRES28,Motion to Proceed Agreed to,"A joint resolution disapproving the rule submitted by the Bureau of Consumer Financial Protection relating to ""Defining Larger Participants of a Market for General-Use Digital Consumer Payment Applications"".",On the Motion to Proceed,
119,Senate,104,2025-03-05,1,104,51,46,-0.0,-0.25,-0.692,0.454,-0.056,PN125,Cloture Motion Agreed to,"Todd Blanche, of Florida, to be Deputy Attorney General",On the Cloture Motion,
119,Senate,105,2025-03-05,1,105,52,46,-0.003,-0.254,-0.693,0.442,-0.06,PN125,Nomination Confirmed,"Todd Blanche, of Florida, to be Deputy Attorney General",On the Nomination,
119,Senate,106,2025-03-05,1,106,51,47,-0.282,0.959,-0.417,-0.671,-5.26,SJRES28,Joint Resolution Passed,"A joint resolution disapproving the rule submitted by the Bureau of Consumer Financial Protection relating to ""Defining Larger Participants of a Market for General-Use Digital Consumer Payment Applications"".",On the Joint Resolution,
119,Senate,107,2025-03-06,1,107,53,43,-0.106,-0.231,-0.435,0.363,-3.965,PN1214,Cloture Motion Agreed to,"Troy Edgar, of California, to be Deputy Secretary of Homeland Security",On the Cloture Motion,
119,Senate,108,2025-03-06,1,108,53,43,-0.105,-0.229,-0.435,0.362,-3.967,PN1214,Nomination Confirmed,"Troy Edgar, of California, to be Deputy Secretary of Homeland Security",On the Nomination,
119,Senate,109,2025-03-06,1,109,66,30,-0.465,0.257,-0.435,-1.335,-16.825,PN114,Cloture Motion Agreed to,"Lori Chavez-DeRemer, of Oregon, to be Secretary of Labor",On the Cloture Motion,
119,Senate,110,2025-03-06,1,110,82,12,-0.495,0.869,-0.367,-0.088,-21.525,S331,Cloture on the Motion to Proceed Agreed to,"A bill to amend the Controlled Substances Act with respect to the scheduling of fentanyl-related substances, and for other purposes.",On Cloture on the Motion to Proceed,
119,Senate,111,2025-03-10,1,111,67,32,-0.65,0.59,-0.451,-1.397,-26.377,PN114,Nomination Confirmed,"Lori Chavez-DeRemer, of Oregon, to be Secretary of Labor",On the Nomination,
119,Senate,112,2025-03-11,1,112,51,46,-0.302,0.953,-0.484,-0.813,-4.656,PN132,Cloture Motion Agreed to,"Steven Bradbury, of Virginia, to be Deputy Secretary of Transportation",On the Cloture Motion,
119,Senate,113,2025-03-11,1,113,51,46,-0.302,0.953,-0.484,-0.813,-4.658,PN132,Nomination Confirmed,"Steven Bradbury, of Virginia, to be Deputy Secretary of Transportation",On the Nomination,
119,Senate,114,2025-03-11,1,114,77,19,-0.025,-0.99,-0.109,-0.332,-33.227,PN1241,Cloture Motion Agreed to,"Abigail Slater, of the District of Columbia, to be an Assistant Attorney General",On the Cloture Motion,
119,Senate,115,2025-03-11,1,115,78,19,-0.344,0.939,-0.214,0.082,-30.436,PN1241,Nomination Confirmed,"Abigail Slater, of the District of Columbia, to be an Assistant Attorney General",On the Nomination,
119,Senate,116,2025-03-12,1,116,52,45,-0.003,-0.248,-0.693,0.447,-0.06,PN19,Cloture Motion Agreed to,"Stephen Miran, of New York, to be Chairman of the Council of Economic Advisers",On the Cloture Motion,
119,Senate,117,2025-03-12,1,117,53,46,-0.003,-0.248,-0.693,0.447,-0.06,PN19,Nomination Confirmed,"Stephen Miran, of New York, to be Chairman of the Council of Economic Advisers",On the Nomination,
119,Senate,118,2025-03-12,1,118,53,45,-0.003,-0.248,-0.693,0.447,-0.06,PN1242,Cloture Motion Agreed to,"Keith Sonderling, of Florida, to be Deputy Secretary of Labor",On the Cloture Motion,
119,Senate,119,2025-03-12,1,119,53,46,-0.003,-0.248,-0.693,0.447,-0.06,PN1242,Nomination Confirmed,"Keith Sonderling, of Florida, to be Deputy Secretary of Labor",On the Nomination,
119,Senate,120,2025-03-13,1,120,57,41,0.02,-1.0,-0.277,-0.196,-13.289,PN1312,Cloture Motion Agreed to,"William Pulte, of Florida, to be Director of the Federal Housing Finance Agency for a term of five years",On the Cloture Motion,
119,Senate,121,2025-03-13,1,121,56,43,0.076,-0.997,-0.282,-0.241,-10.914,PN1312,Nomination Confirmed,"William Pulte, of Florida, to be Director of the Federal Housing Finance Agency for a term of five years",On the Nomination,
119,Senate,122,2025-03-13,1,122,54,45,-0.085,0.03,-0.58,-0.993,-2.778,PN2212,Cloture Motion Agreed to,"Jeffrey Kessler, of Virginia, to be Under Secretary of Commerce for Industry and Security",On the Cloture Motion,
119,Senate,123,2025-03-13,1,123,54,45,-0.085,0.03,-0.58,-0.993,-2.778,PN2212,Nomination Confirmed,"Jeffrey Kessler, of Virginia, to be Under Secretary of Commerce for Industry and Security",On the Nomination,
119,Senate,124,2025-03-13,1,124,84,15,-0.115,-0.993,-0.313,-0.706,-19.119,S331,Cloture Motion Agreed to,"A bill to amend the Controlled Substances Act with respect to the scheduling of fentanyl-related substances, and for other purposes.",On the Cloture Motion,
119,Senate,125,2025-03-14,1,125,56,39,-0.231,0.2,-0.362,-0.35,-12.278,PN1216,Cloture Motion Agreed to,"Stephen Feinberg, of New York, to be Deputy Secretary of Defense",On the Cloture Motion,
119,Senate,126,2025-03-14,1,126,59,40,-0.245,0.286,-0.376,-0.359,-12.372,PN1216,Nomination Confirmed,"Stephen Feinberg, of New York, to be Deputy Secretary of Defense",On the Nomination,
119,Senate,127,2025-03-14,1,127,84,16,-0.168,-0.986,-0.301,-0.546,-20.853,S331,Bill Passed,"A bill to amend the Controlled Substances Act with respect to the scheduling of fentanyl-related substances, and for other purposes.",On Passage of the Bill,
119,Senate,128,2025-03-14,1,128,62,38,-0.196,0.981,-0.226,-0.011,-24.806,HR1968,Cloture Motion Agreed to,"A bill making further continuing appropriations and other extensions for the fiscal year ending September 30, 2025, and for other purposes.",On the Cloture Motion,
119,Senate,129,2025-03-14,1,129,47,53,-0.002,-0.248,0.693,-0.446,-0.06,HR1968,Amendment Rejected,To except the application of certain rescissions.,On the Amendment,
119,Senate,130,2025-03-14,1,130,47,53,-0.002,-0.248,0.693,-0.446,-0.06,HR1968,Amendment Rejected,To make veteran Federal employees who were involuntarily dismissed without cause eligible for reinstatement and to require reports from Executive agencies on the number of veteran employees fired from such agencies.,On the Amendment,
119,Senate,131,2025-03-14,1,131,48,52,0.16,0.987,0.954,-0.093,-2.208,HR1968,Amendment Rejected,To prohibit the use of appropriated amounts by DOGE.,On the Amendment,
119,Senate,132,2025-03-14,1,132,27,73,0.478,-0.272,-0.685,0.613,-16.748,HR1968,Amendment Rejected,To reduce the amount appropriated for the United States Agency for International Development.,On the Amendment,
119,Senate,133,2025-03-14,1,133,54,46,-0.266,0.964,-0.353,-0.364,-9.331,HR1968,Bill Passed,"A bill making further continuing appropriations and other extensions for the fiscal year ending September 30, 2025, and for other purposes.",On Passage of the Bill,
119,Senate,134,2025-03-14,1,134,64,33,-0.2,-0.486,-0.665,-0.599,-12.995,PN1236,Cloture Motion Agreed to,"John Phelan, of Florida, to be Secretary of the Navy",On the Cloture Motion,
119,Senate,135,2025-03-14,1,135,63,32,-0.257,-0.23,-0.705,-0.202,-10.038,PN1225,Cloture Motion Agreed to,"Christopher Landau, of Maryland, to be Deputy Secretary of State",On the Cloture Motion,
119,Senate,136,2025-03-24,1,136,62,30,-0.239,-0.314,-0.669,-0.567,-13.133,PN1236,Nomination Confirmed,"John Phelan, of Florida, to be Secretary of the Navy",On the Nomination,
119,Senate,137,2025-03-24,1,137,60,31,-0.259,-0.219,-0.705,-0.192,-10.718,PN1225,Nomination Confirmed,"Christopher Landau, of Maryland, to be Deputy Secretary of State",On the Nomination,
119,Senate,138,2025-03-25,1,138,73,25,-0.109,-0.891,-0.621,-1.029,-19.467,PN138,Cloture Motion Agreed to,"Michael Kratsios, of South Carolina, to be Director of the Office of Science and Technology Policy",On the Cloture Motion,
119,Senate,139,2025-03-25,1,139,74,25,-0.109,-0.891,-0.622,-1.029,-19.469,PN138,Nomination Confirmed,"Michael Kratsios, of South Carolina, to be Director of the Office of Science and Technology Policy",On the Nomination,
119,Senate,140,2025-03-25,1,140,53,46,-0.002,-0.246,-0.693,0.448,-0.06,PN122,Cloture Motion Agreed to,"Jayanta Bhattacharya, of California, to be Director of the National Institutes of Health",On the Cloture Motion,
119,Senate,141,2025-03-25,1,141,53,47,-0.002,-0.247,-0.693,0.448,-0.06,PN122,Nomination Confirmed,"Jayanta Bhattacharya, of California, to be Director of the National Institutes of Health",On the Nomination,
119,Senate,142,2025-03-25,1,142,56,44,-0.076,0.997,-0.407,0.091,-8.952,PN1228,Cloture Motion Agreed to,"Martin Makary, of Virginia, to be Commissioner of Food and Drugs, Department of Health and Human Services",On the Cloture Motion,
119,Senate,143,2025-03-25,1,143,56,44,-0.076,0.997,-0.407,0.091,-8.952,PN1228,Nomination Confirmed,"Martin Makary, of Virginia, to be Commissioner of Food and Drugs, Department of Health and Human Services",On the Nomination,
119,Senate,144,2025-03-25,1,144,52,47,-0.002,-0.247,-0.693,0.448,-0.06,PN123,Cloture Motion Agreed to,"James Bishop, of North Carolina, to be Deputy Director of the Office of Management and Budget",On the Cloture Motion,
119,Senate,145,2025-03-26,1,145,53,45,-0.003,-0.246,-0.693,0.447,-0.06,PN123,Nomination Confirmed,"James Bishop, of North Carolina, to be Deputy Director of the Office of Management and Budget",On the Nomination,
119,Senate,146,2025-03-26,1,146,53,45,-0.003,-0.246,-0.693,0.447,-0.06,PN1237,Cloture Motion Agreed to,"Aaron Reitz, of Texas, to be an Assistant Attorney General vice Hampton Y. Dellinger",On the Cloture Motion,
119,Senate,147,2025-03-26,1,147,52,46,-0.003,-0.247,-0.693,0.448,-0.06,PN1237,Nomination Confirmed,"Aaron Reitz, of Texas, to be an Assistant Attorney General vice Hampton Y. Dellinger",On the Nomination,
119,Senate,148,2025-03-26,1,148,52,46,-0.003,-0.247,-0.693,0.448,-0.06,PN1215,Cloture Motion Agreed to,"Michael Faulkender, of Maryland, to be Deputy Secretary of the Treasury",On the Cloture Motion,
119,Senate,149,2025-03-26,1,149,53,43,-0.009,-0.266,-0.695,0.425,-0.056,PN1215,Nomination Confirmed,"Michael Faulkender, of Maryland, to be Deputy Secretary of the Treasury",On the Nomination,
119,Senate,150,2025-03-26,1,150,70,28,0.45,-0.893,-0.18,-0.909,-27.172,HJRES25,Motion to Proceed Agreed to,"A joint resolution providing for congressional disapproval under chapter 8 of title 5, United States Code, of the rule submitted by the Internal Revenue Service relating to ""Gross Proceeds Reporting by Brokers That Regularly Provide Services Effectuating Digital Asset Sales"".",On the Motion to Proceed,
119,Senate,151,2025-03-26,1,151,70,28,0.427,-0.904,-0.184,-0.87,-26.006,HJRES25,Joint Resolution Passed,"A joint resolution providing for congressional disapproval under chapter 8 of title 5, United States Code, of the rule submitted by the Internal Revenue Service relating to ""Gross Proceeds Reporting by Brokers That Regularly Provide Services Effectuating Digital Asset Sales"".",On the Joint Resolution,
119,Senate,152,2025-03-26,1,152,52,47,-0.269,0.963,-0.412,-0.646,-5.326,SJRES18,Motion to Proceed Agreed to,"A joint resolution disapproving the rule submitted by the Bureau of Consumer Financial Protection relating to ""Overdraft Lending: Very Large Financial Institutions"".",On the Motion to Proceed,
119,Senate,153,2025-03-27,1,153,52,48,-0.27,0.963,-0.414,-0.65,-5.326,SJRES18,Joint Resolution Passed,"A joint resolution disapproving the rule submitted by the Bureau of Consumer Financial Protection relating to ""Overdraft Lending: Very Large Financial Institutions"".",On the Joint Resolution,
119,Senate,154,2025-03-27,1,154,53,47,-0.003,-0.246,-0.693,0.447,-0.06,PN139,Cloture Motion Agreed to,"Paul Lawrence, of Virginia, to be Deputy Secretary of Veterans Affairs",On the Cloture Motion,
119,Senate,155,2025-03-27,1,155,51,45,-0.003,-0.247,-0.692,0.449,-0.06,PN139,Nomination Confirmed,"Paul Lawrence, of Virginia, to be Deputy Secretary of Veterans Affairs",On the Nomination,
119,Senate,156,2025-03-31,1,156,49,42,-0.149,-0.598,-0.481,0.244,-3.173,PN2556,Cloture Motion Agreed to,"Matthew Whitaker, of Iowa, to be United States Permanent Representative on the Council of the North Atlantic Treaty Organization, with the rank and status of Ambassador",On the Cloture Motion,
119,Senate,157,2025-04-01,1,157,52,45,-0.119,-0.378,-0.465,0.213,-3.303,PN2556,Nomination Confirmed,"Matthew Whitaker, of Iowa, to be United States Permanent Representative on the Council of the North Atlantic Treaty Organization, with the rank and status of Ambassador",On the Nomination,
119,Senate,158,2025-04-02,1,158,53,46,-0.003,-0.246,-0.693,0.447,-0.06,PN1239,Cloture Motion Agreed to,"Dean Sauer, of Missouri, to be Solicitor General of the United States",On the Cloture Motion,
119,Senate,159,2025-04-02,1,159,52,45,-0.001,-0.246,-0.692,0.455,-0.056,PN1211,Cloture Motion Agreed to,"Harmeet Dhillon, of California, to be an Assistant Attorney General",On the Cloture Motion,
119,Senate,160,2025-04-02,1,160,51,48,-0.156,0.797,0.499,1.227,-7.158,SJRES37,Joint Resolution Passed,A joint resolution terminating the national emergency declared to impose duties on articles imported from Canada.,On the Joint Resolution,
119,Senate,161,2025-04-02,1,161,51,46,-0.003,-0.251,-0.692,0.453,-0.06,HJRES24,Motion to Proceed Agreed to,"A joint resolution providing for congressional disapproval under chapter 8 of title 5, United States Code, of the rule submitted by the Department of Energy relating to ""Energy Conservation Program: Energy Conservation Standards for Walk-In Coolers and Walk-In Freezers"".",On the Motion to Proceed,
119,Senate,162,2025-04-03,1,162,53,42,-0.004,-0.238,-0.692,0.455,-0.058,HJRES24,Joint Resolution Passed,"A joint resolution providing for congressional disapproval under chapter 8 of title 5, United States Code, of the rule submitted by the Department of Energy relating to ""Energy Conservation Program: Energy Conservation Standards for Walk-In Coolers and Walk-In Freezers"".",On the Joint Resolution,
119,Senate,163,2025-04-03,1,163,52,45,-0.004,-0.246,-0.693,0.446,-0.058,PN1239,Nomination Confirmed,"Dean Sauer, of Missouri, to be Solicitor General of the United States",On the Nomination,
119,Senate,164,2025-04-03,1,164,50,45,-0.003,-0.253,-0.692,0.457,-0.06,PN1234,Cloture Motion Agreed to,"Mehmet Oz, of Pennsylvania, to be Administrator of the Centers for Medicare and Medicaid Services",On the Cloture Motion,
119,Senate,165,2025-04-03,1,165,15,82,-0.273,-0.962,0.25,0.28,-23.419,SJRES33,Motion to Discharge Rejected,A joint resolution providing for congressional disapproval of the proposed foreign military sale to the Government of Israel of certain defense articles and services.,On the Motion to Discharge,
119,Senate,166,2025-04-03,1,166,15,83,-0.283,-0.959,0.257,0.271,-23.592,SJRES26,Motion to Discharge Rejected,A joint resolution providing for congressional disapproval of the proposed foreign military sale to Israel of certain defense articles and services.,On the Motion to Discharge,
119,Senate,167,2025-04-03,1,167,53,45,-0.003,-0.246,-0.693,0.446,-0.06,PN1234,Nomination Confirmed,"Mehmet Oz, of Pennsylvania, to be Administrator of the Centers for Medicare and Medicaid Services",On the Nomination,
119,Senate,168,2025-04-03,1,168,52,45,0.162,0.987,-0.953,0.098,-2.211,PN1211,Nomination Confirmed,"Harmeet Dhillon, of California, to be an Assistant Attorney General",On the Nomination,
119,Senate,169,2025-04-03,1,169,52,48,-0.272,0.962,-0.45,-0.696,-4.716,HCONRES14,Motion to Proceed Agreed to,A concurrent resolution establishing the congressional budget for the United States Government for fiscal year 2025 and setting forth the appropriate budgetary levels for fiscal years 2026 through 2034.,On the Motion to Proceed,
119,Senate,170,2025-04-04,1,170,51,48,-0.161,0.987,-0.282,-0.359,-9.488,HCONRES14,Amendment Agreed to,To establish a deficit-neutral reserve fund relating to protecting Medicare and Medicaid.,On the Amendment,
119,Senate,171,2025-04-04,1,171,46,53,-0.003,-0.247,0.693,-0.447,-0.06,HCONRES14,Amendment Rejected,To create a point of order against legislation that would create more debt over a 30-year period than has accumulated over the past 249 years.,On the Amendment,
119,Senate,172,2025-04-04,1,172,48,51,-0.275,0.961,0.511,0.988,-4.82,HCONRES14,Amendment Rejected,"To establish a deficit-neutral reserve fund relating to preventing reduction in enrollment or benefits for individuals enrolled in Medicaid, including seniors, children, families, individuals with disabilities, veterans, and military families.",On the Amendment,
119,Senate,173,2025-04-04,1,173,47,51,0.227,-0.181,0.614,0.87,-0.574,HCONRES14,Amendment Rejected,To strike the provision relating to instructions to the Committee on Agriculture.,On the Amendment,
119,Senate,174,2025-04-04,1,174,46,53,-0.003,-0.247,0.693,-0.447,-0.06,HCONRES14,Amendment Rejected,"To establish a deficit-neutral reserve fund relating to strengthening protections for members of the Armed Forces by prohibiting the use of any commercial messaging application to transmit information revealing the timing, sequencing, or weapons to be used during impending United States military operations in foreign countries that may endanger the lives of members of the Armed Forces.",On the Amendment,
119,Senate,175,2025-04-04,1,175,48,51,0.227,-0.178,0.614,0.867,-0.574,HCONRES14,Amendment Rejected,To establish a deficit-neutral reserve fund relating to prohibiting attacks on Federal employees by protecting legally binding collective bargaining agreements and the right to organize.,On the Amendment,
119,Senate,176,2025-04-04,1,176,46,53,-0.003,-0.247,0.693,-0.447,-0.06,HCONRES14,Amendment Rejected,To establish a deficit-neutral reserve fund relating to preventing Trump's tariffs from increasing the cost of groceries and everyday goods for families.,On the Amendment,
119,Senate,177,2025-04-04,1,177,48,51,0.227,-0.178,0.614,0.867,-0.574,HCONRES14,Amendment Rejected,Reiterating the importance of the Federal Emergency Management Agency and its continued role in providing nonpartisan and long-term disaster relief to disaster survivors.,On the Amendment,
119,Senate,178,2025-04-04,1,178,48,51,0.227,-0.178,0.614,0.867,-0.574,HCONRES14,Amendment Rejected,To prevent any disruption in security assistance to Ukraine.,On the Amendment,
119,Senate,179,2025-04-04,1,179,5,94,0.502,-0.865,-0.081,0.537,-15.806,HCONRES14,Amendment Rejected,To modify the debt limit instruction for the House of Representatives and the Senate.,On the Amendment,
119,Senate,180,2025-04-04,1,180,49,50,0.162,0.252,0.275,0.329,-5.989,HCONRES14,Amendment Rejected,"To establish a deficit-neutral reserve fund relating to reversing cuts to the Social Security Administration, which may include cuts ordered by the Department of Government Efficiency or any other cuts to seniors' services.",On the Amendment,
119,Senate,181,2025-04-05,1,181,48,51,-0.224,-0.975,0.364,-0.579,-9.236,HCONRES14,Amendment Rejected,To establish a deficit-neutral reserve fund relating to preventing the use of proceeds from public land sales to reduce the Federal deficit.,On the Amendment,
119,Senate,182,2025-04-05,1,182,48,51,0.161,-0.987,0.325,-0.001,-6.006,HCONRES14,Amendment Rejected,"To prevent DOGE from closing Social Security offices, preserving access to benefits for seniors and people with disabilities.",On the Amendment,
119,Senate,183,2025-04-05,1,183,49,50,-0.185,0.745,0.489,1.176,-4.85,HCONRES14,Amendment Rejected,"To establish a deficit-neutral reserve fund to prevent increased barriers to American caregivers, including individuals caring for seniors, children, home care workers, and individuals engaged in the care economy.",On the Amendment,
119,Senate,184,2025-04-05,1,184,47,52,-0.279,0.96,0.434,0.696,-5.331,HCONRES14,Amendment Rejected,To make sure the Senate can increase the Federal minimum wage to $17 an hour by a simple majority vote.,On the Amendment,
119,Senate,185,2025-04-05,1,185,49,50,-0.226,0.974,0.333,0.631,-9.527,HCONRES14,Motion Rejected,To create a point of order against legislation that would increase drug costs for seniors and people with disabilities on Medicare.,On the Motion,
119,Senate,186,2025-04-05,1,186,49,50,-0.226,0.974,0.333,0.631,-9.527,HCONRES14,Amendment Rejected,"To establish a deficit-neutral reserve fund relating to preventing a reduction in Medicaid funding that could lead to rural hospital closures, cost increases for individuals with other kinds of insurance, or higher rates of uncompensated care.",On the Amendment,
119,Senate,187,2025-04-05,1,187,48,51,0.151,-0.211,0.253,-0.059,-6.975,HCONRES14,Amendment Rejected,To preserve access to Social Security's phone service.,On the Amendment,
119,Senate,188,2025-04-05,1,188,48,51,-0.275,0.961,0.511,0.988,-4.82,HCONRES14,Amendment Rejected,"To establish a deficit-neutral reserve fund relating to access to health care, which may include legislation preventing reductions in funding for Medicaid that could lead to benefit cuts, coverage loss, or slashed provide payments.",On the Amendment,
119,Senate,189,2025-04-05,1,189,49,50,-0.185,0.745,0.489,1.176,-4.85,HCONRES14,Amendment Rejected,"To strike section 2001(b)(4) relating to reconciliation instructions to the Committee on Energy and Commerce of the House of Representatives to cut $880,000,000,000 from Medicaid.",On the Amendment,
119,Senate,190,2025-04-05,1,190,47,52,0.128,-0.228,0.646,0.717,-0.579,HCONRES14,Amendment Rejected,To provide tax relief for the middle class.,On the Amendment,
119,Senate,191,2025-04-05,1,191,51,48,-0.27,0.963,-0.524,-0.984,-4.265,HCONRES14,Concurrent Resolution Agreed to,A concurrent resolution establishing the congressional budget for the United States Government for fiscal year 2025 and setting forth the appropriate budgetary levels for fiscal years 2026 through 2034.,On the Concurrent Resolution,
119,Senate,192,2025-04-07,1,192,53,39,0.187,-0.982,-0.457,-0.8,-8.59,PN129,Cloture Motion Agreed to,"Elbridge Colby, of the District of Columbia, to be Under Secretary of Defense for Policy",On the Cloture Motion,
119,Senate,193,2025-04-08,1,193,54,45,-0.019,-0.02,-0.188,-0.35,-14.463,PN129,Nomination Confirmed,"Elbridge Colby, of the District of Columbia, to be Under Secretary of Defense for Policy",On the Nomination,
119,Senate,194,2025-04-08,1,194,67,32,-0.204,-0.742,-0.681,-0.502,-18.533,PN2514,Cloture Motion Agreed to,"George Glass, of Oregon, to be Ambassador to Japan",On the Cloture Motion,
119,Senate,195,2025-04-08,1,195,66,32,-0.213,-0.697,-0.685,-0.456,-17.395,PN2514,Nomination Confirmed,"George Glass, of Oregon, to be Ambassador to Japan",On the Nomination,
119,Senate,196,2025-04-08,1,196,53,46,-0.117,0.016,-0.709,-0.277,-2.061,PN2520,Cloture Motion Agreed to,"Mike Huckabee, of Arkansas, to be Ambassador to the State of Israel",On the Cloture Motion,
119,Senate,197,2025-04-08,1,197,60,37,-0.235,-0.167,-0.703,-0.265,-10.462,PN2518,Cloture Motion Agreed to,"Peter Hoekstra, of Michigan, to be Ambassador to Canada",On the Cloture Motion,
119,Senate,198,2025-04-08,1,198,52,44,-0.004,-0.249,-0.693,0.445,-0.059,PN2522,Cloture Motion Agreed to,"Ronald Johnson, of Florida, to be Ambassador to the United Mexican States",On the Cloture Motion,
119,Senate,199,2025-04-08,1,199,51,42,-0.116,-0.284,-0.461,0.199,-3.197,PN256,Cloture Motion Agreed to,"Kevin Cabrera, of Florida, to be Ambassador to the Republic of Panama",On the Cloture Motion,
119,Senate,200,2025-04-09,1,200,51,45,-0.003,-0.248,-0.693,0.447,-0.06,PN1218,Cloture Motion Agreed to,"Paul Atkins, of Virginia, to be a Member of the Securities and Exchange Commission for the remainder of the term expiring June 5, 2026",On the Cloture Motion,
119,Senate,201,2025-04-09,1,201,53,46,-0.116,0.011,-0.71,-0.248,-2.091,PN2520,Nomination Confirmed,"Mike Huckabee, of Arkansas, to be Ambassador to the State of Israel",On the Nomination,
119,Senate,202,2025-04-09,1,202,60,37,-0.235,-0.152,-0.704,-0.244,-10.605,PN2518,Nomination Confirmed,"Peter Hoekstra, of Michigan, to be Ambassador to Canada",On the Nomination,
119,Senate,203,2025-04-09,1,203,49,46,-0.003,-0.248,-0.693,0.446,-0.06,PN2522,Nomination Confirmed,"Ronald Johnson, of Florida, to be Ambassador to the United Mexican States",On the Nomination,
119,Senate,204,2025-04-09,1,204,51,45,-0.137,-0.493,-0.513,0.262,-3.283,PN256,Nomination Confirmed,"Kevin Cabrera, of Florida, to be Ambassador to the Republic of Panama",On the Nomination,
119,Senate,205,2025-04-09,1,205,52,44,-0.009,-0.267,-0.695,0.424,-0.056,PN1218,Nomination Confirmed,"Paul Atkins, of Virginia, to be a Member of the Securities and Exchange Commission for the remainder of the term expiring June 5, 2026",On the Nomination,
119,Senate,206,2025-04-09,1,206,52,42,0.24,-0.971,-0.56,-0.99,-7.38,HJRES20,Motion to Proceed Agreed to,"A joint resolution providing for congressional disapproval under chapter 8 of title 5, United States Code, of the rule submitted by the Department of Energy relating to ""Energy Conservation Program: Energy Conservation Standards for Consumer Gas-fired Instantaneous Water Heaters"".",On the Motion to Proceed,
119,Senate,207,2025-04-10,1,207,53,44,0.244,-0.97,-0.553,-0.982,-7.376,HJRES20,Joint Resolution Passed,"A joint resolution providing for congressional disapproval under chapter 8 of title 5, United States Code, of the rule submitted by the Department of Energy relating to ""Energy Conservation Program: Energy Conservation Standards for Consumer Gas-fired Instantaneous Water Heaters"".",On the Joint Resolution,
119,Senate,208,2025-04-10,1,208,51,46,-0.003,-0.247,-0.693,0.447,-0.06,PN1229,Cloture Motion Agreed to,"Mark Meador, of Virginia, to be a Federal Trade Commissioner for the term of seven years from September 26, 2024",On the Cloture Motion,
119,Senate,209,2025-04-10,1,209,50,46,-0.003,-0.248,-0.692,0.449,-0.06,PN1229,Nomination Confirmed,"Mark Meador, of Virginia, to be a Federal Trade Commissioner for the term of seven years from September 26, 2024",On the Nomination,
119,Senate,210,2025-04-11,1,210,59,25,-0.441,0.817,-0.675,-0.519,-15.948,PN27,Cloture Motion Agreed to,"Lt. Gen. John D. Caine (Retired), in the Air Force, to be General",On the Cloture Motion,
119,Senate,211,2025-04-11,1,211,59,26,-0.439,0.673,-0.654,-0.611,-15.644,PN27,Nomination Confirmed,"Lt. Gen. John D. Caine (Retired), in the Air Force, to be General",On the Nomination,
119,Senate,212,2025-04-11,1,212,60,25,-0.441,0.778,-0.675,-0.52,-16.566,PN28,Cloture Motion Agreed to,"Lt. Gen. John D. Caine (Retired), in the Air Force, to be Major General",On the Cloture Motion,
119,Senate,213,2025-04-11,1,213,60,25,-0.441,0.778,-0.675,-0.52,-16.566,PN28,Nomination Confirmed,"Lt. Gen. John D. Caine (Retired), in the Air Force, to be Major General",On the Nomination,
119,Senate,214,2025-04-28,1,214,64,27,-0.106,-0.994,-0.266,-0.293,-20.746,PN545,Cloture Motion Agreed to,"David Perdue, of Georgia, to be Ambassador to the People's Republic of China",On the Cloture Motion,
119,Senate,215,2025-04-29,1,215,67,29,-0.109,-0.994,-0.303,-0.347,-21.58,PN545,Nomination Confirmed,"David Perdue, of Georgia, to be Ambassador to the People's Republic of China",On the Nomination,
119,Senate,216,2025-04-29,1,216,59,39,-0.132,-0.797,-0.696,-0.395,-10.572,PN245,Cloture Motion Agreed to,"Warren Stephens, of Arkansas, to be Ambassador to the United Kingdom of Great Britain and Northern Ireland",On the Cloture Motion,
119,Senate,217,2025-04-29,1,217,59,39,-0.132,-0.797,-0.696,-0.395,-10.572,PN245,Nomination Confirmed,"Warren Stephens, of Arkansas, to be Ambassador to the United Kingdom of Great Britain and Northern Ireland",On the Nomination,
119,Senate,218,2025-04-29,1,218,62,36,-0.243,-0.167,-0.711,0.041,-11.907,PN263,Cloture Motion Agreed to,"Thomas Barrack, of Colorado, to be Ambassador to the Republic of Turkey",On the Cloture Motion,
119,Senate,219,2025-04-29,1,219,60,36,-0.237,-0.188,-0.712,0.054,-10.191,PN263,Nomination Confirmed,"Thomas Barrack, of Colorado, to be Ambassador to the Republic of Turkey",On the Nomination,
119,Senate,220,2025-04-29,1,220,84,13,-0.089,-0.996,-0.316,-0.796,-18.158,PN2618,Cloture Motion Agreed to,"Tilman Fertitta, of Texas, to be Ambassador to the Italian Republic, and to serve concurrently and without additional compensation as Ambassador to the Republic of San Marino",On the Cloture Motion,
119,Senate,221,2025-04-29,1,221,83,14,-0.166,-0.907,-0.287,-0.648,-19.239,PN2618,Nomination Confirmed,"Tilman Fertitta, of Texas, to be Ambassador to the Italian Republic, and to serve concurrently and without additional compensation as Ambassador to the Republic of San Marino",On the Nomination,
119,Senate,222,2025-04-29,1,222,52,46,-0.003,-0.248,-0.693,0.446,-0.06,HJRES42,Motion to Proceed Agreed to,"A joint resolution providing for congressional disapproval under chapter 8 of title 5, United States Code, of the rule submitted by the Department of Energy relating to ""Energy Conservation Program for Appliance Standards: Certification Requirements, Labeling Requirements, and Enforcement Provisions for Certain Consumer Products and Commercial Equipment"".",On the Motion to Proceed,
119,Senate,223,2025-04-30,1,223,52,46,-0.003,-0.248,-0.693,0.446,-0.06,HJRES42,Joint Resolution Passed,"A joint resolution providing for congressional disapproval under chapter 8 of title 5, United States Code, of the rule submitted by the Department of Energy relating to ""Energy Conservation Program for Appliance Standards: Certification Requirements, Labeling Requirements, and Enforcement Provisions for Certain Consumer Products and Commercial Equipment"".",On the Joint Resolution,
119,Senate,224,2025-04-30,1,224,52,46,-0.003,-0.248,-0.693,0.446,-0.06,HJRES75,Motion to Proceed Agreed to,"A joint resolution providing for congressional disapproval under chapter 8 of title 5, United States Code, of the rule submitted by the Office of Energy Efficiency and Renewable Energy, Department of Energy relating to ""Energy Conservation Program: Energy Conservation Standards for Commercial Refrigerators, Freezers, and Refrigerator-Freezers"".",On the Motion to Proceed,
119,Senate,225,2025-04-30,1,225,49,49,-0.175,0.721,0.491,1.181,-4.274,SJRES49,Joint Resolution Defeated,A joint resolution terminating the national emergency declared to impose global tariffs.,On the Joint Resolution,
119,Senate,226,2025-04-30,1,226,49,49,-0.175,0.721,-0.491,-1.181,-4.274,SJRES49,Motion to Table Agreed to,A joint resolution terminating the national emergency declared to impose global tariffs.,On the Motion to Table,
119,Senate,227,2025-04-30,1,227,52,40,-0.006,-0.251,-0.693,0.443,-0.057,SJRES31,Motion to Proceed Agreed to,"A joint resolution providing for congressional disapproval under chapter 8 of title 5, United States Code, of the rule submitted by the Environmental Protection Agency relating to ""Review of Final Rule Reclassification of Major Sources as Area Sources Under Section 112 of the Clean Air Act"".",On the Motion to Proceed,
119,Senate,228,2025-05-01,1,228,52,45,-0.003,-0.248,-0.693,0.446,-0.06,HJRES75,Joint Resolution Passed,"A joint resolution providing for congressional disapproval under chapter 8 of title 5, United States Code, of the rule submitted by the Office of Energy Efficiency and Renewable Energy, Department of Energy relating to ""Energy Conservation Program: Energy Conservation Standards for Commercial Refrigerators, Freezers, and Refrigerator-Freezers"".",On the Joint Resolution,
119,Senate,229,2025-05-01,1,229,52,46,-0.003,-0.248,-0.693,0.446,-0.06,SJRES31,Joint Resolution Passed,"A joint resolution providing for congressional disapproval under chapter 8 of title 5, United States Code, of the rule submitted by the Environmental Protection Agency relating to ""Review of Final Rule Reclassification of Major Sources as Area Sources Under Section 112 of the Clean Air Act"".",On the Joint Resolution,
119,Senate,230,2025-05-01,1,230,50,45,-0.003,-0.249,-0.693,0.447,-0.06,PN20,Cloture Motion Agreed to,"Frank Bisignano, of New Jersey, to be Commissioner of Social Security Administration for the term expiring January 19, 2031",On the Cloture Motion,
119,Senate,231,2025-05-05,1,231,51,43,-0.163,0.16,-0.72,-0.177,-5.156,HJRES61,Motion to Proceed Agreed to,"A joint resolution providing for congressional disapproval under chapter 8 of title 5, United States Code, of the rule submitted by the Environmental Protection Agency relating to ""National Emission Standards for Hazardous Air Pollutants: Rubber Tire Manufacturing"".",On the Motion to Proceed,
119,Senate,232,2025-05-06,1,232,55,45,-0.156,0.2,-0.732,-0.153,-5.698,HJRES61,Joint Resolution Passed,"A joint resolution providing for congressional disapproval under chapter 8 of title 5, United States Code, of the rule submitted by the Environmental Protection Agency relating to ""National Emission Standards for Hazardous Air Pollutants: Rubber Tire Manufacturing"".",On the Joint Resolution,
119,Senate,233,2025-05-06,1,233,53,46,-0.004,-0.248,-0.693,0.446,-0.06,SJRES13,Motion to Proceed Agreed to,"A joint resolution providing for congressional disapproval under chapter 8 of title 5, United States Code, of the rule submitted by the Office of the Comptroller of the Currency of the Department of the Treasury relating to the review of applications under the Bank Merger Act.",On the Motion to Proceed,
119,Senate,234,2025-05-06,1,234,53,47,-0.004,-0.248,-0.693,0.446,-0.06,PN20,Nomination Confirmed,"Frank Bisignano, of New Jersey, to be Commissioner of Social Security Administration for the term expiring January 19, 2031",On the Nomination,
119,Senate,235,2025-05-06,1,235,53,47,-0.004,-0.248,-0.693,0.446,-0.06,SJRES7,Motion to Proceed Agreed to,"A joint resolution providing for congressional disapproval under chapter 8 of title 5, United States Code, of the rule submitted by the Federal Communications Commission relating to ""Addressing the Homework Gap Through the E-Rate Program"".",On the Motion to Proceed,
119,Senate,236,2025-05-06,1,236,53,47,-0.004,-0.248,-0.693,0.446,-0.06,HJRES60,Motion to Proceed Agreed to,"A joint resolution providing for congressional disapproval under chapter 8 of title 5, United States Code, of the rule submitted by the National Park Service relating to ""Glen Canyon National Recreation Area: Motor Vehicles"".",On the Motion to Proceed,
119,Senate,237,2025-05-07,1,237,52,47,-0.004,-0.248,-0.693,0.446,-0.06,SJRES13,Joint Resolution Passed,"A joint resolution providing for congressional disapproval under chapter 8 of title 5, United States Code, of the rule submitted by the Office of the Comptroller of the Currency of the Department of the Treasury relating to the review of applications under the Bank Merger Act.",On the Joint Resolution,
119,Senate,238,2025-05-08,1,238,50,38,-0.008,-0.257,-0.692,0.446,-0.053,SJRES7,Joint Resolution Passed,"A joint resolution providing for congressional disapproval under chapter 8 of title 5, United States Code, of the rule submitted by the Federal Communications Commission relating to ""Addressing the Homework Gap Through the E-Rate Program"".",On the Joint Resolution,
119,Senate,239,2025-05-08,1,239,50,43,-0.004,-0.252,-0.692,0.452,-0.06,HJRES60,Joint Resolution Passed,"A joint resolution providing for congressional disapproval under chapter 8 of title 5, United States Code, of the rule submitted by the National Park Service relating to ""Glen Canyon National Recreation Area: Motor Vehicles"".",On the Joint Resolution,
119,Senate,240,2025-05-08,1,240,48,49,-0.229,0.973,-0.273,-0.453,-12.203,S1582,Cloture Motion Rejected,"A bill to provide for the regulation of payment stablecoins, and for other purposes.",On the Cloture Motion,
119,Senate,241,2025-05-12,1,241,53,47,-0.004,-0.248,-0.693,0.446,-0.06,PN1210,Cloture Motion Agreed to,"Monica Crowley, of New York, to be Chief of Protocol, and to have the rank of Ambassador during her tenure of service",On the Cloture Motion,
119,Senate,242,2025-05-12,1,242,52,45,-0.004,-0.246,-0.693,0.447,-0.06,PN1210,Nomination Confirmed,"Monica Crowley, of New York, to be Chief of Protocol, and to have the rank of Ambassador during her tenure of service",On the Nomination,
119,Senate,243,2025-05-12,1,243,52,45,-0.004,-0.246,-0.693,0.447,-0.06,PN2550,Cloture Motion Agreed to,"Reed Rubinstein, of Maryland, to be Legal Adviser of the Department of State",On the Cloture Motion,
119,Senate,244,2025-05-13,1,244,52,46,-0.004,-0.248,-0.693,0.445,-0.06,PN2550,Nomination Confirmed,"Reed Rubinstein, of Maryland, to be Legal Adviser of the Department of State",On the Nomination,
119,Senate,245,2025-05-13,1,245,72,26,0.244,-0.935,-0.367,-1.459,-23.63,PN1230,Cloture Motion Agreed to,"Troy Meink, of Virginia, to be Secretary of the Air Force",On the Cloture Motion,
119,Senate,246,2025-05-13,1,246,74,25,0.194,-0.981,-0.293,-1.038,-24.306,PN1230,Nomination Confirmed,"Troy Meink, of Virginia, to be Secretary of the Air Force",On the Nomination,
119,Senate,247,2025-05-13,1,247,53,45,-0.124,-0.7,-0.358,0.063,-6.897,PN134,Cloture Motion Agreed to,"James Danly, of Tennessee, to be Deputy Secretary of Energy",On the Cloture Motion,
119,Senate,248,2025-05-13,1,248,52,44,-0.122,-0.256,-0.681,0.524,-2.034,PN134,Nomination Confirmed,"James Danly, of Tennessee, to be Deputy Secretary of Energy",On the Nomination,
119,Senate,249,2025-05-13,1,249,57,41,-0.021,-1.0,-0.662,-0.651,-10.575,PN1310,Cloture Motion Agreed to,"Katharine MacGregor, of Florida, to be Deputy Secretary of the Interior",On the Cloture Motion,
119,Senate,250,2025-05-14,1,250,54,40,-0.01,-1.0,-0.558,-0.556,-11.024,PN1310,Nomination Confirmed,"Katharine MacGregor, of Florida, to be Deputy Secretary of the Interior",On the Nomination,
119,Senate,251,2025-05-14,1,251,51,45,-0.132,-0.434,-0.909,0.475,-3.268,PN1238,Cloture Motion Agreed to,"Michael Rigas, of Virginia, to be Deputy Secretary of State for Management and Resources",On the Cloture Motion,
119,Senate,252,2025-05-14,1,252,51,46,-0.132,-0.429,-0.91,0.473,-3.268,PN1238,Nomination Confirmed,"Michael Rigas, of Virginia, to be Deputy Secretary of State for Management and Resources",On the Nomination,
119,Senate,253,2025-05-14,1,253,53,43,-0.077,-0.997,-0.489,-0.194,-8.46,PN1231,Cloture Motion Agreed to,"Emil Michael, of Florida, to be Under Secretary of Defense for Research and Engineering",On the Cloture Motion,
119,Senate,254,2025-05-14,1,254,54,43,-0.079,-0.997,-0.494,-0.192,-8.472,PN1231,Nomination Confirmed,"Emil Michael, of Florida, to be Under Secretary of Defense for Research and Engineering",On the Nomination,
119,Senate,255,2025-05-14,1,255,51,45,-0.004,-0.242,-0.692,0.451,-0.059,PN2646,Cloture Motion Agreed to,"Eric Matthew Ueland, of Virginia, to be Deputy Director for Management, Office of Management and Budget",On the Cloture Motion,
119,Senate,256,2025-05-14,1,256,52,45,-0.004,-0.248,-0.693,0.445,-0.06,PN2646,Nomination Confirmed,"Eric Matthew Ueland, of Virginia, to be Deputy Director for Management, Office of Management and Budget",On the Nomination,
119,Senate,257,2025-05-14,1,257,52,47,-0.004,-0.248,-0.693,0.445,-0.06,PN2511,Cloture Motion Agreed to,"Sean Donahue, of Florida, to be an Assistant Administrator of the Environmental Protection Agency",On the Cloture Motion,
119,Senate,258,2025-05-15,1,258,51,46,-0.004,-0.25,-0.693,0.444,-0.06,PN2511,Nomination Confirmed,"Sean Donahue, of Florida, to be an Assistant Administrator of the Environmental Protection Agency",On the Nomination,
119,Senate,259,2025-05-15,1,259,45,50,-0.004,-0.251,0.693,-0.444,-0.06,SRES195,Motion to Discharge Rejected,A resolution requesting information on El Salvador's human rights practices pursuant to section 502B(c) of the Foreign Assistance Act of 1961.,On the Motion to Discharge,
119,Senate,260,2025-05-19,1,260,52,46,0.312,0.95,-0.336,0.362,-7.925,PN244,Cloture Motion Agreed to,"Charles Kushner, of New York, to be Ambassador to the French Republic, and to serve concurrently and without additional compensation as Ambassador to the Principality of Monaco",On the Cloture Motion,
119,Senate,261,2025-05-19,1,261,51,45,0.3,0.954,-0.326,0.328,-7.883,PN244,Nomination Confirmed,"Charles Kushner, of New York, to be Ambassador to the French Republic, and to serve concurrently and without additional compensation as Ambassador to the Principality of Monaco",On the Nomination,
119,Senate,262,2025-05-19,1,262,66,32,0.06,-0.425,-0.097,-0.453,-33.146,S1582,Cloture on the Motion to Proceed Agreed to,"A bill to provide for the regulation of payment stablecoins, and for other purposes.",On Cloture on the Motion to Proceed,
119,Senate,263,2025-05-21,1,263,69,31,0.103,-0.331,-0.104,-0.921,-28.773,S1582,Motion to Proceed Agreed to,"A bill to provide for the regulation of payment stablecoins, and for other purposes.",On the Motion to Proceed,
119,Senate,264,2025-05-21,1,264,53,46,-0.006,-0.255,-0.694,0.437,-0.059,SJRES55,Motion to Proceed Agreed to,"A joint resolution providing for congressional disapproval under chapter 8 of title 5, United States Code, of the rule submitted by the National Highway Traffic Safety Administration relating to ""Federal Motor Vehicle Safety Standards; Fuel System Integrity of Hydrogen Vehicles; Compressed Hydrogen Storage System Integrity; Incorporation by Reference"".",On the Motion to Proceed,
119,Senate,265,2025-05-21,1,265,46,52,-0.004,-0.248,0.693,-0.444,-0.06,SJRES55,Motion to Table Failed,"A joint resolution providing for congressional disapproval under chapter 8 of title 5, United States Code, of the rule submitted by the National Highway Traffic Safety Administration relating to ""Federal Motor Vehicle Safety Standards; Fuel System Integrity of Hydrogen Vehicles; Compressed Hydrogen Storage System Integrity; Incorporation by Reference"".",On the Motion to Table,
119,Senate,266,2025-05-21,1,266,51,46,-0.004,-0.248,-0.693,0.444,-0.06,SJRES55,Motion to Table Agreed to,"A joint resolution providing for congressional disapproval under chapter 8 of title 5, United States Code, of the rule submitted by the National Highway Traffic Safety Administration relating to ""Federal Motor Vehicle Safety Standards; Fuel System Integrity of Hydrogen Vehicles; Compressed Hydrogen Storage System Integrity; Incorporation by Reference"".",On the Motion to Table,
119,Senate,267,2025-05-21,1,267,46,51,-0.004,-0.248,0.693,-0.444,-0.06,SJRES55,Motion Rejected,"A joint resolution providing for congressional disapproval under chapter 8 of title 5, United States Code, of the rule submitted by the National Highway Traffic Safety Administration relating to ""Federal Motor Vehicle Safety Standards; Fuel System Integrity of Hydrogen Vehicles; Compressed Hydrogen Storage System Integrity; Incorporation by Reference"".",On the Motion,
119,Senate,268,2025-05-21,1,268,45,51,-0.004,-0.249,0.693,-0.443,-0.06,SJRES55,Motion Rejected,"A joint resolution providing for congressional disapproval under chapter 8 of title 5, United States Code, of the rule submitted by the National Highway Traffic Safety Administration relating to ""Federal Motor Vehicle Safety Standards; Fuel System Integrity of Hydrogen Vehicles; Compressed Hydrogen Storage System Integrity; Incorporation by Reference"".",On the Motion,
119,Senate,269,2025-05-21,1,269,46,51,-0.004,-0.248,0.693,-0.444,-0.06,SJRES55,Motion Rejected,"A joint resolution providing for congressional disapproval under chapter 8 of title 5, United States Code, of the rule submitted by the National Highway Traffic Safety Administration relating to ""Federal Motor Vehicle Safety Standards; Fuel System Integrity of Hydrogen Vehicles; Compressed Hydrogen Storage System Integrity; Incorporation by Reference"".",On the Motion,
119,Senate,270,2025-05-21,1,270,46,51,-0.004,-0.248,0.693,-0.444,-0.06,SJRES55,Motion Rejected,"A joint resolution providing for congressional disapproval under chapter 8 of title 5, United States Code, of the rule submitted by the National Highway Traffic Safety Administration relating to ""Federal Motor Vehicle Safety Standards; Fuel System Integrity of Hydrogen Vehicles; Compressed Hydrogen Storage System Integrity; Incorporation by Reference"".",On the Motion,
119,Senate,271,2025-05-21,1,271,45,52,-0.118,0.026,0.697,0.405,-1.94,SJRES55,Motion Rejected,"A joint resolution providing for congressional disapproval under chapter 8 of title 5, United States Code, of the rule submitted by the National Highway Traffic Safety Administration relating to ""Federal Motor Vehicle Safety Standards; Fuel System Integrity of Hydrogen Vehicles; Compressed Hydrogen Storage System Integrity; Incorporation by Reference"".",On the Motion,
119,Senate,272,2025-05-21,1,272,46,51,-0.004,-0.248,0.693,-0.444,-0.06,SJRES55,Motion to Adjourn Rejected,"A joint resolution providing for congressional disapproval under chapter 8 of title 5, United States Code, of the rule submitted by the National Highway Traffic Safety Administration relating to ""Federal Motor Vehicle Safety Standards; Fuel System Integrity of Hydrogen Vehicles; Compressed Hydrogen Storage System Integrity; Incorporation by Reference"".",On the Motion to Adjourn,
119,Senate,273,2025-05-21,1,273,51,46,-0.004,-0.248,-0.693,0.444,-0.06,SJRES55,Point of Order Sustained,"A joint resolution providing for congressional disapproval under chapter 8 of title 5, United States Code, of the rule submitted by the National Highway Traffic Safety Administration relating to ""Federal Motor Vehicle Safety Standards; Fuel System Integrity of Hydrogen Vehicles; Compressed Hydrogen Storage System Integrity; Incorporation by Reference"".",On the Point of Order,
119,Senate,274,2025-05-21,1,274,51,46,-0.004,-0.248,-0.693,0.444,-0.06,SJRES55,Point of Order Sustained,"A joint resolution providing for congressional disapproval under chapter 8 of title 5, United States Code, of the rule submitted by the National Highway Traffic Safety Administration relating to ""Federal Motor Vehicle Safety Standards; Fuel System Integrity of Hydrogen Vehicles; Compressed Hydrogen Storage System Integrity; Incorporation by Reference"".",On the Point of Order,
119,Senate,275,2025-05-21,1,275,51,46,-0.004,-0.248,-0.693,0.444,-0.06,SJRES55,Joint Resolution Passed,"A joint resolution providing for congressional disapproval under chapter 8 of title 5, United States Code, of the rule submitted by the National Highway Traffic Safety Administration relating to ""Federal Motor Vehicle Safety Standards; Fuel System Integrity of Hydrogen Vehicles; Compressed Hydrogen Storage System Integrity; Incorporation by Reference"".",On the Joint Resolution,
119,Senate,276,2025-05-21,1,276,51,46,-0.004,-0.248,-0.693,0.444,-0.06,HJRES88,Motion to Proceed Agreed to,"A joint resolution providing congressional disapproval under chapter 8 of title 5, United States Code, of the rule submitted by the Environmental Protection Agency relating to ""California State Motor Vehicle and Engine Pollution Control Standards; Advanced Clean Cars II; Waiver of Preemption; Notice of Decision"".",On the Motion to Proceed,
119,Senate,277,2025-05-22,1,277,51,44,-0.087,0.037,-0.579,-0.998,-2.778,HJRES88,Joint Resolution Passed,"A joint resolution providing congressional disapproval under chapter 8 of title 5, United States Code, of the rule submitted by the Environmental Protection Agency relating to ""California State Motor Vehicle and Engine Pollution Control Standards; Advanced Clean Cars II; Waiver of Preemption; Notice of Decision"".",On the Joint Resolution,
119,Senate,278,2025-05-22,1,278,51,46,-0.004,-0.248,-0.693,0.444,-0.06,HJRES87,Motion to Proceed Agreed to,"A joint resolution providing congressional disapproval under chapter 8 of title 5, United States Code, of the rule submitted by the Environmental Protection Agency relating to ""California State Motor Vehicle and Engine Pollution Control Standards; Heavy-Duty Vehicle and Engine Emission Warranty and Maintenance Provisions; Advanced Clean Trucks; Zero Emission Airport Shuttle; Zero-Emission Power Train Certification; Waiver of Preemption; Notice of Decision"".",On the Motion to Proceed,
119,Senate,279,2025-05-22,1,279,51,45,-0.004,-0.248,-0.693,0.444,-0.06,HJRES87,Joint Resolution Passed,"A joint resolution providing congressional disapproval under chapter 8 of title 5, United States Code, of the rule submitted by the Environmental Protection Agency relating to ""California State Motor Vehicle and Engine Pollution Control Standards; Heavy-Duty Vehicle and Engine Emission Warranty and Maintenance Provisions; Advanced Clean Trucks; Zero Emission Airport Shuttle; Zero-Emission Power Train Certification; Waiver of Preemption; Notice of Decision"".",On the Joint Resolution,
119,Senate,280,2025-05-22,1,280,51,46,-0.004,-0.248,-0.693,0.444,-0.06,HJRES89,Motion to Proceed Agreed to,"A joint resolution providing congressional disapproval under chapter 8 of title 5, United States Code, of the rule submitted by the Environmental Protection Agency relating to ""California State Motor Vehicle and Engine and Nonroad Engine Pollution Control Standards; The 'Omnibus' Low NOX Regulation; Waiver of Preemption; Notice of Decision"".",On the Motion to Proceed,
119,Senate,281,2025-05-22,1,281,49,46,-0.004,-0.249,-0.693,0.445,-0.06,HJRES89,Joint Resolution Passed,"A joint resolution providing congressional disapproval under chapter 8 of title 5, United States Code, of the rule submitted by the Environmental Protection Agency relating to ""California State Motor Vehicle and Engine and Nonroad Engine Pollution Control Standards; The 'Omnibus' Low NOX Regulation; Waiver of Preemption; Notice of Decision"".",On the Joint Resolution,
119,Senate,282,2025-06-02,1,282,51,45,-0.004,-0.248,-0.693,0.444,-0.06,PN17,Cloture Motion Agreed to,"Michael Duffey, of Virginia, to be Under Secretary of Defense for Acquisition and Sustainment",On the Cloture Motion,
119,Senate,283,2025-06-03,1,283,51,46,-0.004,-0.248,-0.693,0.445,-0.06,PN17,Nomination Confirmed,"Michael Duffey, of Virginia, to be Under Secretary of Defense for Acquisition and Sustainment",On the Nomination,
119,Senate,284,2025-06-03,1,284,59,37,-0.237,-0.046,-0.649,-0.703,-12.816,PN2519,Cloture Motion Agreed to,"Allison Hooker, of Georgia, to be an Under Secretary of State (Political Affairs)",On the Cloture Motion,
119,Senate,285,2025-06-03,1,285,59,36,-0.249,-0.047,-0.651,-0.682,-10.313,PN2519,Nomination Confirmed,"Allison Hooker, of Georgia, to be an Under Secretary of State (Political Affairs)",On the Nomination,
119,Senate,286,2025-06-03,1,286,66,28,0.155,-0.988,-0.461,-1.348,-20.792,PN2216,Cloture Motion Agreed to,"Dale Marks, of Florida, to be an Assistant Secretary of Defense",On the Cloture Motion,
119,Senate,287,2025-06-03,1,287,72,26,-0.05,-0.478,-0.349,-1.513,-18.815,PN2216,Nomination Confirmed,"Dale Marks, of Florida, to be an Assistant Secretary of Defense",On the Nomination,
119,Senate,288,2025-06-04,1,288,51,46,-0.003,-0.259,-0.689,0.48,-0.058,PN559,Cloture Motion Agreed to,"Michelle Bowman, of Kansas, to be Vice Chairman for Supervision of the Board of Governors of the Federal Reserve System for a term of four years",On the Cloture Motion,
119,Senate,289,2025-06-04,1,289,60,37,-0.163,0.987,-0.454,0.155,-16.802,PN5547,Cloture Motion Agreed to,"Edward Walsh, of New Jersey, to be Ambassador to Ireland",On the Cloture Motion,
119,Senate,290,2025-06-04,1,290,51,46,-0.003,-0.259,-0.689,0.48,-0.058,PN1233,Cloture Motion Agreed to,"James O'Neill, of California, to be Deputy Secretary of Health and Human Services",On the Cloture Motion,
119,Senate,291,2025-06-04,1,291,48,46,-0.003,-0.259,-0.689,0.48,-0.058,PN559,Nomination Confirmed,"Michelle Bowman, of Kansas, to be Vice Chairman for Supervision of the Board of Governors of the Federal Reserve System for a term of four years",On the Nomination,
119,Senate,292,2025-06-04,1,292,57,38,-0.103,0.746,-0.674,0.544,-13.978,PN5547,Nomination Confirmed,"Edward Walsh, of New Jersey, to be Ambassador to Ireland",On the Nomination,
119,Senate,293,2025-06-05,1,293,52,43,-0.003,-0.247,-0.693,0.446,-0.06,PN1233,Nomination Confirmed,"James O'Neill, of California, to be Deputy Secretary of Health and Human Services",On the Nomination,
119,Senate,294,2025-06-05,1,294,52,43,-0.003,-0.247,-0.693,0.446,-0.06,PN2616,Cloture Motion Agreed to,"John Andrew Eisenberg, of Virginia, to be an Assistant Attorney General",On the Cloture Motion,
119,Senate,295,2025-06-05,1,295,52,43,-0.003,-0.247,-0.693,0.446,-0.06,PN2616,Nomination Confirmed,"John Andrew Eisenberg, of Virginia, to be an Assistant Attorney General",On the Nomination,
119,Senate,296,2025-06-05,1,296,49,40,-0.012,-0.239,-0.693,0.462,-0.043,PN2643,Cloture Motion Agreed to,"Brett Shumate, of Virginia, to be an Assistant Attorney General",On the Cloture Motion,
119,Senate,297,2025-06-09,1,297,51,41,-0.004,-0.244,-0.693,0.448,-0.059,PN2643,Nomination Confirmed,"Brett Shumate, of Virginia, to be an Assistant Attorney General",On the Nomination,
119,Senate,298,2025-06-09,1,298,53,43,-0.004,-0.244,-0.693,0.448,-0.059,PN136,Cloture Motion Agreed to,"David Fotouhi, of Virginia, to be Deputy Administrator of the Environmental Protection Agency",On the Cloture Motion,
119,Senate,299,2025-06-10,1,299,53,41,-0.007,-0.244,-0.692,0.447,-0.056,PN136,Nomination Confirmed,"David Fotouhi, of Virginia, to be Deputy Administrator of the Environmental Protection Agency",On the Nomination,
119,Senate,300,2025-06-10,1,300,48,45,-0.004,-0.255,-0.692,0.454,-0.06,PN1243,Cloture Motion Agreed to,"Stephen Vaden, of Tennessee, to be Deputy Secretary of Agriculture",On the Cloture Motion,
119,Senate,301,2025-06-10,1,301,51,44,-0.003,-0.248,-0.693,0.443,-0.06,PN1243,Nomination Confirmed,"Stephen Vaden, of Tennessee, to be Deputy Secretary of Agriculture",On the Nomination,
119,Senate,302,2025-06-10,1,302,51,44,-0.003,-0.248,-0.693,0.443,-0.06,PN2620,Cloture Motion Agreed to,"Andrew Hughes, of Texas, to be Deputy Secretary of Housing and Urban Development",On the Cloture Motion,
119,Senate,303,2025-06-10,1,303,51,43,-0.003,-0.248,-0.693,0.443,-0.06,PN2620,Nomination Confirmed,"Andrew Hughes, of Texas, to be Deputy Secretary of Housing and Urban Development",On the Nomination,
119,Senate,304,2025-06-11,1,304,53,46,-0.003,-0.248,-0.693,0.443,-0.06,PN1227,Cloture Motion Agreed to,"William Long, of Missouri, to be Commissioner of Internal Revenue for the remainder of the term expiring November 12, 2027",On the Cloture Motion,
119,Senate,305,2025-06-11,1,305,68,30,0.034,-0.295,-0.122,-1.187,-25.891,S1582,Cloture Motion Agreed to,"A bill to provide for the regulation of payment stablecoins, and for other purposes.",On the Cloture Motion,
119,Senate,306,2025-06-11,1,306,39,56,0.002,-0.364,0.488,1.284,-11.307,SJRES53,Motion to Discharge Rejected,A joint resolution providing for congressional disapproval of the proposed foreign military sale to the Government of Qatar of certain defense articles and services.,On the Motion to Discharge,
119,Senate,307,2025-06-11,1,307,39,56,0.002,-0.364,0.488,1.284,-11.307,SJRES54,Motion to Discharge Rejected,A joint resolution providing for congressional disapproval of the proposed foreign military sale to the Government of the United Arab Emirates of certain defense articles and services.,On the Motion to Discharge,
119,Senate,308,2025-06-12,1,308,53,44,-0.004,-0.25,-0.694,0.439,-0.06,PN1227,Nomination Confirmed,"William Long, of Missouri, to be Commissioner of Internal Revenue for the remainder of the term expiring November 12, 2027",On the Nomination,
119,Senate,309,2025-06-12,1,309,45,52,-0.274,0.962,0.451,0.699,-4.714,S1582,Motion to Table Failed,To improve the bill.,On the Motion to Table,
119,Senate,310,2025-06-12,1,310,64,33,0.039,-0.275,-0.121,-0.819,-28.187,S1582,Motion Agreed to,In the nature of a substitute.,On the Motion,
119,Senate,311,2025-06-12,1,311,67,30,-0.024,-0.25,-0.191,-1.809,-23.579,S1582,Amendment Agreed to,In the nature of a substitute.,On the Amendment,
119,Senate,312,2025-06-12,1,312,67,27,-0.037,-0.256,-0.151,-1.398,-22.85,S1582,Cloture Motion Agreed to,"A bill to provide for the regulation of payment stablecoins, and for other purposes.",On the Cloture Motion,
119,Senate,313,2025-06-16,1,313,44,33,0.029,-1.0,-0.308,-0.218,-7.214,PN251,Cloture Motion Agreed to,"Gary Andres, of Virginia, to be an Assistant Secretary of Health and Human Services",On the Cloture Motion,
119,Senate,314,2025-06-17,1,314,46,39,-0.127,0.013,-0.69,-0.458,-1.698,PN246,Cloture Motion Agreed to,"Olivia Trusty, of Maryland, to be a Member of the Federal Communications Commission for the remainder of the term expiring June 30, 2025",On the Cloture Motion,
119,Senate,315,2025-06-17,1,315,53,44,-0.12,0.021,-0.694,-0.424,-1.871,PN247,Cloture Motion Agreed to,"Olivia Trusty, of Maryland, to be a Member of the Federal Communications Commission for a term of five years from July 1, 2025",On the Cloture Motion,
119,Senate,316,2025-06-17,1,316,57,40,0.042,-0.999,-0.236,-0.211,-15.955,PN251,Nomination Confirmed,"Gary Andres, of Virginia, to be an Assistant Secretary of Health and Human Services",On the Nomination,
119,Senate,317,2025-06-17,1,317,53,45,-0.12,0.024,-0.694,-0.422,-1.874,PN246,Nomination Confirmed,"Olivia Trusty, of Maryland, to be a Member of the Federal Communications Commission for the remainder of the term expiring June 30, 2025",On the Nomination,
119,Senate,318,2025-06-17,1,318,68,30,-0.001,-0.269,-0.174,-1.766,-25.739,S1582,Bill Passed,"A bill to provide for the regulation of payment stablecoins, and for other purposes.",On Passage of the Bill,
119,Senate,319,2025-06-18,1,319,50,46,-0.003,-0.248,-0.693,0.441,-0.06,PN1240,Cloture Motion Agreed to,"Rodney Scott, of Oklahoma, to be Commissioner of U.S. Customs and Border Protection, Department of Homeland Security",On the Cloture Motion,
119,Senate,320,2025-06-18,1,320,53,45,-0.117,0.029,-0.701,-0.352,-1.983,PN247,Nomination Confirmed,"Olivia Trusty, of Maryland, to be a Member of the Federal Communications Commission for a term of five years from July 1, 2025",On the Nomination,
119,Senate,321,2025-06-18,1,321,51,46,-0.003,-0.248,-0.693,0.442,-0.06,PN1240,Nomination Confirmed,"Rodney Scott, of Oklahoma, to be Commissioner of U.S. Customs and Border Protection, Department of Homeland Security",On the Nomination,
119,Senate,322,2025-06-23,1,322,58,33,-0.205,-0.152,-0.519,-1.175,-11.908,PN2650,Cloture Motion Agreed to,"Daniel Zimmerman, of North Carolina, to be an Assistant Secretary of Defense",On the Cloture Motion,
119,Senate,323,2025-06-24,1,323,61,35,-0.258,0.017,-0.564,-1.034,-11.28,PN2650,Nomination Confirmed,"Daniel Zimmerman, of North Carolina, to be an Assistant Secretary of Defense",On the Nomination,
119,Senate,324,2025-06-24,1,324,56,42,-0.192,0.981,-0.288,-0.112,-13.757,PN2612,Cloture Motion Agreed to,"Paul Dabbar, of New York, to be Deputy Secretary of Commerce",On the Cloture Motion,
119,Senate,325,2025-06-25,1,325,56,40,-0.2,0.98,-0.288,-0.119,-13.67,PN2612,Nomination Confirmed,"Paul Dabbar, of New York, to be Deputy Secretary of Commerce",On the Nomination,
119,Senate,326,2025-06-25,1,326,53,44,-0.005,-0.241,-0.692,0.448,-0.056,PN137,Cloture Motion Agreed to,"Kenneth Kies, of Virginia, to be an Assistant Secretary of the Treasury",On the Cloture Motion,
119,Senate,327,2025-06-26,1,327,53,45,-0.003,-0.247,-0.693,0.441,-0.06,PN137,Nomination Confirmed,"Kenneth Kies, of Virginia, to be an Assistant Secretary of the Treasury",On the Nomination,
119,Senate,328,2025-06-27,1,328,47,53,-0.313,0.95,0.436,0.642,-5.897,SJRES59,Motion to Discharge Rejected,A joint resolution to direct the removal of United States Armed Forces from hostilities against the Islamic Republic of Iran that have not been authorized by Congress.,On the Motion to Discharge,
119,Senate,329,2025-06-28,1,329,51,49,-0.25,0.968,-0.351,-0.6,-8.004,HR1,Motion to Proceed Agreed to,A bill to provide for reconciliation pursuant to title II of H. Con. Res. 14.,On the Motion to Proceed,
119,Senate,330,2025-06-30,1,330,53,47,-0.003,-0.248,-0.693,0.441,-0.06,HR1,Decision of Chair Sustained,In the nature of a substitute.,On the Decision of the Chair,
119,Senate,331,2025-06-30,1,331,53,47,-0.003,-0.248,-0.693,0.441,-0.06,HR1,Decision of Chair Sustained,A bill to provide for reconciliation pursuant to title II of H. Con. Res. 14.,On the Decision of the Chair,
119,Senate,332,2025-06-30,1,332,47,53,-0.003,-0.248,0.693,-0.441,-0.06,HR1,Motion Rejected,A bill to provide for reconciliation pursuant to title II of H. Con. Res. 14.,On the Motion,
119,Senate,333,2025-06-30,1,333,49,51,0.227,-0.178,0.616,0.861,-0.574,HR1,Motion Rejected,A bill to provide for reconciliation pursuant to title II of H. Con. Res. 14.,On the Motion,
119,Senate,334,2025-06-30,1,334,51,48,0.161,0.987,-0.561,0.045,-2.222,HR1,Motion Agreed to,A bill to provide for reconciliation pursuant to title II of H. Con. Res. 14.,On the Motion,
119,Senate,335,2025-06-30,1,335,47,53,-0.003,-0.248,0.693,-0.441,-0.06,HR1,Motion Rejected,A bill to provide for reconciliation pursuant to title II of H. Con. Res. 14.,On the Motion,
119,Senate,336,2025-06-30,1,336,48,52,0.184,0.983,0.904,-0.175,-2.206,HR1,Motion Rejected,A bill to provide for reconciliation pursuant to title II of H. Con. Res. 14.,On the Motion,
119,Senate,337,2025-06-30,1,337,49,51,0.152,-0.202,0.256,-0.064,-6.97,HR1,Motion Rejected,A bill to provide for reconciliation pursuant to title II of H. Con. Res. 14.,On the Motion,
119,Senate,338,2025-06-30,1,338,48,52,0.128,-0.221,0.645,0.722,-0.578,HR1,Motion Rejected,A bill to provide for reconciliation pursuant to title II of H. Con. Res. 14.,On the Motion,
119,Senate,339,2025-06-30,1,339,47,53,-0.003,-0.248,0.693,-0.441,-0.06,HR1,Motion Rejected,"To amend the Internal Revenue Code of 1986 to extend the enhanced premium tax credits and increase the individual tax rate for taxpayers with income of $10,000,000.",On the Motion,
119,Senate,340,2025-06-30,1,340,48,52,0.128,-0.221,0.645,0.722,-0.578,HR1,Motion Rejected,A bill to provide for reconciliation pursuant to title II of H. Con. Res. 14.,On the Motion,
119,Senate,341,2025-06-30,1,341,47,53,-0.003,-0.248,0.693,-0.441,-0.06,HR1,Motion Rejected,To strike the reduction in the funding cap for the Bureau of Consumer Financial Protection.,On the Motion,
119,Senate,342,2025-06-30,1,342,56,44,0.303,-0.614,-0.444,-1.416,-10.169,HR1,Motion Rejected,To reduce the FMAP for the Medicaid expansion to 80 percent in expansion States that provide State-funded coverage to aliens who are not qualified aliens and who are have been charged with or convicted of certain acts.,On the Motion,
119,Senate,343,2025-06-30,1,343,47,53,-0.003,-0.248,0.693,-0.441,-0.06,HR1,Motion Rejected,To prevent cryptocurrency corruption.,On the Motion,
119,Senate,344,2025-06-30,1,344,49,51,0.227,-0.178,0.616,0.861,-0.574,HR1,Motion Rejected,No Statement of Purpose on File.,On the Motion,
119,Senate,345,2025-06-30,1,345,53,47,-0.003,-0.248,-0.693,0.441,-0.06,HR1,Motion Rejected,"To prohibit Federal financial participation under Medicaid and CHIP for individuals without verified citizenship, nationality, or satisfactory immigration status.",On the Motion,
119,Senate,346,2025-06-30,1,346,47,53,-0.003,-0.248,0.693,-0.441,-0.06,HR1,Motion Rejected,A bill to provide for reconciliation pursuant to title II of H. Con. Res. 14.,On the Motion,
119,Senate,347,2025-06-30,1,347,47,53,-0.003,-0.248,0.693,-0.441,-0.06,HR1,Motion Rejected,A bill to provide for reconciliation pursuant to title II of H. Con. Res. 14.,On the Motion,
119,Senate,348,2025-06-30,1,348,47,53,-0.003,-0.248,0.693,-0.441,-0.06,HR1,Motion Rejected,A bill to provide for reconciliation pursuant to title II of H. Con. Res. 14.,On the Motion,
119,Senate,349,2025-06-30,1,349,48,52,0.128,-0.221,0.645,0.722,-0.578,HR1,Motion Rejected,A bill to provide for reconciliation pursuant to title II of H. Con. Res. 14.,On the Motion,
119,Senate,350,2025-06-30,1,350,49,51,0.152,-0.202,0.256,-0.064,-6.97,HR1,Motion Rejected,A bill to provide for reconciliation pursuant to title II of H. Con. Res. 14.,On the Motion,
119,Senate,351,2025-06-30,1,351,47,53,-0.003,-0.248,0.693,-0.441,-0.06,HR1,Motion Rejected,A bill to provide for reconciliation pursuant to title II of H. Con. Res. 14.,On the Motion,
119,Senate,352,2025-06-30,1,352,42,58,0.849,-0.528,0.23,1.576,-37.611,HR1,Motion Rejected,To prohibit the use of Defense Production Act of 1950 funds without the approval of Congress.,On the Motion,
119,Senate,353,2025-06-30,1,353,47,53,-0.003,-0.248,0.693,-0.441,-0.06,HR1,Motion Rejected,A bill to provide for reconciliation pursuant to title II of H. Con. Res. 14.,On the Motion,
119,Senate,354,2025-07-01,1,354,47,53,-0.003,-0.248,0.693,-0.441,-0.06,HR1,Motion Rejected,A bill to provide for reconciliation pursuant to title II of H. Con. Res. 14.,On the Motion,
119,Senate,355,2025-07-01,1,355,22,78,-0.157,-0.988,-0.038,0.259,-52.003,HR1,Motion Rejected,"To amend the Internal Revenue Code of 1986 to apply a 39.6 percent individual income tax rate, and to provide additional funding and specify eligible providers under the Rural Health Transformation Program.",On the Motion,
119,Senate,356,2025-07-01,1,356,54,46,-0.122,-0.264,-0.678,0.543,-2.039,HR1,Motion Rejected,To amend the Internal Revenue Code of 1986 to provide a deduction for expenses of home educators.,On the Motion,
119,Senate,357,2025-07-01,1,357,47,53,-0.003,-0.248,0.693,-0.441,-0.06,HR1,Motion Rejected,A bill to provide for reconciliation pursuant to title II of H. Con. Res. 14.,On the Motion,
119,Senate,358,2025-07-01,1,358,50,50,0.236,-0.972,0.498,-0.013,-5.628,HR1,Amendment Rejected,"To eliminate a program of qualified elementary and secondary education scholarships for public, private, or religious schools.",On the Amendment,
119,Senate,359,2025-07-01,1,359,48,51,0.128,-0.221,0.645,0.722,-0.578,HR1,Motion Rejected,A bill to provide for reconciliation pursuant to title II of H. Con. Res. 14.,On the Motion,
119,Senate,360,2025-07-01,1,360,21,79,0.272,-0.962,-0.641,1.086,-18.453,HR1,Amendment Rejected,To terminate wind and solar credits.,On the Amendment,
119,Senate,361,2025-07-01,1,361,48,52,0.184,0.983,0.904,-0.175,-2.206,HR1,Amendment Rejected,To strike a provision relating to limitations on certain Medicaid payments.,On the Amendment,
119,Senate,362,2025-07-01,1,362,47,53,-0.003,-0.248,0.693,-0.441,-0.06,HR1,Amendment Rejected,"To cut the price of prescription drugs under Medicare in half and expand Medicare to cover dental, vision, and hearing.",On the Amendment,
119,Senate,363,2025-07-01,1,363,99,1,0.0,0.0,0.0,0.0,0.0,HR1,Amendment Agreed to,To strike the section relating to support for artificial intelligence.,On the Amendment,
119,Senate,364,2025-07-01,1,364,47,53,-0.003,-0.248,0.693,-0.441,-0.06,HR1,Amendment Rejected,To maintain parity for wind and solar facilities under the Internal Revenue Code of 1986.,On the Amendment,
119,Senate,365,2025-07-01,1,365,48,52,0.128,-0.221,0.645,0.722,-0.578,HR1,Amendment Rejected,"To modify the provision terminating the residential clean energy credit, and for other purposes.",On the Amendment,
119,Senate,366,2025-07-01,1,366,49,51,0.227,-0.178,0.616,0.861,-0.574,HR1,Amendment Rejected,"To repeal amendments that terminate certain clean energy credits, and for other purposes.",On the Amendment,
119,Senate,367,2025-07-01,1,367,50,50,0.29,-0.957,0.655,0.132,-4.797,HR1,Amendment Rejected,Use of revenues from lease payments from Metropolitan Washington Airports for aviation safety improvements and other purposes.,On the Amendment,
119,Senate,368,2025-07-01,1,368,50,50,-0.174,0.72,0.491,1.177,-4.311,HR1,Amendment Rejected,To strike the appropriations for the Office of Management and Budget.,On the Amendment,
119,Senate,369,2025-07-01,1,369,45,55,-0.174,0.215,0.174,0.466,-21.368,HR1,Amendment Rejected,To strike a provision relating to delayed implementation of the supplemental nutrition assistance program matching funds requirements.,On the Amendment,
119,Senate,370,2025-07-01,1,370,50,50,-0.258,0.966,-0.539,-1.159,-6.893,HR1,Amendment Agreed to,To improve the bill.,On the Amendment,
119,Senate,371,2025-07-01,1,371,50,50,-0.258,0.966,-0.539,-1.159,-6.893,HR1,Amendment Agreed to,In the nature of a substitute.,On the Amendment,
119,Senate,372,2025-07-01,1,372,50,50,-0.258,0.966,-0.539,-1.159,-6.909,HR1,Bill Passed,A bill to provide for reconciliation pursuant to title II of H. Con. Res. 14.,On Passage of the Bill,
119,Senate,373,2025-07-08,1,373,47,41,-0.127,-0.269,-0.674,0.568,-1.965,PN1220,Cloture Motion Agreed to,"Preston Griffith, of Virginia, to be Under Secretary of Energy",On the Cloture Motion,
119,Senate,374,2025-07-08,1,374,47,42,-0.146,-0.527,-0.898,0.573,-3.243,PN556,Cloture Motion Agreed to,"Bryan Bedford, of Indiana, to be Administrator of the Federal Aviation Administration for the term of five years",On the Cloture Motion,
119,Senate,375,2025-07-09,1,375,54,43,-0.125,-0.266,-0.677,0.549,-2.011,PN1220,Nomination Confirmed,"Preston Griffith, of Virginia, to be Under Secretary of Energy",On the Nomination,
119,Senate,376,2025-07-09,1,376,51,46,0.163,0.987,-0.957,0.099,-2.198,PN1224,Cloture Motion Agreed to,"Scott Kupor, of California, to be Director of the Office of Personnel Management for a term of four years",On the Cloture Motion,
119,Senate,377,2025-07-09,1,377,53,43,-0.146,-0.461,-0.859,0.608,-3.214,PN556,Nomination Confirmed,"Bryan Bedford, of Indiana, to be Administrator of the Federal Aviation Administration for the term of five years",On the Nomination,
119,Senate,378,2025-07-09,1,378,51,44,-0.003,-0.248,-0.693,0.44,-0.06,PN133,Cloture Motion Agreed to,"William Briggs, of Texas, to be Deputy Administrator of the Small Business Administration",On the Cloture Motion,
119,Senate,379,2025-07-09,1,379,49,46,0.162,0.987,-0.989,0.093,-2.181,PN1224,Nomination Confirmed,"Scott Kupor, of California, to be Director of the Office of Personnel Management for a term of four years",On the Nomination,
119,Senate,380,2025-07-09,1,380,49,45,-0.003,-0.248,-0.693,0.44,-0.06,PN133,Nomination Confirmed,"William Briggs, of Texas, to be Deputy Administrator of the Small Business Administration",On the Nomination,
119,Senate,381,2025-07-10,1,381,50,45,-0.258,0.966,-0.401,-0.639,-5.556,PN2515,Cloture Motion Agreed to,"Jonathan Gould, of Virginia, to be Comptroller of the Currency for a term of five years",On the Cloture Motion,
119,Senate,382,2025-07-10,1,382,51,43,-0.003,-0.249,-0.693,0.438,-0.06,PN1503,Cloture Motion Agreed to,"Whitney D. Hermandorfer, of Tennessee, to be United States Circuit Judge for the Sixth Circuit",On the Cloture Motion,
119,Senate,383,2025-07-10,1,383,50,45,-0.003,-0.248,-0.693,0.439,-0.06,PN2515,Nomination Confirmed,"Jonathan Gould, of Virginia, to be Comptroller of the Currency for a term of five years",On the Nomination,
119,Senate,384,2025-07-14,1,384,46,42,-0.005,-0.267,-0.694,0.433,-0.053,PN1503,Nomination Confirmed,"Whitney D. Hermandorfer, of Tennessee, to be United States Circuit Judge for the Sixth Circuit",On the Nomination,
119,Senate,385,2025-07-14,1,385,60,28,-0.006,-1.0,-0.205,-0.337,-24.178,PN2539,Cloture Motion Agreed to,"Luke Pettit, of the District of Columbia, to be an Assistant Secretary of the Treasury",On the Cloture Motion,
119,Senate,386,2025-07-15,1,386,69,30,-0.016,-1.0,-0.218,-0.361,-26.461,PN2539,Nomination Confirmed,"Luke Pettit, of the District of Columbia, to be an Assistant Secretary of the Treasury",On the Nomination,
119,Senate,387,2025-07-15,1,387,52,47,-0.003,-0.25,-0.694,0.438,-0.06,PN2226,Cloture Motion Agreed to,"Anthony Tata, of Florida, to be Under Secretary of Defense for Personnel and Readiness",On the Cloture Motion,
119,Senate,388,2025-07-15,1,388,52,46,-0.003,-0.25,-0.694,0.438,-0.06,PN2226,Nomination Confirmed,"Anthony Tata, of Florida, to be Under Secretary of Defense for Personnel and Readiness",On the Nomination,
119,Senate,389,2025-07-15,1,389,50,46,-0.001,-0.25,-0.693,0.447,-0.056,PN2615,Cloture Motion Agreed to,"Joseph Edlow, of Maryland, to be Director of United States Citizenship and Immigration Services, Department of Homeland Security",On the Cloture Motion,
119,Senate,390,2025-07-15,1,390,52,47,-0.003,-0.25,-0.694,0.438,-0.06,PN2615,Nomination Confirmed,"Joseph Edlow, of Maryland, to be Director of United States Citizenship and Immigration Services, Department of Homeland Security",On the Nomination,
119,Senate,391,2025-07-15,1,391,50,50,0.187,0.235,-0.4,-0.582,-4.189,HR4,Motion to Discharge Agreed to,"A bill to rescind certain budget authority proposed to be rescinded in special messages transmitted to the Congress by the President on June 3, 2025, in accordance with section 1012(a) of the Congressional Budget and Impoundment Control Act of 1974.",On the Motion to Discharge,
119,Senate,392,2025-07-15,1,392,50,50,0.187,0.235,-0.4,-0.582,-4.189,HR4,Motion to Proceed Agreed to,"A bill to rescind certain budget authority proposed to be rescinded in special messages transmitted to the Congress by the President on June 3, 2025, in accordance with section 1012(a) of the Congressional Budget and Impoundment Control Act of 1974.",On the Motion to Proceed,
119,Senate,393,2025-07-16,1,393,49,50,0.186,0.239,0.402,0.588,-4.189,HR4,Amendment Rejected,"To strike the recession of amounts made available for international disaster assistance, to ensure the United States can compete with China and maintain our long tradition of providing lifesaving aid.",On the Amendment,
119,Senate,394,2025-07-16,1,394,48,51,0.227,-0.179,0.616,0.86,-0.574,HR4,Motion to Recommit Rejected,"A bill to rescind certain budget authority proposed to be rescinded in special messages transmitted to the Congress by the President on June 3, 2025, in accordance with section 1012(a) of the Congressional Budget and Impoundment Control Act of 1974.",On the Motion to Recommit,
119,Senate,395,2025-07-16,1,395,48,51,0.227,-0.179,0.616,0.86,-0.574,HR4,Motion to Recommit Rejected,"A bill to rescind certain budget authority proposed to be rescinded in special messages transmitted to the Congress by the President on June 3, 2025, in accordance with section 1012(a) of the Congressional Budget and Impoundment Control Act of 1974.",On the Motion to Recommit,
119,Senate,396,2025-07-16,1,396,48,51,0.227,-0.179,0.616,0.86,-0.574,HR4,Motion to Recommit Rejected,"A bill to rescind certain budget authority proposed to be rescinded in special messages transmitted to the Congress by the President on June 3, 2025, in accordance with section 1012(a) of the Congressional Budget and Impoundment Control Act of 1974.",On the Motion to Recommit,
119,Senate,397,2025-07-16,1,397,47,52,0.175,0.985,0.916,-0.144,-2.206,HR4,Amendment Rejected,To strike the rescissions of funding for the Corporation for Public Broadcasting.,On the Amendment,
119,Senate,398,2025-07-16,1,398,48,51,0.227,-0.179,0.616,0.86,-0.574,HR4,Motion to Recommit Rejected,"A bill to rescind certain budget authority proposed to be rescinded in special messages transmitted to the Congress by the President on June 3, 2025, in accordance with section 1012(a) of the Congressional Budget and Impoundment Control Act of 1974.",On the Motion to Recommit,
119,Senate,399,2025-07-16,1,399,47,52,0.175,0.985,0.916,-0.144,-2.206,HR4,Motion to Recommit Rejected,"A bill to rescind certain budget authority proposed to be rescinded in special messages transmitted to the Congress by the President on June 3, 2025, in accordance with section 1012(a) of the Congressional Budget and Impoundment Control Act of 1974.",On the Motion to Recommit,
119,Senate,400,2025-07-16,1,400,46,51,0.196,0.981,0.875,-0.212,-2.206,HR4,Amendment Rejected,To reduce the amount rescinded from Global Health programs to preserve funding for programs addressing diseases.,On the Amendment,
119,Senate,401,2025-07-16,1,401,47,50,0.246,-0.215,0.643,0.736,-0.495,HR4,Motion to Recommit Rejected,"A bill to rescind certain budget authority proposed to be rescinded in special messages transmitted to the Congress by the President on June 3, 2025, in accordance with section 1012(a) of the Congressional Budget and Impoundment Control Act of 1974.",On the Motion to Recommit,
119,Senate,402,2025-07-16,1,402,48,51,0.227,-0.179,0.616,0.86,-0.574,HR4,Amendment Rejected,"To strike the rescission of funds appropriated for Global Health programs, including family planning and reproductive health.",On the Amendment,
119,Senate,403,2025-07-16,1,403,48,51,0.227,-0.179,0.616,0.86,-0.574,HR4,Motion to Recommit Rejected,"A bill to rescind certain budget authority proposed to be rescinded in special messages transmitted to the Congress by the President on June 3, 2025, in accordance with section 1012(a) of the Congressional Budget and Impoundment Control Act of 1974.",On the Motion to Recommit,
119,Senate,404,2025-07-16,1,404,48,51,0.227,-0.179,0.616,0.86,-0.574,HR4,Amendment Rejected,To strike the rescission of funds appropriated for the Feed the Future Program to improve global food security and agricultural resiliency and support agriculture research that benefits United States agribusinesses and universities.,On the Amendment,
119,Senate,405,2025-07-17,1,405,51,47,0.227,-0.179,-0.616,-0.86,-0.574,HR4,Motion to Table Agreed to,In the nature of a substitute.,On the Motion to Table,
119,Senate,406,2025-07-17,1,406,47,51,0.227,-0.179,0.616,0.86,-0.574,HR4,Amendment Rejected,To improve the bill.,On the Amendment,
119,Senate,407,2025-07-17,1,407,49,50,0.186,0.239,0.402,0.588,-4.189,HR4,Amendment Rejected,"To reduce the amount rescinded from Assistance to Europe, Eurasia, and Central Asia.",On the Amendment,
119,Senate,408,2025-07-17,1,408,48,51,0.227,-0.179,0.616,0.86,-0.574,HR4,Amendment Rejected,To reduce the amount rescinded from International Organizations and Programs and to ensure that UNICEF receives all of the funding previously appropriated to it by Congress.,On the Amendment,
119,Senate,409,2025-07-17,1,409,48,51,0.227,-0.179,0.616,0.86,-0.574,HR4,Amendment Rejected,"To strike the paragraph of the bill that rescinds $15,000,000 that had been appropriated for the United States Institute of Peace.",On the Amendment,
119,Senate,410,2025-07-17,1,410,52,47,-0.273,0.962,-0.45,-0.698,-4.716,HR4,Amendment Agreed to,In the nature of a substitute.,On the Amendment,
119,Senate,411,2025-07-17,1,411,51,48,0.227,-0.179,-0.616,-0.86,-0.574,HR4,Bill Passed,"A bill to rescind certain budget authority proposed to be rescinded in special messages transmitted to the Congress by the President on June 3, 2025, in accordance with section 1012(a) of the Congressional Budget and Impoundment Control Act of 1974.",On Passage of the Bill,
119,Senate,412,2025-07-17,1,412,52,46,-0.003,-0.249,-0.694,0.439,-0.06,PN1502,Cloture Motion Agreed to,"Joshua M. Divine, of Missouri, to be United States District Judge for the Eastern and Western Districts of Missouri",On the Cloture Motion,
119,Senate,413,2025-07-17,1,413,49,43,-0.014,-0.239,-0.692,0.466,-0.039,PN1506,Cloture Motion Agreed to,"Cristian M. Stevens, of Missouri, to be United States District Judge for the Eastern District of Missouri",On the Cloture Motion,
119,Senate,414,2025-07-17,1,414,49,40,-0.019,-0.239,-0.692,0.468,-0.034,PN2627,Cloture Motion Agreed to,"Aaron Lukas, of Arkansas, to be Principal Deputy Director of National Intelligence",On the Cloture Motion,
119,Senate,415,2025-07-17,1,415,57,31,0.062,-0.998,-0.33,-0.564,-14.617,PN227,Cloture Motion Agreed to,"Bradley Hansell, of Virginia, to be Under Secretary of Defense for Intelligence and Security",On the Cloture Motion,
119,Senate,416,2025-07-17,1,416,50,34,-0.147,0.016,-0.708,-0.212,-1.458,PN2225,Cloture Motion Agreed to,"Arielle Roth, of the District of Columbia, to be Assistant Secretary of Commerce for Communications and Information",On the Cloture Motion,
119,Senate,417,2025-07-17,1,417,46,36,-0.021,-0.241,-0.692,0.466,-0.031,PN243,Cloture Motion Agreed to,"John Hurley, of California, to be Under Secretary for Terrorism and Financial Crimes",On the Cloture Motion,
119,Senate,418,2025-07-21,1,418,44,43,-0.003,-0.245,-0.693,0.444,-0.059,PN2611,Cloture Motion Agreed to,"Terrance Cole, of Virginia, to be Administrator of Drug Enforcement",On the Cloture Motion,
119,Senate,419,2025-07-22,1,419,50,47,-0.003,-0.249,-0.694,0.438,-0.06,PN2611,Nomination Confirmed,"Terrance Cole, of Virginia, to be Administrator of Drug Enforcement",On the Nomination,
119,Senate,420,2025-07-22,1,420,51,46,-0.123,-0.268,-0.676,0.558,-2.039,PN1502,Nomination Confirmed,"Joshua M. Divine, of Missouri, to be United States District Judge for the Eastern and Western Districts of Missouri",On the Nomination,
119,Senate,421,2025-07-22,1,421,50,47,-0.003,-0.249,-0.694,0.438,-0.06,PN1506,Nomination Confirmed,"Cristian M. Stevens, of Missouri, to be United States District Judge for the Eastern District of Missouri",On the Nomination,
119,Senate,422,2025-07-22,1,422,50,48,0.175,0.985,-0.926,0.142,-2.201,HR3944,Motion to Proceed Agreed to,"A bill making appropriations for military construction, the Department of Veterans Affairs, and related agencies for the fiscal year ending September 30, 2026, and for other purposes.",On the Motion to Proceed,
119,Senate,423,2025-07-22,1,423,91,7,-0.553,-0.279,-0.23,-0.406,-16.403,HR3944,Cloture on the Motion to Proceed Agreed to,"A bill making appropriations for military construction, the Department of Veterans Affairs, and related agencies for the fiscal year ending September 30, 2026, and for other purposes.",On Cloture on the Motion to Proceed,
119,Senate,424,2025-07-22,1,424,51,46,-0.003,-0.249,-0.694,0.438,-0.06,PN2627,Nomination Confirmed,"Aaron Lukas, of Arkansas, to be Principal Deputy Director of National Intelligence",On the Nomination,
119,Senate,425,2025-07-22,1,425,61,35,-0.09,-0.996,-0.45,-0.472,-18.023,PN227,Nomination Confirmed,"Bradley Hansell, of Virginia, to be Under Secretary of Defense for Intelligence and Security",On the Nomination,
119,Senate,426,2025-07-23,1,426,52,41,-0.119,0.035,-0.697,-0.39,-1.939,PN2225,Nomination Confirmed,"Arielle Roth, of the District of Columbia, to be Assistant Secretary of Commerce for Communications and Information",On the Nomination,
119,Senate,427,2025-07-23,1,427,51,47,-0.002,-0.248,-0.693,0.439,-0.06,PN243,Nomination Confirmed,"John Hurley, of California, to be Under Secretary for Terrorism and Financial Crimes",On the Nomination,
119,Senate,428,2025-07-23,1,428,90,8,-0.729,0.684,-0.348,-0.393,-18.328,HR3944,Motion to Proceed Agreed to,"A bill making appropriations for military construction, the Department of Veterans Affairs, and related agencies for the fiscal year ending September 30, 2026, and for other purposes.",On the Motion to Proceed,
119,Senate,429,2025-07-23,1,429,49,47,-0.002,-0.248,-0.693,0.439,-0.06,PN1501,Cloture Motion Agreed to,"Zachary M. Bluestone, of Missouri, to be United States District Judge for the Eastern District of Missouri",On the Cloture Motion,
119,Senate,430,2025-07-23,1,430,49,47,-0.002,-0.248,-0.693,0.439,-0.06,PN1501,Nomination Confirmed,"Zachary M. Bluestone, of Missouri, to be United States District Judge for the Eastern District of Missouri",On the Nomination,
119,Senate,431,2025-07-23,1,431,48,47,-0.0,-0.249,-0.692,0.449,-0.056,PN2553,Cloture Motion Agreed to,"Aaron Szabo, of Virginia, to be an Assistant Administrator of the Environmental Protection Agency",On the Cloture Motion,
119,Senate,432,2025-07-23,1,432,49,47,-0.003,-0.249,-0.693,0.439,-0.06,PN2553,Nomination Confirmed,"Aaron Szabo, of Virginia, to be an Assistant Administrator of the Environmental Protection Agency",On the Nomination,
119,Senate,433,2025-07-23,1,433,49,47,-0.003,-0.249,-0.693,0.439,-0.06,PN2215,Cloture Motion Agreed to,"Matthew Lohmeier, of Arizona, to be Under Secretary of the Air Force",On the Cloture Motion,
119,Senate,434,2025-07-24,1,434,52,46,-0.002,-0.248,-0.693,0.439,-0.06,PN2215,Nomination Confirmed,"Matthew Lohmeier, of Arizona, to be Under Secretary of the Air Force",On the Nomination,
119,Senate,435,2025-07-24,1,435,52,46,-0.002,-0.248,-0.693,0.439,-0.06,PN2554,Cloture Motion Agreed to,"Richard Topping, of Ohio, to be Chief Financial Officer, Department of Veterans Affairs",On the Cloture Motion,
119,Senate,436,2025-07-24,1,436,51,47,-0.002,-0.248,-0.693,0.439,-0.06,PN2554,Nomination Confirmed,"Richard Topping, of Ohio, to be Chief Financial Officer, Department of Veterans Affairs",On the Nomination,
119,Senate,437,2025-07-24,1,437,50,48,0.227,-0.179,-0.616,-0.859,-0.574,PN3462,Cloture Motion Agreed to,"Emil J. Bove III, of Pennsylvania, to be United States Circuit Judge for the Third Circuit",On the Cloture Motion,
119,Senate,438,2025-07-28,1,438,51,45,0.0,-0.248,-0.692,0.448,-0.056,PN34520,Cloture Motion Agreed to,"David Wright, of South Carolina, to be a Member of the Nuclear Regulatory Commission for the term of five years expiring June 30, 2030",On the Cloture Motion,
119,Senate,439,2025-07-28,1,439,50,39,0.0,-0.248,-0.692,0.449,-0.056,PN34520,Nomination Confirmed,"David Wright, of South Carolina, to be a Member of the Nuclear Regulatory Commission for the term of five years expiring June 30, 2030",On the Nomination,
119,Senate,440,2025-07-28,1,440,50,45,0.0,-0.248,-0.692,0.448,-0.056,PN2217,Cloture Motion Agreed to,"Earl Matthews, of Virginia, to be General Counsel of the Department of Defense",On the Cloture Motion,
119,Senate,441,2025-07-29,1,441,50,47,-0.003,-0.248,-0.694,0.438,-0.06,PN2217,Nomination Confirmed,"Earl Matthews, of Virginia, to be General Counsel of the Department of Defense",On the Nomination,
119,Senate,442,2025-07-29,1,442,51,47,-0.003,-0.248,-0.694,0.438,-0.06,PN2213,Cloture Motion Agreed to,"William Kimmitt, of Virginia, to be Under Secretary of Commerce for International Trade",On the Cloture Motion,
119,Senate,443,2025-07-29,1,443,51,47,-0.003,-0.249,-0.694,0.438,-0.06,PN2213,Nomination Confirmed,"William Kimmitt, of Virginia, to be Under Secretary of Commerce for International Trade",On the Nomination,
119,Senate,444,2025-07-29,1,444,52,47,-0.003,-0.248,-0.694,0.438,-0.06,PN6014,Cloture Motion Agreed to,"Susan Monarez, of Wisconsin, to be Director of the Centers for Disease Control and Prevention",On the Cloture Motion,
119,Senate,445,2025-07-29,1,445,51,47,-0.003,-0.248,-0.694,0.438,-0.06,PN6014,Nomination Confirmed,"Susan Monarez, of Wisconsin, to be Director of the Centers for Disease Control and Prevention",On the Nomination,
119,Senate,446,2025-07-29,1,446,53,45,0.12,-0.752,-0.596,-0.971,-6.116,PN127,Cloture Motion Agreed to,"Samuel Brown, of Nevada, to be Under Secretary of Veterans Affairs for Memorial Affairs",On the Cloture Motion,
119,Senate,447,2025-07-29,1,447,54,44,0.122,-0.769,-0.598,-0.965,-6.088,PN127,Nomination Confirmed,"Samuel Brown, of Nevada, to be Under Secretary of Veterans Affairs for Memorial Affairs",On the Nomination,
119,Senate,448,2025-07-29,1,448,50,49,0.227,-0.179,-0.616,-0.86,-0.574,PN3462,Nomination Confirmed,"Emil J. Bove III, of Pennsylvania, to be United States Circuit Judge for the Third Circuit",On the Nomination,
119,Senate,449,2025-07-30,1,449,53,47,-0.003,-0.249,-0.694,0.438,-0.06,PN1294,Cloture Motion Agreed to,"Thomas Gaiser, of Ohio, to be an Assistant Attorney General",On the Cloture Motion,
119,Senate,450,2025-07-30,1,450,53,45,-0.003,-0.249,-0.694,0.438,-0.06,PN1294,Nomination Confirmed,"Thomas Gaiser, of Ohio, to be an Assistant Attorney General",On the Nomination,
119,Senate,451,2025-07-30,1,451,53,44,-0.003,-0.249,-0.694,0.438,-0.06,PN2527,Cloture Motion Agreed to,"Joseph Kent, of Washington, to be Director of the National Counterterrorism Center, Office of the Director of National Intelligence",On the Cloture Motion,
119,Senate,452,2025-07-30,1,452,52,44,0.034,0.999,-0.319,-0.131,-5.035,PN2527,Nomination Confirmed,"Joseph Kent, of Washington, to be Director of the National Counterterrorism Center, Office of the Director of National Intelligence",On the Nomination,
119,Senate,453,2025-07-30,1,453,53,44,-0.003,-0.25,-0.694,0.436,-0.06,PN258,Cloture Motion Agreed to,"Tyler Clarkson, of Virginia, to be General Counsel of the Department of Agriculture",On the Cloture Motion,
119,Senate,454,2025-07-30,1,454,27,70,-0.207,0.978,0.252,-0.123,-27.392,SJRES41,Motion to Discharge Rejected,A joint resolution providing for congressional disapproval of the proposed export of certain defense articles to Israel.,On the Motion to Discharge,
119,Senate,455,2025-07-30,1,455,24,73,-0.123,-0.992,0.185,0.262,-29.137,SJRES34,Motion to Discharge Rejected,A joint resolution providing for congressional disapproval of the proposed foreign military sale to the Government of Israel of certain defense articles and services.,On the Motion to Discharge,
119,Senate,456,2025-07-30,1,456,59,38,-0.2,0.041,-0.719,0.401,-10.26,PN2642,Cloture Motion Agreed to,"Gadyaces Serralta, of Florida, to be Director of the United States Marshals Service",On the Cloture Motion,
119,Senate,457,2025-07-30,1,457,53,44,-0.003,-0.25,-0.694,0.436,-0.06,PN2625,Cloture Motion Agreed to,"Matthew Kozma, of Virginia, to be Under Secretary for Intelligence and Analysis, Department of Homeland Security",On the Cloture Motion,
119,Senate,458,2025-07-31,1,458,53,41,-0.004,-0.25,-0.694,0.436,-0.059,PN14130,Cloture Motion Agreed to,"Cheryl Mason, of North Carolina, to be Inspector General, Department of Veterans Affairs",On the Cloture Motion,
119,Senate,459,2025-07-31,1,459,52,45,-0.003,-0.25,-0.694,0.437,-0.06,PN258,Nomination Confirmed,"Tyler Clarkson, of Virginia, to be General Counsel of the Department of Agriculture",On the Nomination,
119,Senate,460,2025-07-31,1,460,59,39,-0.207,0.292,-0.71,0.097,-9.317,PN2642,Nomination Confirmed,"Gadyaces Serralta, of Florida, to be Director of the United States Marshals Service",On the Nomination,
119,Senate,461,2025-07-31,1,461,53,45,-0.003,-0.25,-0.694,0.437,-0.06,PN14130,Nomination Confirmed,"Cheryl Mason, of North Carolina, to be Inspector General, Department of Veterans Affairs",On the Nomination,
119,Senate,462,2025-07-31,1,462,53,44,-0.003,-0.25,-0.694,0.437,-0.06,PN5528,Cloture Motion Agreed to,"Andrea Lucas, of Virginia, to be a Member of the Equal Employment Opportunity Commission for a term expiring July 1, 2030",On the Cloture Motion,
119,Senate,463,2025-07-31,1,463,53,44,-0.003,-0.25,-0.694,0.437,-0.06,PN2625,Nomination Confirmed,"Matthew Kozma, of Virginia, to be Under Secretary for Intelligence and Analysis, Department of Homeland Security",On the Nomination,
119,Senate,464,2025-07-31,1,464,52,45,-0.003,-0.25,-0.694,0.437,-0.06,PN5528,Nomination Confirmed,"Andrea Lucas, of Virginia, to be a Member of the Equal Employment Opportunity Commission for a term expiring July 1, 2030",On the Nomination,
119,Senate,465,2025-07-31,1,465,52,44,-0.003,-0.25,-0.694,0.437,-0.06,PN1311,Cloture Motion Agreed to,"Casey Mulligan, of Illinois, to be Chief Counsel for Advocacy, Small Business Administration",On the Cloture Motion,
119,Senate,466,2025-07-31,1,466,52,45,-0.003,-0.25,-0.694,0.437,-0.06,PN2649,Cloture Motion Agreed to,"David Woll, of Virginia, to be General Counsel of the Department of Housing and Urban Development",On the Cloture Motion,
119,Senate,467,2025-07-31,1,467,52,45,-0.003,-0.25,-0.694,0.437,-0.06,PN2526,Cloture Motion Agreed to,"Nicholas Kent, of Virginia, to be Under Secretary of Education",On the Cloture Motion,
119,Senate,468,2025-08-01,1,468,55,41,0.003,-1.0,-0.341,-0.225,-9.886,PN1311,Cloture Motion Agreed to,"Casey Mulligan, of Illinois, to be Chief Counsel for Advocacy, Small Business Administration",On the Cloture Motion,
119,Senate,469,2025-08-01,1,469,52,44,-0.003,-0.247,-0.694,0.438,-0.06,PN1311,Nomination Confirmed,"Casey Mulligan, of Illinois, to be Chief Counsel for Advocacy, Small Business Administration",On the Nomination,
119,Senate,470,2025-08-01,1,470,54,43,0.119,-0.993,-0.417,-0.493,-7.57,PN2535,Nomination Confirmed,"Brian Nesvik, of Wyoming, to be Director of the United States Fish and Wildlife Service",On the Nomination,
119,Senate,471,2025-08-01,1,471,52,45,-0.003,-0.247,-0.694,0.438,-0.06,PN5536,Cloture Motion Agreed to,"Luigi Rinaldi, of New York, to be Ambassador to the Oriental Republic of Uruguay",On the Cloture Motion,
119,Senate,472,2025-08-01,1,472,44,51,-0.003,-0.247,0.694,-0.438,-0.06,HR3944,Motion Rejected,To limit recissions of funding.,On the Motion,
119,Senate,473,2025-08-01,1,473,44,51,-0.003,-0.247,0.694,-0.438,-0.06,HR3944,Amendment Rejected,To require a report on veterans who would have been reported to the national instant criminal background check system and who die by suicide with a firearm.,On the Amendment,
119,Senate,474,2025-08-01,1,474,42,53,-0.138,-0.407,0.382,-0.129,-7.532,HR3944,Amendment Rejected,"To prohibit funds from being used for reorganization of the Department of Agriculture and to require a benefit-cost analysis on that reorganization, a public comment period, and a report.",On the Amendment,
119,Senate,475,2025-08-01,1,475,45,50,-0.11,-0.994,0.39,-0.419,-5.337,HR3944,Amendment Rejected,To require the Secretary of Veterans Affairs to submit to Congress a report on the plan of the Secretary for Department of Veterans Affairs workforce reduction in fiscal year 2026.,On the Amendment,
119,Senate,476,2025-08-01,1,476,14,81,-0.015,-1.0,-0.241,1.013,-20.198,HR3944,Amendment Rejected,To reduce the Agriculture discretionary appropriations by 2 percent across the board.,On the Amendment,
119,Senate,477,2025-08-01,1,477,15,81,-0.085,-0.996,-0.27,1.21,-22.33,HR3944,Amendment Rejected,"To reduce funding for certain programs under the division making appropriations for Agriculture, Rural Development, Food and Drug Administration, and Related Agencies.",On the Amendment,
119,Senate,478,2025-08-01,1,478,21,75,0.024,-1.0,-0.314,0.948,-22.9,HR3944,Amendment Rejected,To limit disclosures regarding earmarks.,On the Amendment,
119,Senate,479,2025-08-01,1,479,87,9,-0.758,0.652,-0.395,-0.609,-18.363,HR3944,Amendment Agreed to,In the nature of a substitute.,On the Amendment,
119,Senate,480,2025-08-01,1,480,87,9,-0.758,0.652,-0.395,-0.609,-18.363,HR3944,Bill Passed,"A bill making appropriations for military construction, the Department of Veterans Affairs, and related agencies for the fiscal year ending September 30, 2026, and for other purposes.",On Passage of the Bill,
119,Senate,481,2025-08-01,1,481,81,15,-0.921,0.389,-0.267,-0.755,-32.504,HR3944,Amendment Agreed to,To improve the bill.,On the Amendment,
119,Senate,482,2025-08-01,1,482,51,44,-0.003,-0.247,-0.694,0.438,-0.06,PN5536,Nomination Confirmed,"Luigi Rinaldi, of New York, to be Ambassador to the Oriental Republic of Uruguay",On the Nomination,
119,Senate,483,2025-08-01,1,483,51,43,-0.117,0.033,-0.697,-0.394,-1.944,PN2649,Nomination Confirmed,"David Woll, of Virginia, to be General Counsel of the Department of Housing and Urban Development",On the Nomination,
119,Senate,484,2025-08-01,1,484,50,45,-0.003,-0.247,-0.694,0.438,-0.06,PN2526,Nomination Confirmed,"Nicholas Kent, of Virginia, to be Under Secretary of Education",On the Nomination,
119,Senate,485,2025-08-02,1,485,52,41,-0.185,0.983,-0.312,-0.231,-8.699,PN2639,Cloture Motion Agreed to,"Andrew Puzder, of Tennessee, to be Representative of the United States of America to the European Union, with the rank of Ambassador",On the Cloture Motion,
119,Senate,486,2025-08-02,1,486,53,44,-0.175,0.985,-0.313,-0.224,-8.849,PN2639,Nomination Confirmed,"Andrew Puzder, of Tennessee, to be Representative of the United States of America to the European Union, with the rank of Ambassador",On the Nomination,
119,Senate,487,2025-08-02,1,487,51,45,-0.003,-0.252,-0.693,0.444,-0.06,PN265,Cloture Motion Agreed to,"Brian Burch, of Illinois, to be Ambassador to the Holy See",On the Cloture Motion,
119,Senate,488,2025-08-02,1,488,49,44,-0.003,-0.254,-0.693,0.443,-0.06,PN265,Nomination Confirmed,"Brian Burch, of Illinois, to be Ambassador to the Holy See",On the Nomination,
119,Senate,489,2025-08-02,1,489,49,45,-0.003,-0.252,-0.693,0.444,-0.06,PN2640,Cloture Motion Agreed to,"Jason Reding Quinones, of Florida, to be United States Attorney for the Southern District of Florida for the term of four years",On the Cloture Motion,
119,Senate,490,2025-08-02,1,490,52,44,0.271,0.822,-0.596,0.975,-4.47,PN2640,Nomination Confirmed,"Jason Reding Quinones, of Florida, to be United States Attorney for the Southern District of Florida for the term of four years",On the Nomination,
119,Senate,491,2025-08-02,1,491,51,45,-0.003,-0.252,-0.693,0.444,-0.06,PN34515,Cloture Motion Agreed to,"Jeanine Pirro, of New York, to be United States Attorney for the District of Columbia for the term of four years",On the Cloture Motion,
119,Senate,492,2025-08-02,1,492,50,45,-0.003,-0.252,-0.693,0.444,-0.06,PN34515,Nomination Confirmed,"Jeanine Pirro, of New York, to be United States Attorney for the District of Columbia for the term of four years",On the Nomination,
119,Senate,493,2025-08-02,1,493,76,19,-0.206,-0.85,-0.386,-0.553,-19.948,PN1226,Cloture Motion Agreed to,"Luke Lindberg, of South Dakota, to be Under Secretary of Agriculture for Trade and Foreign Agricultural Affairs",On the Cloture Motion,
119,Senate,494,2025-08-02,1,494,78,17,-0.284,-0.666,-0.931,-1.217,-19.339,PN1226,Nomination Confirmed,"Luke Lindberg, of South Dakota, to be Under Secretary of Agriculture for Trade and Foreign Agricultural Affairs",On the Nomination,
119,Senate,495,2025-08-02,1,495,50,45,-0.003,-0.252,-0.693,0.444,-0.06,PN2516,Nomination Confirmed,"Catherine Hanson, of South Carolina, to be Chief Financial Officer, Environmental Protection Agency",On the Nomination,
119,Senate,496,2025-08-02,1,496,52,42,-0.147,0.009,-0.724,0.049,-5.174,PN262,Nomination Confirmed,"John Arrigo, of Florida, to be Ambassador to the Portuguese Republic",On the Nomination,
119,Senate,497,2025-08-02,1,497,59,35,-0.244,-0.261,-0.718,-0.134,-13.243,PN242,Nomination Confirmed,"Sean Cairncross, of Minnesota, to be National Cyber Director",On the Nomination,
119,Senate,498,2025-08-02,1,498,72,22,-0.155,-0.988,-0.467,-0.634,-19.465,PN5543,Nomination Confirmed,"Adam Telle, of Mississippi, to be an Assistant Secretary of the Army",On the Nomination,
119,Senate,499,2025-08-02,1,499,71,23,0.0,-1.0,-0.257,-0.577,-23.674,PN2218,Nomination Confirmed,"Marcus Molinaro, of New York, to be Federal Transit Administrator",On the Nomination,
119,Senate,500,2025-09-02,1,500,84,14,-0.739,0.417,-0.465,-1.194,-18.987,S2296,Cloture on the Motion to Proceed Agreed to,"An original bill to authorize appropriations for fiscal year 2026 for military activities of the Department of Defense, for military construction, and for defense activities of the Department of Energy, to prescribe military personnel strengths for such fiscal year, and for other purposes.",On Cloture on the Motion to Proceed,
119,Senate,501,2025-09-04,1,501,53,45,-0.003,-0.248,-0.694,0.438,-0.06,PN1504,Cloture Motion Agreed to,"Maria A. Lanahan, of Missouri, to be United States District Judge for the Eastern District of Missouri",On the Cloture Motion,
119,Senate,502,2025-09-04,1,502,53,46,-0.003,-0.247,-0.694,0.438,-0.06,PN3461,Cloture Motion Agreed to,"Edward L. Artau, of Florida, to be United States District Judge for the Southern District of Florida",On the Cloture Motion,
119,Senate,503,2025-09-04,1,503,83,13,-0.641,0.266,-0.481,-1.099,-14.568,S2296,Motion to Proceed Agreed to,"An original bill to authorize appropriations for fiscal year 2026 for military activities of the Department of Defense, for military construction, and for defense activities of the Department of Energy, to prescribe military personnel strengths for such fiscal year, and for other purposes.",On the Motion to Proceed,
119,Senate,504,2025-09-08,1,504,50,43,-0.0,-0.245,-0.692,0.45,-0.056,PN3461,Nomination Confirmed,"Edward L. Artau, of Florida, to be United States District Judge for the Southern District of Florida",On the Nomination,
119,Senate,505,2025-09-09,1,505,52,45,-0.003,-0.245,-0.693,0.44,-0.06,PN1504,Nomination Confirmed,"Maria A. Lanahan, of Missouri, to be United States District Judge for the Eastern District of Missouri",On the Nomination,
119,Senate,506,2025-09-09,1,506,51,46,-0.177,0.984,-0.327,-0.484,-7.405,PN12910,Cloture Motion Agreed to,"Robert Law, of the District of Columbia, to be Under Secretary for Strategy, Policy, and Plans, Department of Homeland Security",On the Cloture Motion,
119,Senate,507,2025-09-09,1,507,49,46,0.181,0.984,-0.906,0.162,-2.208,PN12910,Nomination Confirmed,"Robert Law, of the District of Columbia, to be Under Secretary for Strategy, Policy, and Plans, Department of Homeland Security",On the Nomination,
119,Senate,508,2025-09-09,1,508,53,44,0.305,0.851,-0.579,0.986,-4.386,PN3463,Cloture Motion Agreed to,"Kyle Christopher Dudek, of Florida, to be United States District Judge for the Middle District of Florida",On the Cloture Motion,
119,Senate,509,2025-09-09,1,509,53,45,0.306,0.872,-0.581,0.96,-4.482,PN3463,Nomination Confirmed,"Kyle Christopher Dudek, of Florida, to be United States District Judge for the Middle District of Florida",On the Nomination,
119,Senate,510,2025-09-09,1,510,53,46,-0.003,-0.247,-0.694,0.438,-0.06,SRES377,Motion to Table Agreed to,An executive resolution authorizing the en bloc consideration in Executive Session of certain nominations on the Executive Calendar.,On the Motion to Table,
119,Senate,511,2025-09-09,1,511,53,45,-0.003,-0.245,-0.693,0.44,-0.059,SRES377,Motion to Proceed Agreed to,An executive resolution authorizing the en bloc consideration in Executive Session of certain nominations on the Executive Calendar.,On the Motion to Proceed,
119,Senate,512,2025-09-10,1,512,51,49,-0.317,0.948,-0.414,-0.788,-7.727,S2296,Motion to Table Agreed to,To direct the Attorney General to make publicly available documents related to Jeffrey Epstein.,On the Motion to Table,
119,Senate,513,2025-09-11,1,513,52,47,-0.124,-0.992,-0.816,1.009,-4.785,SRES377,Cloture Motion Rejected,An executive resolution authorizing the en bloc consideration in Executive Session of certain nominations on the Executive Calendar.,On the Cloture Motion,
119,Senate,514,2025-09-11,1,514,52,45,-0.008,-0.268,-0.696,0.414,-0.056,SRES377,Motion to Reconsider Agreed to,An executive resolution authorizing the en bloc consideration in Executive Session of certain nominations on the Executive Calendar.,On the Motion to Reconsider,
119,Senate,515,2025-09-11,1,515,45,53,-0.008,-0.268,0.696,-0.414,-0.056,SRES377,Decision of Chair Not Sustained,An executive resolution authorizing the en bloc consideration in Executive Session of certain nominations on the Executive Calendar.,On the Decision of the Chair,
119,Senate,516,2025-09-11,1,516,53,43,-0.009,-0.269,-0.696,0.413,-0.055,SRES377,Cloture Motion Agreed to,An executive resolution authorizing the en bloc consideration in Executive Session of certain nominations on the Executive Calendar.,On the Cloture Motion,
119,Senate,517,2025-09-15,1,517,51,44,-0.003,-0.248,-0.694,0.437,-0.06,SRES377,Resolution Agreed to,An executive resolution authorizing the en bloc consideration in Executive Session of certain nominations on the Executive Calendar.,On the Resolution,
119,Senate,518,2025-09-15,1,518,50,44,0.178,0.984,-0.906,0.152,-2.206,PN464,Cloture Motion Agreed to,"Stephen Miran, of New York, to be a Member of the Board of Governors of the Federal Reserve System for the unexpired term of fourteen years from February 1, 2012",On the Cloture Motion,
119,Senate,519,2025-09-15,1,519,48,47,0.179,0.984,-0.901,0.154,-2.206,PN464,Nomination Confirmed,"Stephen Miran, of New York, to be a Member of the Board of Governors of the Federal Reserve System for the unexpired term of fourteen years from February 1, 2012",On the Nomination,
119,Senate,520,2025-09-16,1,520,47,51,-0.003,-0.247,0.694,-0.438,-0.06,SJRES60,Motion to Proceed Rejected,"A joint resolution providing for congressional disapproval under chapter 8 of title 5, United States Code, of the rule submitted by the Environmental Protection Agency relating to ""Emissions Budget and Allowance Allocations for Indiana Under the Revised Cross-State Air Pollution Rule Update"".",On the Motion to Proceed,
119,Senate,521,2025-09-16,1,521,36,62,0.291,0.957,-0.259,-0.228,-23.387,SCONRES22,Motion to Proceed Rejected,A concurrent resolution setting forth the congressional budget for the United States Government for fiscal year 2026 and setting forth the appropriate budgetary levels for fiscal years 2027 through 2035.,On the Motion to Proceed,
119,Senate,522,2025-09-17,1,522,51,48,-0.132,-0.991,-0.78,1.001,-4.788,PN5525,Cloture Motion Rejected,"Jessica Kramer, of Wisconsin, to be an Assistant Administrator of the Environmental Protection Agency; and Dario Gil, of New York, to be Under Secretary for Science, Department of Energy; and Brandon Williams, of New York, to be Under Secretary for Nuclear Security; and Tristan Abbey, of Florida, to be Administrator of the Energy Information Administration; and Leslie Beyer, of Texas, to be an Assistant Secretary of the Interior; and Theodore J. Garrish, of Maryland, to be an Assistant Secretary of Energy (Nuclear Energy); and Andrea Travnicek, of North Dakota, to be an Assistant Secretary of the Interior; and Justin Overbaugh, of Florida, to be a Deputy Under Secretary of Defense; and Scott Pappano, of Pennsylvania, to be Principal Deputy Administrator, National Nuclear Security Administration; and Michael Cadenazzi, of Rhode Island, to be an Assistant Secretary of Defense; and Sean O'Keefe, of Virginia, to be a Deputy Under Secretary of Defense; and Michael Obadal, of Virginia, to be Under Secretary of the Army; and Katherine Sutton, of Illinois, to be an Assistant Secretary of Defense; and William L. Doffermyre, of Texas, to be Solicitor of the Department of the Interior; and Kyle Haustveit, of Oklahoma, to be an Assistant Secretary of Energy (Fossil Energy); and Matthew Napoli, of Virginia, to be Deputy Administrator for Defense Nuclear Nonproliferation, National Nuclear Security Administration; and Richard Anderson, of Virginia, to be an Assistant Secretary of the Air Force; and Conner Prochaska, of Texas, to be Director of the Advanced Research Projects Agency-Energy, Department of Energy; and Tina Pierce, of Idaho, to be Chief Financial Officer, Department of Energy; and Jonathan Brightbill, of Virginia, to be General Counsel of the Department of Energy; and Robert Gleason, of Pennsylvania, to be Director of the Amtrak Board of Directors for a term of five years; and Sean McMaster, of Virginia, to be Administrator of the Federal Highway Administration; and Donald Bergin III, of Virginia, to be an Assistant Secretary of Veterans Affairs (Congressional and Legislative Affairs); and John Squires, of Florida, to be Under Secretary of Commerce for Intellectual Property and Director of the United States Patent and Trademark Office; and Daniel Aronowitz, of Virginia, to be an Assistant Secretary of Labor; and Michael Dodd, of Indiana, to be an Assistant Secretary of Defense; and William Gillis, of Virginia, to be an Assistant Secretary of the Army; and Jules Hurst III, of Virginia, to be an Assistant Secretary of the Army; and Brent Ingraham, of Virginia, to be an Assistant Secretary of the Army; and George Wesley Street, of Virginia, to be Director of the National Counterintelligence and Security Center; and Peter Thomson, of Louisiana, to be Inspector General, Central Intelligence Agency; and Jeffrey Bartos, of Pennsylvania, to be Representative of the United States of America to the United Nations for U.N. Management and Reform, with the Rank of Ambassador, and to serve concurrently and without additional compensation as an Alternate Representative of the United States of America to the Sessions of the General Assembly of the United Nations; and Jennifer Locetta, of Florida, to be Alternate Representative of the United States of America for Special Political Affairs in the United Nations, with the rank of Ambassador, and to serve concurrently and without additional compensation as an Alternate Representative of the United States of America to the Sessions of the General Assembly of the United Nations; and Dudley Hoskins, of the District of Columbia, to be Under Secretary of Agriculture for Marketing and Regulatory Programs; and Scott Hutchins, of Indiana, to be Under Secretary of Agriculture for Research, Education, and Economics; and Benjamin DeMarzo, of Virginia, to be an Assistant Secretary of Housing and Urban Development; and Jovan Jovanovic, of Pennsylvania, to be President of the Export-Import Bank of the United States for a term expiring January 20, 2029; and Richard Fordyce, of Missouri, to be Under Secretary of Agriculture for Farm Production and Conservation; and Paul Roberti, of Rhode Island, to be Administrator of the Pipeline and Hazardous Materials Safety Administration, Department of Transportation; and Jonathan Morrison, of California, to be Administrator of the National Highway Traffic Safety Administration; and Jason Evans, of Texas, to be an Under Secretary of State (Management); and Edward Aloysius O'Connell, of the District of Columbia, to be an Associate Judge of the Superior Court of the District of Columbia for the term of fifteen years; and Katherine Scarlett, of Ohio, to be a Member of the Council on Environmental Quality; and Bryan Switzer, of Virginia, to be a Deputy United States Trade Representative (Asia, Textiles, Investment, Services, and Intellectual Property), with the rank of Ambassador; and Callista Gingrich, of Florida, to be Ambassador to the Swiss Confederation, and to serve concurrently and without additional compensation as Ambassador to the Principality of Liechtenstein; and Kimberly Guilfoyle, of Florida, to be Ambassador to Greece; and Christine Toretti, of Pennsylvania, to be Ambassador to the Kingdom of Sweden; and Peter Lamelas, of Florida, to be Ambassador to the Argentine Republic",On the Cloture Motion,
119,Senate,523,2025-09-17,1,523,51,47,-0.003,-0.248,-0.694,0.438,-0.06,PN2528,Motion to Reconsider Agreed to,"Peter Lamelas, of Florida, to be Ambassador to the Argentine Republic; and Christine Toretti, of Pennsylvania, to be Ambassador to the Kingdom of Sweden; and Kimberly Guilfoyle, of Florida, to be Ambassador to Greece; and Callista Gingrich, of Florida, to be Ambassador to the Swiss Confederation, and to serve concurrently and without additional compensation as Ambassador to the Principality of Liechtenstein; and Bryan Switzer, of Virginia, to be a Deputy United States Trade Representative (Asia, Textiles, Investment, Services, and Intellectual Property), with the rank of Ambassador; and Katherine Scarlett, of Ohio, to be a Member of the Council on Environmental Quality; and Edward Aloysius O'Connell, of the District of Columbia, to be an Associate Judge of the Superior Court of the District of Columbia for the term of fifteen years; and Jason Evans, of Texas, to be an Under Secretary of State (Management); and Jonathan Morrison, of California, to be Administrator of the National Highway Traffic Safety Administration; and Paul Roberti, of Rhode Island, to be Administrator of the Pipeline and Hazardous Materials Safety Administration, Department of Transportation; and Richard Fordyce, of Missouri, to be Under Secretary of Agriculture for Farm Production and Conservation; and Jovan Jovanovic, of Pennsylvania, to be President of the Export-Import Bank of the United States for a term expiring January 20, 2029; and Benjamin DeMarzo, of Virginia, to be an Assistant Secretary of Housing and Urban Development; and Scott Hutchins, of Indiana, to be Under Secretary of Agriculture for Research, Education, and Economics; and Dudley Hoskins, of the District of Columbia, to be Under Secretary of Agriculture for Marketing and Regulatory Programs; and Jennifer Locetta, of Florida, to be Alternate Representative of the United States of America for Special Political Affairs in the United Nations, with the rank of Ambassador, and to serve concurrently and without additional compensation as an Alternate Representative of the United States of America to the Sessions of the General Assembly of the United Nations; and Jeffrey Bartos, of Pennsylvania, to be Representative of the United States of America to the United Nations for U.N. Management and Reform, with the Rank of Ambassador, and to serve concurrently and without additional compensation as an Alternate Representative of the United States of America to the Sessions of the General Assembly of the United Nations; and Peter Thomson, of Louisiana, to be Inspector General, Central Intelligence Agency; and George Wesley Street, of Virginia, to be Director of the National Counterintelligence and Security Center; and Brent Ingraham, of Virginia, to be an Assistant Secretary of the Army; and Jules Hurst III, of Virginia, to be an Assistant Secretary of the Army; and William Gillis, of Virginia, to be an Assistant Secretary of the Army; and Michael Dodd, of Indiana, to be an Assistant Secretary of Defense; and Daniel Aronowitz, of Virginia, to be an Assistant Secretary of Labor; and John Squires, of Florida, to be Under Secretary of Commerce for Intellectual Property and Director of the United States Patent and Trademark Office; and Donald Bergin III, of Virginia, to be an Assistant Secretary of Veterans Affairs (Congressional and Legislative Affairs); and Sean McMaster, of Virginia, to be Administrator of the Federal Highway Administration; and Robert Gleason, of Pennsylvania, to be Director of the Amtrak Board of Directors for a term of five years; and Jonathan Brightbill, of Virginia, to be General Counsel of the Department of Energy; and Tina Pierce, of Idaho, to be Chief Financial Officer, Department of Energy; and Conner Prochaska, of Texas, to be Director of the Advanced Research Projects Agency-Energy, Department of Energy; and Richard Anderson, of Virginia, to be an Assistant Secretary of the Air Force; and Matthew Napoli, of Virginia, to be Deputy Administrator for Defense Nuclear Nonproliferation, National Nuclear Security Administration; and Kyle Haustveit, of Oklahoma, to be an Assistant Secretary of Energy (Fossil Energy); and William L. Doffermyre, of Texas, to be Solicitor of the Department of the Interior; and Katherine Sutton, of Illinois, to be an Assistant Secretary of Defense; and Michael Obadal, of Virginia, to be Under Secretary of the Army; and Sean O'Keefe, of Virginia, to be a Deputy Under Secretary of Defense; and Michael Cadenazzi, of Rhode Island, to be an Assistant Secretary of Defense; and Scott Pappano, of Pennsylvania, to be Principal Deputy Administrator, National Nuclear Security Administration; and Justin Overbaugh, of Florida, to be a Deputy Under Secretary of Defense; and Andrea Travnicek, of North Dakota, to be an Assistant Secretary of the Interior; and Theodore J. Garrish, of Maryland, to be an Assistant Secretary of Energy (Nuclear Energy); and Leslie Beyer, of Texas, to be an Assistant Secretary of the Interior; and Tristan Abbey, of Florida, to be Administrator of the Energy Information Administration; and Brandon Williams, of New York, to be Under Secretary for Nuclear Security; and Dario Gil, of New York, to be Under Secretary for Science, Department of Energy; and Jessica Kramer, of Wisconsin, to be an Assistant Administrator of the Environmental Protection Agency",On the Motion to Reconsider,
119,Senate,524,2025-09-17,1,524,47,52,-0.003,-0.248,0.694,-0.438,-0.06,PN2528,Decision of Chair Not Sustained,"Peter Lamelas, of Florida, to be Ambassador to the Argentine Republic; and Christine Toretti, of Pennsylvania, to be Ambassador to the Kingdom of Sweden; and Kimberly Guilfoyle, of Florida, to be Ambassador to Greece; and Callista Gingrich, of Florida, to be Ambassador to the Swiss Confederation, and to serve concurrently and without additional compensation as Ambassador to the Principality of Liechtenstein; and Bryan Switzer, of Virginia, to be a Deputy United States Trade Representative (Asia, Textiles, Investment, Services, and Intellectual Property), with the rank of Ambassador; and Katherine Scarlett, of Ohio, to be a Member of the Council on Environmental Quality; and Edward Aloysius O'Connell, of the District of Columbia, to be an Associate Judge of the Superior Court of the District of Columbia for the term of fifteen years; and Jason Evans, of Texas, to be an Under Secretary of State (Management); and Jonathan Morrison, of California, to be Administrator of the National Highway Traffic Safety Administration; and Paul Roberti, of Rhode Island, to be Administrator of the Pipeline and Hazardous Materials Safety Administration, Department of Transportation; and Richard Fordyce, of Missouri, to be Under Secretary of Agriculture for Farm Production and Conservation; and Jovan Jovanovic, of Pennsylvania, to be President of the Export-Import Bank of the United States for a term expiring January 20, 2029; and Benjamin DeMarzo, of Virginia, to be an Assistant Secretary of Housing and Urban Development; and Scott Hutchins, of Indiana, to be Under Secretary of Agriculture for Research, Education, and Economics; and Dudley Hoskins, of the District of Columbia, to be Under Secretary of Agriculture for Marketing and Regulatory Programs; and Jennifer Locetta, of Florida, to be Alternate Representative of the United States of America for Special Political Affairs in the United Nations, with the rank of Ambassador, and to serve concurrently and without additional compensation as an Alternate Representative of the United States of America to the Sessions of the General Assembly of the United Nations; and Jeffrey Bartos, of Pennsylvania, to be Representative of the United States of America to the United Nations for U.N. Management and Reform, with the Rank of Ambassador, and to serve concurrently and without additional compensation as an Alternate Representative of the United States of America to the Sessions of the General Assembly of the United Nations; and Peter Thomson, of Louisiana, to be Inspector General, Central Intelligence Agency; and George Wesley Street, of Virginia, to be Director of the National Counterintelligence and Security Center; and Brent Ingraham, of Virginia, to be an Assistant Secretary of the Army; and Jules Hurst III, of Virginia, to be an Assistant Secretary of the Army; and William Gillis, of Virginia, to be an Assistant Secretary of the Army; and Michael Dodd, of Indiana, to be an Assistant Secretary of Defense; and Daniel Aronowitz, of Virginia, to be an Assistant Secretary of Labor; and John Squires, of Florida, to be Under Secretary of Commerce for Intellectual Property and Director of the United States Patent and Trademark Office; and Donald Bergin III, of Virginia, to be an Assistant Secretary of Veterans Affairs (Congressional and Legislative Affairs); and Sean McMaster, of Virginia, to be Administrator of the Federal Highway Administration; and Robert Gleason, of Pennsylvania, to be Director of the Amtrak Board of Directors for a term of five years; and Jonathan Brightbill, of Virginia, to be General Counsel of the Department of Energy; and Tina Pierce, of Idaho, to be Chief Financial Officer, Department of Energy; and Conner Prochaska, of Texas, to be Director of the Advanced Research Projects Agency-Energy, Department of Energy; and Richard Anderson, of Virginia, to be an Assistant Secretary of the Air Force; and Matthew Napoli, of Virginia, to be Deputy Administrator for Defense Nuclear Nonproliferation, National Nuclear Security Administration; and Kyle Haustveit, of Oklahoma, to be an Assistant Secretary of Energy (Fossil Energy); and William L. Doffermyre, of Texas, to be Solicitor of the Department of the Interior; and Katherine Sutton, of Illinois, to be an Assistant Secretary of Defense; and Michael Obadal, of Virginia, to be Under Secretary of the Army; and Sean O'Keefe, of Virginia, to be a Deputy Under Secretary of Defense; and Michael Cadenazzi, of Rhode Island, to be an Assistant Secretary of Defense; and Scott Pappano, of Pennsylvania, to be Principal Deputy Administrator, National Nuclear Security Administration; and Justin Overbaugh, of Florida, to be a Deputy Under Secretary of Defense; and Andrea Travnicek, of North Dakota, to be an Assistant Secretary of the Interior; and Theodore J. Garrish, of Maryland, to be an Assistant Secretary of Energy (Nuclear Energy); and Leslie Beyer, of Texas, to be an Assistant Secretary of the Interior; and Tristan Abbey, of Florida, to be Administrator of the Energy Information Administration; and Brandon Williams, of New York, to be Under Secretary for Nuclear Security; and Jessica Kramer, of Wisconsin, to be an Assistant Administrator of the Environmental Protection Agency",On the Decision of the Chair,
119,Senate,525,2025-09-17,1,525,52,47,-0.003,-0.248,-0.694,0.438,-0.06,PN5525,Cloture Motion Agreed to,"Jessica Kramer, of Wisconsin, to be an Assistant Administrator of the Environmental Protection Agency; and Dario Gil, of New York, to be Under Secretary for Science, Department of Energy; and Brandon Williams, of New York, to be Under Secretary for Nuclear Security; and Tristan Abbey, of Florida, to be Administrator of the Energy Information Administration; and Leslie Beyer, of Texas, to be an Assistant Secretary of the Interior; and Theodore J. Garrish, of Maryland, to be an Assistant Secretary of Energy (Nuclear Energy); and Andrea Travnicek, of North Dakota, to be an Assistant Secretary of the Interior; and Justin Overbaugh, of Florida, to be a Deputy Under Secretary of Defense; and Scott Pappano, of Pennsylvania, to be Principal Deputy Administrator, National Nuclear Security Administration; and Michael Cadenazzi, of Rhode Island, to be an Assistant Secretary of Defense; and Sean O'Keefe, of Virginia, to be a Deputy Under Secretary of Defense; and Michael Obadal, of Virginia, to be Under Secretary of the Army; and Katherine Sutton, of Illinois, to be an Assistant Secretary of Defense; and William L. Doffermyre, of Texas, to be Solicitor of the Department of the Interior; and Kyle Haustveit, of Oklahoma, to be an Assistant Secretary of Energy (Fossil Energy); and Matthew Napoli, of Virginia, to be Deputy Administrator for Defense Nuclear Nonproliferation, National Nuclear Security Administration; and Richard Anderson, of Virginia, to be an Assistant Secretary of the Air Force; and Conner Prochaska, of Texas, to be Director of the Advanced Research Projects Agency-Energy, Department of Energy; and Tina Pierce, of Idaho, to be Chief Financial Officer, Department of Energy; and Jonathan Brightbill, of Virginia, to be General Counsel of the Department of Energy; and Robert Gleason, of Pennsylvania, to be Director of the Amtrak Board of Directors for a term of five years; and Sean McMaster, of Virginia, to be Administrator of the Federal Highway Administration; and Donald Bergin III, of Virginia, to be an Assistant Secretary of Veterans Affairs (Congressional and Legislative Affairs); and John Squires, of Florida, to be Under Secretary of Commerce for Intellectual Property and Director of the United States Patent and Trademark Office; and Daniel Aronowitz, of Virginia, to be an Assistant Secretary of Labor; and Michael Dodd, of Indiana, to be an Assistant Secretary of Defense; and William Gillis, of Virginia, to be an Assistant Secretary of the Army; and Jules Hurst III, of Virginia, to be an Assistant Secretary of the Army; and Brent Ingraham, of Virginia, to be an Assistant Secretary of the Army; and George Wesley Street, of Virginia, to be Director of the National Counterintelligence and Security Center; and Peter Thomson, of Louisiana, to be Inspector General, Central Intelligence Agency; and Jeffrey Bartos, of Pennsylvania, to be Representative of the United States of America to the United Nations for U.N. Management and Reform, with the Rank of Ambassador, and to serve concurrently and without additional compensation as an Alternate Representative of the United States of America to the Sessions of the General Assembly of the United Nations; and Jennifer Locetta, of Florida, to be Alternate Representative of the United States of America for Special Political Affairs in the United Nations, with the rank of Ambassador, and to serve concurrently and without additional compensation as an Alternate Representative of the United States of America to the Sessions of the General Assembly of the United Nations; and Dudley Hoskins, of the District of Columbia, to be Under Secretary of Agriculture for Marketing and Regulatory Programs; and Scott Hutchins, of Indiana, to be Under Secretary of Agriculture for Research, Education, and Economics; and Benjamin DeMarzo, of Virginia, to be an Assistant Secretary of Housing and Urban Development; and Jovan Jovanovic, of Pennsylvania, to be President of the Export-Import Bank of the United States for a term expiring January 20, 2029; and Richard Fordyce, of Missouri, to be Under Secretary of Agriculture for Farm Production and Conservation; and Paul Roberti, of Rhode Island, to be Administrator of the Pipeline and Hazardous Materials Safety Administration, Department of Transportation; and Jonathan Morrison, of California, to be Administrator of the National Highway Traffic Safety Administration; and Jason Evans, of Texas, to be an Under Secretary of State (Management); and Edward Aloysius O'Connell, of the District of Columbia, to be an Associate Judge of the Superior Court of the District of Columbia for the term of fifteen years; and Katherine Scarlett, of Ohio, to be a Member of the Council on Environmental Quality; and Bryan Switzer, of Virginia, to be a Deputy United States Trade Representative (Asia, Textiles, Investment, Services, and Intellectual Property), with the rank of Ambassador; and Callista Gingrich, of Florida, to be Ambassador to the Swiss Confederation, and to serve concurrently and without additional compensation as Ambassador to the Principality of Liechtenstein; and Kimberly Guilfoyle, of Florida, to be Ambassador to Greece; and Christine Toretti, of Pennsylvania, to be Ambassador to the Kingdom of Sweden; and Peter Lamelas, of Florida, to be Ambassador to the Argentine Republic",On the Cloture Motion,
119,Senate,526,2025-09-18,1,526,51,47,-0.003,-0.248,-0.694,0.438,-0.06,PN2528,Nomination Confirmed,"Peter Lamelas, of Florida, to be Ambassador to the Argentine Republic; and Christine Toretti, of Pennsylvania, to be Ambassador to the Kingdom of Sweden; and Kimberly Guilfoyle, of Florida, to be Ambassador to Greece; and Callista Gingrich, of Florida, to be Ambassador to the Swiss Confederation, and to serve concurrently and without additional compensation as Ambassador to the Principality of Liechtenstein; and Bryan Switzer, of Virginia, to be a Deputy United States Trade Representative (Asia, Textiles, Investment, Services, and Intellectual Property), with the rank of Ambassador; and Katherine Scarlett, of Ohio, to be a Member of the Council on Environmental Quality; and Edward Aloysius O'Connell, of the District of Columbia, to be an Associate Judge of the Superior Court of the District of Columbia for the term of fifteen years; and Jason Evans, of Texas, to be an Under Secretary of State (Management); and Jonathan Morrison, of California, to be Administrator of the National Highway Traffic Safety Administration; and Paul Roberti, of Rhode Island, to be Administrator of the Pipeline and Hazardous Materials Safety Administration, Department of Transportation; and Richard Fordyce, of Missouri, to be Under Secretary of Agriculture for Farm Production and Conservation; and Jovan Jovanovic, of Pennsylvania, to be President of the Export-Import Bank of the United States for a term expiring January 20, 2029; and Benjamin DeMarzo, of Virginia, to be an Assistant Secretary of Housing and Urban Development; and Scott Hutchins, of Indiana, to be Under Secretary of Agriculture for Research, Education, and Economics; and Dudley Hoskins, of the District of Columbia, to be Under Secretary of Agriculture for Marketing and Regulatory Programs; and Jennifer Locetta, of Florida, to be Alternate Representative of the United States of America for Special Political Affairs in the United Nations, with the rank of Ambassador, and to serve concurrently and without additional compensation as an Alternate Representative of the United States of America to the Sessions of the General Assembly of the United Nations; and Jeffrey Bartos, of Pennsylvania, to be Representative of the United States of America to the United Nations for U.N. Management and Reform, with the Rank of Ambassador, and to serve concurrently and without additional compensation as an Alternate Representative of the United States of America to the Sessions of the General Assembly of the United Nations; and Peter Thomson, of Louisiana, to be Inspector General, Central Intelligence Agency; and George Wesley Street, of Virginia, to be Director of the National Counterintelligence and Security Center; and Brent Ingraham, of Virginia, to be an Assistant Secretary of the Army; and Jules Hurst III, of Virginia, to be an Assistant Secretary of the Army; and William Gillis, of Virginia, to be an Assistant Secretary of the Army; and Michael Dodd, of Indiana, to be an Assistant Secretary of Defense; and Daniel Aronowitz, of Virginia, to be an Assistant Secretary of Labor; and John Squires, of Florida, to be Under Secretary of Commerce for Intellectual Property and Director of the United States Patent and Trademark Office; and Donald Bergin III, of Virginia, to be an Assistant Secretary of Veterans Affairs (Congressional and Legislative Affairs); and Sean McMaster, of Virginia, to be Administrator of the Federal Highway Administration; and Robert Gleason, of Pennsylvania, to be Director of the Amtrak Board of Directors for a term of five years; and Jonathan Brightbill, of Virginia, to be General Counsel of the Department of Energy; and Tina Pierce, of Idaho, to be Chief Financial Officer, Department of Energy; and Conner Prochaska, of Texas, to be Director of the Advanced Research Projects Agency-Energy, Department of Energy; and Richard Anderson, of Virginia, to be an Assistant Secretary of the Air Force; and Matthew Napoli, of Virginia, to be Deputy Administrator for Defense Nuclear Nonproliferation, National Nuclear Security Administration; and Kyle Haustveit, of Oklahoma, to be an Assistant Secretary of Energy (Fossil Energy); and William L. Doffermyre, of Texas, to be Solicitor of the Department of the Interior; and Katherine Sutton, of Illinois, to be an Assistant Secretary of Defense; and Michael Obadal, of Virginia, to be Under Secretary of the Army; and Sean O'Keefe, of Virginia, to be a Deputy Under Secretary of Defense; and Michael Cadenazzi, of Rhode Island, to be an Assistant Secretary of Defense; and Scott Pappano, of Pennsylvania, to be Principal Deputy Administrator, National Nuclear Security Administration; and Justin Overbaugh, of Florida, to be a Deputy Under Secretary of Defense; and Andrea Travnicek, of North Dakota, to be an Assistant Secretary of the Interior; and Theodore J. Garrish, of Maryland, to be an Assistant Secretary of Energy (Nuclear Energy); and Leslie Beyer, of Texas, to be an Assistant Secretary of the Interior; and Tristan Abbey, of Florida, to be Administrator of the Energy Information Administration; and Brandon Williams, of New York, to be Under Secretary for Nuclear Security; and Dario Gil, of New York, to be Under Secretary for Science, Department of Energy; and Jessica Kramer, of Wisconsin, to be an Assistant Administrator of the Environmental Protection Agency",On the Nomination,
119,Senate,527,2025-09-19,1,527,47,45,-0.003,-0.247,0.694,-0.439,-0.06,S2882,Bill Defeated,"A bill making continuing appropriations for the fiscal year ending September 30, 2026, and for other purposes.",On Passage of the Bill,
119,Senate,528,2025-09-19,1,528,44,48,-0.351,0.937,-0.686,-1.374,-7.219,HR5371,Bill Defeated,"A bill making continuing appropriations and extensions for fiscal year 2026, and for other purposes.",On Passage of the Bill,
119,Senate,529,2025-09-19,1,529,47,45,-0.371,0.928,-0.437,-0.654,-9.514,PN343,Cloture Motion Agreed to,"Michael G. Waltz, of Florida, to be the Representative of the United States of America to the United Nations, with the Rank of Ambassador, and the Representative of the United States of America in the Security Council of the United Nations",On the Cloture Motion,
119,Senate,530,2025-09-19,1,530,47,43,-0.371,0.929,-0.436,-0.65,-9.505,PN343,Nomination Confirmed,"Michael G. Waltz, of Florida, to be the Representative of the United States of America to the United Nations, with the Rank of Ambassador, and the Representative of the United States of America in the Security Council of the United Nations",On the Nomination,
119,Senate,531,2025-09-29,1,531,54,45,-0.372,0.928,-0.443,-0.662,-9.538,PN342,Cloture Motion Agreed to,"Michael G. Waltz, of Florida, to be Representative of the United States of America to the Sessions of the General Assembly of the United Nations during his tenure of service as Representative of the United States of America to the United Nations",On the Cloture Motion,
119,Senate,532,2025-09-29,1,532,54,45,-0.37,0.929,-0.449,-0.666,-9.59,PN342,Nomination Confirmed,"Michael G. Waltz, of Florida, to be Representative of the United States of America to the Sessions of the General Assembly of the United Nations during his tenure of service as Representative of the United States of America to the United Nations",On the Nomination,
119,Senate,533,2025-09-29,1,533,37,61,0.371,0.929,-0.248,-0.063,-23.319,S2806,Cloture on the Motion to Proceed Rejected,A bill to provide for automatic continuing appropriations.,On Cloture on the Motion to Proceed,
119,Senate,534,2025-09-30,1,534,47,53,-0.003,-0.245,0.693,-0.44,-0.06,S2882,Bill Defeated,"A bill making continuing appropriations for the fiscal year ending September 30, 2026, and for other purposes.",On Passage of the Bill,
119,Senate,535,2025-09-30,1,535,55,45,-0.371,0.929,-0.421,-0.627,-10.121,HR5371,Bill Defeated,"A bill making continuing appropriations and extensions for fiscal year 2026, and for other purposes.",On Passage of the Bill,
119,Senate,536,2025-10-01,1,536,47,53,-0.003,-0.245,0.693,-0.44,-0.06,S2882,Cloture on the Motion to Proceed Rejected,"A bill making continuing appropriations for the fiscal year ending September 30, 2026, and for other purposes.",On Cloture on the Motion to Proceed,
119,Senate,537,2025-10-01,1,537,55,45,-0.372,0.928,-0.424,-0.635,-10.114,HR5371,Cloture on the Motion to Proceed Rejected,"A bill making continuing appropriations and extensions for fiscal year 2026, and for other purposes.",On Cloture on the Motion to Proceed,
119,Senate,538,2025-10-01,1,538,52,47,0.178,0.984,-0.902,0.148,-2.206,PN2610,Cloture Motion Agreed to,"Hung Cao, of Virginia, to be Under Secretary of the Navy",On the Cloture Motion,
119,Senate,539,2025-10-01,1,539,52,45,0.181,0.983,-0.895,0.161,-2.209,PN2610,Nomination Confirmed,"Hung Cao, of Virginia, to be Under Secretary of the Navy",On the Nomination,
119,Senate,540,2025-10-01,1,540,53,46,-0.003,-0.244,-0.693,0.441,-0.06,SRES412,Cloture Motion Agreed to,An executive resolution authorizing the en bloc consideration in Executive Session of certain nominations on the Executive Calendar.,On the Cloture Motion,
119,Senate,541,2025-10-03,1,541,51,46,-0.003,-0.24,-0.693,0.447,-0.059,SRES412,Resolution Agreed to,An executive resolution authorizing the en bloc consideration in Executive Session of certain nominations on the Executive Calendar.,On the Resolution,
119,Senate,542,2025-10-03,1,542,46,52,-0.003,-0.24,0.693,-0.447,-0.059,S2882,Cloture on the Motion to Proceed Rejected,"A bill making continuing appropriations for the fiscal year ending September 30, 2026, and for other purposes.",On Cloture on the Motion to Proceed,
119,Senate,543,2025-10-03,1,543,54,44,-0.37,0.929,-0.418,-0.615,-10.028,HR5371,Cloture on the Motion to Proceed Rejected,"A bill making continuing appropriations and extensions for fiscal year 2026, and for other purposes.",On Cloture on the Motion to Proceed,
119,Senate,544,2025-10-06,1,544,45,50,-0.003,-0.244,0.693,-0.441,-0.06,S2882,Cloture Motion Rejected,"A bill making continuing appropriations for the fiscal year ending September 30, 2026, and for other purposes.",On the Cloture Motion,
119,Senate,545,2025-10-06,1,545,52,42,-0.388,0.922,-0.438,-0.685,-9.734,HR5371,Cloture Motion Rejected,"A bill making continuing appropriations and extensions for fiscal year 2026, and for other purposes.",On the Cloture Motion,
119,Senate,546,2025-10-06,1,546,50,45,-0.002,-0.244,-0.693,0.442,-0.06,PN18,Cloture Motion Agreed to,"Neil Jacobs, of North Carolina, to be Under Secretary of Commerce for Oceans and Atmosphere; and Todd Wilcox, of Florida, to be an Assistant Secretary of State (Diplomatic Security); and Riley Barnes, of Texas, to be Assistant Secretary of State for Democracy, Human Rights, and Labor; and Michael DeSombre, of Illinois, to be an Assistant Secretary of State (East Asian and Pacific Affairs); and Sarah Rogers, of New York, to be Under Secretary of State for Public Diplomacy; and Paul Kapur, of California, to be Assistant Secretary of State for South Asian Affairs; and Thomas DiNanno, of Florida, to be Under Secretary of State for Arms Control and International Security; and Benjamin Black, of New York, to be Chief Executive Officer of the United States International Development Finance Corporation; and Jacob Helberg, of Florida, to be an Under Secretary of State (Economic Growth, Energy, and the Environment); and James Holtsnider, of Iowa, to be Ambassador to the Hashemite Kingdom of Jordan; and Stephanie Hallett, of Florida, to be Ambassador to the Kingdom of Bahrain; and Sergio Gor, of Florida, to be Ambassador to the Republic of India; and Dan Negrea, of Connecticut, to be Representative of the United States of America on the Economic and Social Council of the United Nations, with the rank of Ambassador, and to serve concurrently and without additional compensation as an Alternate Representative of the United States of America to the Sessions of the General Assembly of the United Nations; and Julie Stufft, of Ohio, to be Ambassador to the Republic of Kazakhstan; and Sean O'Neill, of Virginia, to be Ambassador to the Kingdom of Thailand; and Anjani Sinha, of Florida, to be Ambassador to the Republic of Singapore; and John Giordano, of Pennsylvania, to be Ambassador to the Republic of Namibia; and William White, of New York, to be Ambassador to the Kingdom of Belgium; and Thomas Rose, of Florida, to be Ambassador to the Republic of Poland; and Roman Pipko, of Florida, to be Ambassador to the Republic of Estonia; and Nicholas Merrick, of Texas, to be Ambassador to the Czech Republic; and Michel Issa, of Florida, to be Ambassador to the Lebanese Republic; and Melinda Hildebrand, of Texas, to be Ambassador to the Republic of Costa Rica; and Arthur Fisher, of North Carolina, to be Ambassador to the Republic of Austria; and Howard Brodie, of Florida, to be Ambassador to the Republic of Finland; and Lynda Blanchard, of Alabama, to be U.S. Representative to the United Nations Agencies for Food and Agriculture, with the rank of Ambassador; and Bill Bazzi, of Michigan, to be Ambassador to the Republic of Tunisia; and Richard Buchan III, of Florida, to be Ambassador to the Kingdom of Morocco; and Kenneth Howery, of Texas, to be Ambassador to the Kingdom of Denmark; and Stacey Feinberg, of California, to be Ambassador to the Grand Duchy of Luxembourg; and Herschel Walker, of Georgia, to be Ambassador to the Commonwealth of The Bahamas; and Leandro Rizzuto, of Florida, to be Permanent Representative of the United States of America to the Organization of American States, with the rank of Ambassador; and Nicole McGraw, of Florida, to be Ambassador to the Republic of Croatia; and Somers Farkas, of New York, to be Ambassador to the Republic of Malta; and Daniel Rosen, of Florida, to be United States Attorney for the District of Minnesota for the term of four years; and David Charles Waterman, of Iowa, to be United States Attorney for the Southern District of Iowa for the term of four years; and Kurt Wall, of Louisiana, to be United States Attorney for the Middle District of Louisiana for the term of four years; and Ronald A. Parsons, Jr., of South Dakota, to be United States Attorney for the District of South Dakota for the term of four years; and Lesley Murphy, of Nebraska, to be United States Attorney for the District of Nebraska for the term of four years; and David Metcalf, of Pennsylvania, to be United States Attorney for the Eastern District of Pennsylvania for the term of four years; and Bart McKay Davis, of Idaho, to be United States Attorney for the District of Idaho for the term of four years; and Nicholas Chase, of North Dakota, to be United States Attorney for the District of North Dakota for the term of four years; and Kurt Alme, of Montana, to be United States Attorney for the District of Montana, for the term of four years; and David Toepfer, of Ohio, to be United States Attorney for the Northern District of Ohio for the term of four years; and Adam Sleeper, of the Virgin Islands, to be United States Attorney for the District of the Virgin Islands for the term of four years; and Leif Olson, of Iowa, to be United States Attorney for the Northern District of Iowa for the term of four years; and John Heekin, of Florida, to be United States Attorney for the Northern District of Florida for the term of four years; and Matthew Harvey, of West Virginia, to be United States Attorney for the Northern District of West Virginia for the term of four years; and David Dunavant, of Tennessee, to be United States Attorney for the Western District of Tennessee for the term of four years; and Arch Capito, of West Virginia, to be United States Attorney for the Southern District of West Virginia for the term of four years; and David LaCerte, of Louisiana, to be a Member of the Federal Energy Regulatory Commission for the remainder of the term expiring June 30, 2026; and Laura Swett, of Virginia, to be a Member of the Federal Energy Regulatory Commission for a term expiring June 30, 2030; and William Kirkland, of Georgia, to be an Assistant Secretary of the Interior; and Michael Stuart, of West Virginia, to be General Counsel of the Department of Health and Human Services; and Gustav Chiarello III, of Virginia, to be an Assistant Secretary of Health and Human Services; and Timothy John Walsh, of Colorado, to be an Assistant Secretary of Energy (Environmental Management); and Philip Weinberg, of Virginia, to be an Assistant Secretary of the Air Force; and Macon Hughes, of Texas, to be an Assistant Secretary of Defense; and Jonathan McKernan, of Tennessee, to be an Under Secretary of the Treasury; and Alex Adams, of Idaho, to be Assistant Secretary for Family Support, Department of Health and Human Services; and Christopher Fox, of Virginia, to be Inspector General of the Intelligence Community, Office of the Director of National Intelligence; and Gregory Zerzan, of Texas, to be General Counsel of the Department of Transportation; and Michael Rutherford, of Florida, to be an Assistant Secretary of Transportation; and Derek Barrs, of Florida, to be Administrator of the Federal Motor Carrier Safety Administration; and Taylor Jordan, of the District of Columbia, to be an Assistant Secretary of Commerce; and Lanny Erdos, of Ohio, to be Director of the Office of Surface Mining Reclamation and Enforcement; and Audrey Robertson, of Colorado, to be an Assistant Secretary of Energy (Energy Efficiency and Renewable Energy); and Michael Boren, of Idaho, to be Under Secretary of Agriculture for Natural Resources and Environment; and Brittany Panuccio, of Florida, to be a Member of the Equal Employment Opportunity Commission for a term expiring July 1, 2029; and David Barker, of Iowa, to be Assistant Secretary for Postsecondary Education, Department of Education; and David Brian Castillo, of Washington, to be Chief Financial Officer, Department of Labor; and Jonathan Snare, of Virginia, to be a Member of the Occupational Safety and Health Review Commission for a term expiring April 27, 2029; and Brian Christine, of Alabama, to be an Assistant Secretary of Health and Human Services; and Mary Riley, of the District of Columbia, to be Assistant Secretary for Legislation and Congressional Affairs, Department of Education; and David Peters, of Virginia, to be an Assistant Secretary of Commerce; and Francis Brooke, of Virginia, to be an Assistant Secretary of the Treasury; and Craig Trainor, of Virginia, to be an Assistant Secretary of Housing and Urban Development; and Brian Morrissey, Jr., of Virginia, to be General Counsel for the Department of the Treasury; and Joseph Barloon, of Maryland, to be a Deputy United States Trade Representative (Geneva Office), with the rank of Ambassador; and John Dever, of Illinois, to be General Counsel of the Office of the Director of National Intelligence; and Usha-Maria Turner, of Oklahoma, to be an Assistant Administrator of the Environmental Protection Agency; and Kevin Rhodes, of Florida, to be Administrator for Federal Procurement Policy; and James Woodruff II, of Florida, to be a Member of the Merit Systems Protection Board for the term of seven years expiring March 1, 2032; and Marc Andersen, of Virginia, to be an Assistant Secretary of the Army; and Andrew Rogers, of Virginia, to be Administrator of the Wage and Hour Division, Department of Labor; and Jonathan Berry, of Maryland, to be Solicitor for the Department of Labor; and Kimberly Richey, of Texas, to be Assistant Secretary for Civil Rights, Department of Education; and David Keeling, of Kentucky, to be an Assistant Secretary of Labor; and Janet Dhillon, of Virginia, to be Director of the Pension Benefit Guaranty Corporation for a term of five years; and Stanley Woodward, Jr., of the District of Columbia, to be Associate Attorney General; and John Busterud, of California, to be Assistant Administrator, Office of Solid Waste, Environmental Protection Agency; and Marco Rajkovich, Jr., of Virginia, to be a Member of the Federal Mine Safety and Health Review Commission for a term of six years expiring August 30, 2030; and Julie Hocker, of Virginia, to be an Assistant Secretary of Labor; and Wayne Palmer, of Virginia, to be Assistant Secretary of Labor for Mine Safety and Health; and Kirsten Baesler, of North Dakota, to be Assistant Secretary for Elementary and Secondary Education, Department of Education; and Devon Westhill, of Florida, to be an Assistant Secretary of Agriculture; and David Fogel, of Connecticut, to be Assistant Secretary of Commerce and Director General of the United States and Foreign Commercial Service; and Pierre Gentin, of New York, to be General Counsel of the Department of Commerce; and David Fink, of New Hampshire, to be Administrator of the Federal Railroad Administration; and Ned Mamula, of Pennsylvania, to be Director of the United States Geological Survey; and Catherine Jereza, of Maryland, to be an Assistant Secretary of Energy (Electricity); and Joseph Popolo, of Texas, to be Ambassador to the Kingdom of the Netherlands; and Brandon Judd, of Idaho, to be Ambassador to the Republic of Chile; and Leah Campos, of Virginia, to be Ambassador to the Dominican Republic; and Patrick David Davis, of Maryland, to be an Assistant Attorney General; and James Baehr, of Louisiana, to be General Counsel, Department of Veterans Affairs; and Paul Atkins, of Virginia, to be a Member of the Securities and Exchange Commission for a term expiring June 5, 2031",On the Cloture Motion,
119,Senate,547,2025-10-07,1,547,51,47,-0.002,-0.244,-0.693,0.442,-0.06,PN229,Nomination Confirmed,"Paul Atkins, of Virginia, to be a Member of the Securities and Exchange Commission for a term expiring June 5, 2031; and James Baehr, of Louisiana, to be General Counsel, Department of Veterans Affairs; and Patrick David Davis, of Maryland, to be an Assistant Attorney General; and Leah Campos, of Virginia, to be Ambassador to the Dominican Republic; and Brandon Judd, of Idaho, to be Ambassador to the Republic of Chile; and Joseph Popolo, of Texas, to be Ambassador to the Kingdom of the Netherlands; and Catherine Jereza, of Maryland, to be an Assistant Secretary of Energy (Electricity); and Ned Mamula, of Pennsylvania, to be Director of the United States Geological Survey; and David Fink, of New Hampshire, to be Administrator of the Federal Railroad Administration; and Pierre Gentin, of New York, to be General Counsel of the Department of Commerce; and David Fogel, of Connecticut, to be Assistant Secretary of Commerce and Director General of the United States and Foreign Commercial Service; and Devon Westhill, of Florida, to be an Assistant Secretary of Agriculture; and Kirsten Baesler, of North Dakota, to be Assistant Secretary for Elementary and Secondary Education, Department of Education; and Wayne Palmer, of Virginia, to be Assistant Secretary of Labor for Mine Safety and Health; and Julie Hocker, of Virginia, to be an Assistant Secretary of Labor; and Marco Rajkovich, Jr., of Virginia, to be a Member of the Federal Mine Safety and Health Review Commission for a term of six years expiring August 30, 2030; and John Busterud, of California, to be Assistant Administrator, Office of Solid Waste, Environmental Protection Agency; and Stanley Woodward, Jr., of the District of Columbia, to be Associate Attorney General; and Janet Dhillon, of Virginia, to be Director of the Pension Benefit Guaranty Corporation for a term of five years; and David Keeling, of Kentucky, to be an Assistant Secretary of Labor; and Kimberly Richey, of Texas, to be Assistant Secretary for Civil Rights, Department of Education; and Jonathan Berry, of Maryland, to be Solicitor for the Department of Labor; and Andrew Rogers, of Virginia, to be Administrator of the Wage and Hour Division, Department of Labor; and Marc Andersen, of Virginia, to be an Assistant Secretary of the Army; and James Woodruff II, of Florida, to be a Member of the Merit Systems Protection Board for the term of seven years expiring March 1, 2032; and Kevin Rhodes, of Florida, to be Administrator for Federal Procurement Policy; and Usha-Maria Turner, of Oklahoma, to be an Assistant Administrator of the Environmental Protection Agency; and John Dever, of Illinois, to be General Counsel of the Office of the Director of National Intelligence; and Joseph Barloon, of Maryland, to be a Deputy United States Trade Representative (Geneva Office), with the rank of Ambassador; and Brian Morrissey, Jr., of Virginia, to be General Counsel for the Department of the Treasury; and Craig Trainor, of Virginia, to be an Assistant Secretary of Housing and Urban Development; and Francis Brooke, of Virginia, to be an Assistant Secretary of the Treasury; and David Peters, of Virginia, to be an Assistant Secretary of Commerce; and Mary Riley, of the District of Columbia, to be Assistant Secretary for Legislation and Congressional Affairs, Department of Education; and Brian Christine, of Alabama, to be an Assistant Secretary of Health and Human Services; and Jonathan Snare, of Virginia, to be a Member of the Occupational Safety and Health Review Commission for a term expiring April 27, 2029; and David Brian Castillo, of Washington, to be Chief Financial Officer, Department of Labor; and David Barker, of Iowa, to be Assistant Secretary for Postsecondary Education, Department of Education; and Brittany Panuccio, of Florida, to be a Member of the Equal Employment Opportunity Commission for a term expiring July 1, 2029; and Michael Boren, of Idaho, to be Under Secretary of Agriculture for Natural Resources and Environment; and Audrey Robertson, of Colorado, to be an Assistant Secretary of Energy (Energy Efficiency and Renewable Energy); and Lanny Erdos, of Ohio, to be Director of the Office of Surface Mining Reclamation and Enforcement; and Taylor Jordan, of the District of Columbia, to be an Assistant Secretary of Commerce; and Derek Barrs, of Florida, to be Administrator of the Federal Motor Carrier Safety Administration; and Michael Rutherford, of Florida, to be an Assistant Secretary of Transportation; and Gregory Zerzan, of Texas, to be General Counsel of the Department of Transportation; and Christopher Fox, of Virginia, to be Inspector General of the Intelligence Community, Office of the Director of National Intelligence; and Alex Adams, of Idaho, to be Assistant Secretary for Family Support, Department of Health and Human Services; and Jonathan McKernan, of Tennessee, to be an Under Secretary of the Treasury; and Macon Hughes, of Texas, to be an Assistant Secretary of Defense; and Philip Weinberg, of Virginia, to be an Assistant Secretary of the Air Force; and Timothy John Walsh, of Colorado, to be an Assistant Secretary of Energy (Environmental Management); and Gustav Chiarello III, of Virginia, to be an Assistant Secretary of Health and Human Services; and Michael Stuart, of West Virginia, to be General Counsel of the Department of Health and Human Services; and William Kirkland, of Georgia, to be an Assistant Secretary of the Interior; and Laura Swett, of Virginia, to be a Member of the Federal Energy Regulatory Commission for a term expiring June 30, 2030; and David LaCerte, of Louisiana, to be a Member of the Federal Energy Regulatory Commission for the remainder of the term expiring June 30, 2026; and Arch Capito, of West Virginia, to be United States Attorney for the Southern District of West Virginia for the term of four years; and David Dunavant, of Tennessee, to be United States Attorney for the Western District of Tennessee for the term of four years; and Matthew Harvey, of West Virginia, to be United States Attorney for the Northern District of West Virginia for the term of four years; and John Heekin, of Florida, to be United States Attorney for the Northern District of Florida for the term of four years; and Leif Olson, of Iowa, to be United States Attorney for the Northern District of Iowa for the term of four years; and Adam Sleeper, of the Virgin Islands, to be United States Attorney for the District of the Virgin Islands for the term of four years; and David Toepfer, of Ohio, to be United States Attorney for the Northern District of Ohio for the term of four years; and Kurt Alme, of Montana, to be United States Attorney for the District of Montana, for the term of four years; and Nicholas Chase, of North Dakota, to be United States Attorney for the District of North Dakota for the term of four years; and Bart McKay Davis, of Idaho, to be United States Attorney for the District of Idaho for the term of four years; and David Metcalf, of Pennsylvania, to be United States Attorney for the Eastern District of Pennsylvania for the term of four years; and Lesley Murphy, of Nebraska, to be United States Attorney for the District of Nebraska for the term of four years; and Ronald A. Parsons, Jr., of South Dakota, to be United States Attorney for the District of South Dakota for the term of four years; and Kurt Wall, of Louisiana, to be United States Attorney for the Middle District of Louisiana for the term of four years; and David Charles Waterman, of Iowa, to be United States Attorney for the Southern District of Iowa for the term of four years; and Daniel Rosen, of Florida, to be United States Attorney for the District of Minnesota for the term of four years; and Somers Farkas, of New York, to be Ambassador to the Republic of Malta; and Nicole McGraw, of Florida, to be Ambassador to the Republic of Croatia; and Leandro Rizzuto, of Florida, to be Permanent Representative of the United States of America to the Organization of American States, with the rank of Ambassador; and Herschel Walker, of Georgia, to be Ambassador to the Commonwealth of The Bahamas; and Stacey Feinberg, of California, to be Ambassador to the Grand Duchy of Luxembourg; and Kenneth Howery, of Texas, to be Ambassador to the Kingdom of Denmark; and Richard Buchan III, of Florida, to be Ambassador to the Kingdom of Morocco; and Bill Bazzi, of Michigan, to be Ambassador to the Republic of Tunisia; and Lynda Blanchard, of Alabama, to be U.S. Representative to the United Nations Agencies for Food and Agriculture, with the rank of Ambassador; and Howard Brodie, of Florida, to be Ambassador to the Republic of Finland; and Arthur Fisher, of North Carolina, to be Ambassador to the Republic of Austria; and Melinda Hildebrand, of Texas, to be Ambassador to the Republic of Costa Rica; and Michel Issa, of Florida, to be Ambassador to the Lebanese Republic; and Nicholas Merrick, of Texas, to be Ambassador to the Czech Republic; and Roman Pipko, of Florida, to be Ambassador to the Republic of Estonia; and Thomas Rose, of Florida, to be Ambassador to the Republic of Poland; and William White, of New York, to be Ambassador to the Kingdom of Belgium; and John Giordano, of Pennsylvania, to be Ambassador to the Republic of Namibia; and Anjani Sinha, of Florida, to be Ambassador to the Republic of Singapore; and Sean O'Neill, of Virginia, to be Ambassador to the Kingdom of Thailand; and Julie Stufft, of Ohio, to be Ambassador to the Republic of Kazakhstan; and Dan Negrea, of Connecticut, to be Representative of the United States of America on the Economic and Social Council of the United Nations, with the rank of Ambassador, and to serve concurrently and without additional compensation as an Alternate Representative of the United States of America to the Sessions of the General Assembly of the United Nations; and Sergio Gor, of Florida, to be Ambassador to the Republic of India; and Stephanie Hallett, of Florida, to be Ambassador to the Kingdom of Bahrain; and James Holtsnider, of Iowa, to be Ambassador to the Hashemite Kingdom of Jordan; and Jacob Helberg, of Florida, to be an Under Secretary of State (Economic Growth, Energy, and the Environment); and Benjamin Black, of New York, to be Chief Executive Officer of the United States International Development Finance Corporation; and Thomas DiNanno, of Florida, to be Under Secretary of State for Arms Control and International Security; and Paul Kapur, of California, to be Assistant Secretary of State for South Asian Affairs; and Sarah Rogers, of New York, to be Under Secretary of State for Public Diplomacy; and Michael DeSombre, of Illinois, to be an Assistant Secretary of State (East Asian and Pacific Affairs); and Riley Barnes, of Texas, to be Assistant Secretary of State for Democracy, Human Rights, and Labor; and Todd Wilcox, of Florida, to be an Assistant Secretary of State (Diplomatic Security); and Neil Jacobs, of North Carolina, to be Under Secretary of Commerce for Oceans and Atmosphere",On the Nomination,
119,Senate,548,2025-10-07,1,548,50,47,-0.002,-0.244,-0.693,0.442,-0.06,HJRES104,Motion to Proceed Agreed to,"A joint resolution providing for congressional disapproval under chapter 8 of title 5, United States Code, of the rule submitted by the Bureau of Land Management relating to ""Miles City Field Office Record of Decision and Approved Resource Management Plan Amendment"".",On the Motion to Proceed,
119,Senate,549,2025-10-08,1,549,52,47,-0.002,-0.243,-0.693,0.442,-0.06,HJRES104,Joint Resolution Passed,"A joint resolution providing for congressional disapproval under chapter 8 of title 5, United States Code, of the rule submitted by the Bureau of Land Management relating to ""Miles City Field Office Record of Decision and Approved Resource Management Plan Amendment"".",On the Joint Resolution,
119,Senate,550,2025-10-08,1,550,47,52,-0.002,-0.243,0.693,-0.442,-0.06,S2882,Cloture on the Motion to Proceed Rejected,"A bill making continuing appropriations for the fiscal year ending September 30, 2026, and for other purposes.",On Cloture on the Motion to Proceed,
119,Senate,551,2025-10-08,1,551,54,45,-0.376,0.927,-0.43,-0.656,-10.08,HR5371,Cloture on the Motion to Proceed Rejected,"A bill making continuing appropriations and extensions for fiscal year 2026, and for other purposes.",On Cloture on the Motion to Proceed,
119,Senate,552,2025-10-08,1,552,50,47,-0.002,-0.243,-0.693,0.442,-0.06,PN4664,Cloture Motion Agreed to,"Jennifer Lee Mascott, of Delaware, to be United States Circuit Judge for the Third Circuit",On the Cloture Motion,
119,Senate,553,2025-10-08,1,553,51,47,-0.002,-0.243,-0.693,0.442,-0.06,HJRES105,Motion to Proceed Agreed to,"A joint resolution providing for congressional disapproval under chapter 8 of title 5, United States Code, of the rule submitted by the Bureau of Land Management relating to ""North Dakota Field Office Record of Decision and Approved Resource Management Plan"".",On the Motion to Proceed,
119,Senate,554,2025-10-08,1,554,47,51,-0.002,-0.243,0.693,-0.443,-0.06,SJRES71,Joint Resolution Defeated,A joint resolution terminating the national emergency declared with respect to energy.,On the Joint Resolution,
119,Senate,555,2025-10-08,1,555,48,51,-0.33,0.944,0.425,0.777,-7.344,SJRES83,Motion to Discharge Rejected,A joint resolution to direct the removal of United States Armed Forces from hostilities that have not been authorized by Congress.,On the Motion to Discharge,
119,Senate,556,2025-10-08,1,556,50,45,-0.002,-0.243,-0.693,0.442,-0.06,HJRES105,Joint Resolution Passed,"A joint resolution providing for congressional disapproval under chapter 8 of title 5, United States Code, of the rule submitted by the Bureau of Land Management relating to ""North Dakota Field Office Record of Decision and Approved Resource Management Plan"".",On the Joint Resolution,
119,Senate,557,2025-10-09,1,557,47,50,-0.002,-0.242,0.693,-0.444,-0.06,S2882,Cloture on the Motion to Proceed Rejected,"A bill making continuing appropriations for the fiscal year ending September 30, 2026, and for other purposes.",On Cloture on the Motion to Proceed,
119,Senate,558,2025-10-09,1,558,54,45,-0.377,0.926,-0.432,-0.661,-10.078,HR5371,Cloture on the Motion to Proceed Rejected,"A bill making continuing appropriations and extensions for fiscal year 2026, and for other purposes.",On Cloture on the Motion to Proceed,
119,Senate,559,2025-10-09,1,559,50,47,-0.002,-0.242,-0.693,0.444,-0.06,HJRES106,Motion to Proceed Agreed to,"A joint resolution providing for congressional disapproval under chapter 8 of title 5, United States Code, of the rule submitted by the Bureau of Land Management relating to ""Central Yukon Record of Decision and Approved Resource Management Plan"".",On the Motion to Proceed,
119,Senate,560,2025-10-09,1,560,50,46,-0.002,-0.242,-0.693,0.444,-0.06,HJRES106,Joint Resolution Passed,"A joint resolution providing for congressional disapproval under chapter 8 of title 5, United States Code, of the rule submitted by the Bureau of Land Management relating to ""Central Yukon Record of Decision and Approved Resource Management Plan"".",On the Joint Resolution,
119,Senate,561,2025-10-09,1,561,50,47,0.172,0.985,-0.913,0.127,-2.21,PN4664,Nomination Confirmed,"Jennifer Lee Mascott, of Delaware, to be United States Circuit Judge for the Third Circuit",On the Nomination,
119,Senate,562,2025-10-09,1,562,14,83,-0.516,-0.373,0.117,1.732,-22.769,S2296,Amendment Rejected,To prohibit earnings on balances maintained at a Federal Reserve bank by or on behalf of a depository institution.,On the Amendment,
119,Senate,563,2025-10-09,1,563,53,43,0.322,0.947,-0.149,0.166,-34.946,S2296,Amendment Rejected,To require Presidential appointment and Senate confirmation of the Inspector General of the Board of Governors of the Federal Reserve System and the Bureau of Consumer Financial Protection.,On the Amendment,
119,Senate,564,2025-10-09,1,564,51,46,0.179,0.984,-0.19,0.074,-20.816,S2296,Amendment Rejected,To require a review of the methodologies used to determine the amounts of locality-based comparability payments and to require the President's Pay Agent to conduct a pilot program establishing alternative models for determining the amounts of those payments.,On the Amendment,
119,Senate,565,2025-10-09,1,565,46,50,-0.002,-0.242,0.693,-0.444,-0.06,S2296,Amendment Rejected,To prohibit the use of funds to procure or modify foreign aircraft for presidential airlift.,On the Amendment,
119,Senate,566,2025-10-09,1,566,47,50,-0.03,1.0,0.298,0.2,-5.963,S2296,Amendment Rejected,"To amend title 32, United States Code, to clarify certain limitations on full-time National Guard duty performed in a State, Territory, or the District of Columbia.",On the Amendment,
119,Senate,567,2025-10-09,1,567,46,52,-0.002,-0.242,0.693,-0.443,-0.06,S2296,Amendment Rejected,To limit the provision of support by the Armed Forces to civilian law enforcement activities.,On the Amendment,
119,Senate,568,2025-10-09,1,568,10,88,-0.161,-0.662,0.342,1.606,-13.877,S2296,Amendment Rejected,To reduce the bloated Pentagon budget by 10 percent and instead expand veteran dental care at the Department of Veterans Affairs.,On the Amendment,
119,Senate,569,2025-10-09,1,569,47,50,-0.272,0.962,0.444,0.69,-4.674,S2296,Amendment Rejected,"To limit the use of Federal law enforcement officers for crowd control, and for other purposes.",On the Amendment,
119,Senate,570,2025-10-09,1,570,77,20,-0.483,0.061,-0.27,-0.658,-23.209,S2296,Bill Passed,"An original bill to authorize appropriations for fiscal year 2026 for military activities of the Department of Defense, for military construction, and for defense activities of the Department of Energy, to prescribe military personnel strengths for such fiscal year, and for other purposes.",On Passage of the Bill,
119,Senate,571,2025-10-14,1,571,49,45,-0.286,0.958,-0.255,-0.36,-14.723,HR5371,Cloture on the Motion to Proceed Rejected,"A bill making continuing appropriations and extensions for fiscal year 2026, and for other purposes.",On Cloture on the Motion to Proceed,
119,Senate,572,2025-10-15,1,572,51,44,-0.378,0.926,-0.43,-0.661,-10.043,HR5371,Cloture on the Motion to Proceed Rejected,"A bill making continuing appropriations and extensions for fiscal year 2026, and for other purposes.",On Cloture on the Motion to Proceed,
119,Senate,573,2025-10-16,1,573,51,45,-0.338,0.941,-0.272,-0.426,-15.584,HR5371,Cloture on the Motion to Proceed Rejected,"A bill making continuing appropriations and extensions for fiscal year 2026, and for other purposes.",On Cloture on the Motion to Proceed,
119,Senate,574,2025-10-16,1,574,62,34,-0.202,0.299,-1.151,0.855,-19.889,PN4666,Cloture Motion Agreed to,"Harold D. Mooty III, of Alabama, to be United States District Judge for the Northern District of Alabama",On the Cloture Motion,
119,Senate,575,2025-10-16,1,575,50,44,-0.052,-0.999,-0.243,0.01,-13.301,HR4016,Cloture on the Motion to Proceed Rejected,"A bill making appropriations for the Department of Defense for the fiscal year ending September 30, 2026, and for other purposes.",On Cloture on the Motion to Proceed,
119,Senate,576,2025-10-20,1,576,50,43,-0.27,0.91,-0.246,-0.351,-14.565,HR5371,Cloture on the Motion to Proceed Rejected,"A bill making continuing appropriations and extensions for fiscal year 2026, and for other purposes.",On Cloture on the Motion to Proceed,
119,Senate,577,2025-10-21,1,577,66,32,-0.219,0.976,-0.509,0.175,-19.878,PN4666,Nomination Confirmed,"Harold D. Mooty III, of Alabama, to be United States District Judge for the Northern District of Alabama",On the Nomination,
119,Senate,578,2025-10-21,1,578,53,46,-0.002,-0.241,-0.693,0.445,-0.06,PN3465,Cloture Motion Agreed to,"Anne-Leigh Gaylord Moe, of Florida, to be United States District Judge for the Middle District of Florida",On the Cloture Motion,
119,Senate,579,2025-10-21,1,579,53,46,-0.002,-0.241,-0.693,0.445,-0.06,PN4002,Cloture Motion Agreed to,"William W. Mercer, of Montana, to be United States District Judge for the District of Montana",On the Cloture Motion,
119,Senate,580,2025-10-21,1,580,53,46,-0.002,-0.241,-0.693,0.445,-0.06,PN3465,Nomination Confirmed,"Anne-Leigh Gaylord Moe, of Florida, to be United States District Judge for the Middle District of Florida",On the Nomination,
119,Senate,581,2025-10-22,1,581,54,46,-0.333,0.943,-0.277,-0.423,-15.865,HR5371,Cloture on the Motion to Proceed Rejected,"A bill making continuing appropriations and extensions for fiscal year 2026, and for other purposes.",On Cloture on the Motion to Proceed,
119,Senate,582,2025-10-22,1,582,60,39,-0.201,0.474,-0.709,0.242,-12.849,PN4663,Cloture Motion Agreed to,"Bill Lewis, of Alabama, to be United States District Judge for the Middle District of Alabama",On the Cloture Motion,
119,Senate,583,2025-10-22,1,583,52,45,0.001,-0.239,-0.692,0.454,-0.056,PN368,Cloture Motion Agreed to,"Stephen Chad Meredith, of Kentucky, to be United States District Judge for the Eastern District of Kentucky",On the Cloture Motion,
119,Senate,584,2025-10-22,1,584,52,45,0.001,-0.239,-0.692,0.454,-0.056,PN4002,Nomination Confirmed,"William W. Mercer, of Montana, to be United States District Judge for the District of Montana",On the Nomination,
119,Senate,585,2025-10-23,1,585,54,45,0.159,-0.987,-0.221,-0.178,-14.1,S3012,Cloture on the Motion to Proceed Rejected,"A bill to appropriate funds for pay and allowances of excepted Federal employees for periods of work performed during a lapse in appropriations, and for other purposes.",On Cloture on the Motion to Proceed,
119,Senate,586,2025-10-23,1,586,48,45,-0.002,-0.246,-0.692,0.45,-0.053,PN368,Nomination Confirmed,"Stephen Chad Meredith, of Kentucky, to be United States District Judge for the Eastern District of Kentucky",On the Nomination,
119,Senate,587,2025-10-23,1,587,50,45,-0.003,-0.241,-0.692,0.45,-0.057,PN5205,Cloture Motion Agreed to,"Rebecca L. Taibleson, of Wisconsin, to be United States Circuit Judge for the Seventh Circuit",On the Cloture Motion,
119,Senate,588,2025-10-27,1,588,52,46,-0.006,-0.26,-0.695,0.422,-0.057,PN5205,Nomination Confirmed,"Rebecca L. Taibleson, of Wisconsin, to be United States Circuit Judge for the Seventh Circuit",On the Nomination,
119,Senate,589,2025-10-27,1,589,58,40,-0.139,0.93,-0.816,0.313,-12.648,PN4663,Nomination Confirmed,"Bill Lewis, of Alabama, to be United States District Judge for the Middle District of Alabama",On the Nomination,
119,Senate,590,2025-10-28,1,590,54,45,-0.38,0.925,-0.445,-0.692,-10.082,HR5371,Cloture on the Motion to Proceed Rejected,"A bill making continuing appropriations and extensions for fiscal year 2026, and for other purposes.",On Cloture on the Motion to Proceed,
119,Senate,591,2025-10-28,1,591,52,47,-0.002,-0.239,-0.693,0.446,-0.06,PN3466,Cloture Motion Agreed to,"Jordan Emery Pratt, of Florida, to be United States District Judge for the Middle District of Florida",On the Cloture Motion,
119,Senate,592,2025-10-28,1,592,52,47,-0.002,-0.239,-0.693,0.446,-0.06,PN3466,Nomination Confirmed,"Jordan Emery Pratt, of Florida, to be United States District Judge for the Middle District of Florida",On the Nomination,
119,Senate,593,2025-10-28,1,593,53,46,-0.002,-0.239,-0.693,0.446,-0.06,PN4662,Cloture Motion Agreed to,"Edmund G. LaCour, Jr., of Alabama, to be United States District Judge for the Northern District of Alabama",On the Cloture Motion,
119,Senate,594,2025-10-28,1,594,52,48,-0.071,0.627,0.47,1.323,-8.362,SJRES81,Joint Resolution Passed,A joint resolution terminating the national emergency declared to impose duties on articles imported from Brazil.,On the Joint Resolution,
119,Senate,595,2025-10-29,1,595,54,46,-0.116,0.051,-0.683,-0.504,-1.867,SJRES80,Motion to Proceed Agreed to,"A joint resolution providing for congressional disapproval under chapter 8 of title 5, United States Code, of the rule submitted by the Bureau of Land Management relating to ""National Petroleum Reserve in Alaska Integrated Activity Plan Record of Decision"".",On the Motion to Proceed,
119,Senate,596,2025-10-29,1,596,51,47,-0.002,-0.238,-0.693,0.448,-0.06,PN4662,Nomination Confirmed,"Edmund G. LaCour, Jr., of Alabama, to be United States District Judge for the Northern District of Alabama",On the Nomination,
119,Senate,597,2025-10-29,1,597,25,72,-0.18,-0.776,-0.061,0.401,-44.896,SJRES69,Motion to Proceed Rejected,"A joint resolution providing for congressional disapproval under chapter 8 of title 5, United States Code, of the rule submitted by the United States Fish and Wildlife Service relating to ""Record of Decision for the Barred Owl Management Strategy; Washington, Oregon, and California"".",On the Motion to Proceed,
119,Senate,598,2025-10-29,1,598,50,46,-0.153,0.782,0.495,1.239,-7.054,SJRES77,Joint Resolution Passed,A joint resolution terminating the national emergency declared to impose duties on articles imported from Canada.,On the Joint Resolution,
119,Senate,599,2025-10-30,1,599,52,45,-0.115,0.05,-0.683,-0.505,-1.862,SJRES80,Joint Resolution Passed,"A joint resolution providing for congressional disapproval under chapter 8 of title 5, United States Code, of the rule submitted by the Bureau of Land Management relating to ""National Petroleum Reserve in Alaska Integrated Activity Plan Record of Decision"".",On the Joint Resolution,
119,Senate,600,2025-10-30,1,600,51,47,-0.154,0.783,0.493,1.227,-7.116,SJRES88,Joint Resolution Passed,A joint resolution terminating the national emergency declared to impose global tariffs.,On the Joint Resolution,
119,Senate,601,2025-10-30,1,601,51,47,-0.002,-0.242,-0.692,0.455,-0.06,PN4001,Cloture Motion Agreed to,"Joshua D. Dunlap, of Maine, to be United States Circuit Judge for the First Circuit",On the Cloture Motion,
119,Senate,602,2025-11-03,1,602,51,46,-0.002,-0.238,-0.693,0.448,-0.06,PN4003,Cloture Motion Agreed to,"Eric Chunyee Tung, of California, to be United States Circuit Judge for the Ninth Circuit",On the Cloture Motion,
119,Senate,603,2025-11-04,1,603,54,44,-0.381,0.924,-0.447,-0.699,-10.072,HR5371,Cloture on the Motion to Proceed Rejected,"A bill making continuing appropriations and extensions for fiscal year 2026, and for other purposes.",On Cloture on the Motion to Proceed,
119,Senate,604,2025-11-04,1,604,52,46,-0.001,-0.237,-0.693,0.449,-0.06,PN4001,Nomination Confirmed,"Joshua D. Dunlap, of Maine, to be United States Circuit Judge for the First Circuit",On the Nomination,
119,Senate,605,2025-11-05,1,605,52,45,-0.001,-0.232,-0.692,0.454,-0.06,PN4003,Nomination Confirmed,"Eric Chunyee Tung, of California, to be United States Circuit Judge for the Ninth Circuit",On the Nomination,
119,Senate,606,2025-11-05,1,606,57,41,-0.324,0.946,-0.388,-0.361,-12.241,PN2537,Cloture Motion Agreed to,"Caleb Orr, of Texas, to be an Assistant Secretary of State (Economic and Business Affairs)",On the Cloture Motion,
119,Senate,607,2025-11-05,1,607,57,43,-0.328,0.945,-0.393,-0.38,-12.348,PN2537,Nomination Confirmed,"Caleb Orr, of Texas, to be an Assistant Secretary of State (Economic and Business Affairs)",On the Nomination,
119,Senate,608,2025-11-06,1,608,49,51,-0.264,0.964,0.464,0.848,-5.716,SJRES90,Motion to Discharge Rejected,A joint resolution to direct the removal of United States Armed Forces from hostilities within or against Venezuela that have not been authorized by Congress.,On the Motion to Discharge,
119,Senate,609,2025-11-07,1,609,53,43,0.269,-0.963,-0.435,-0.894,-10.123,S3012,Cloture on the Motion to Proceed Rejected,"A bill to appropriate funds for pay and allowances of excepted Federal employees for periods of work performed during a lapse in appropriations, and for other purposes.",On Cloture on the Motion to Proceed,
119,Senate,610,2025-11-09,1,610,60,40,-0.395,0.919,-0.391,-0.44,-16.767,HR5371,Cloture on the Motion to Proceed Agreed to,"A bill making continuing appropriations and extensions for fiscal year 2026, and for other purposes.",On Cloture on the Motion to Proceed,
119,Senate,611,2025-11-10,1,611,60,40,-0.398,0.917,-0.398,-0.454,-16.763,HR5371,Motion to Proceed Agreed to,"A bill making continuing appropriations and extensions for fiscal year 2026, and for other purposes.",On the Motion to Proceed,
119,Senate,612,2025-11-10,1,612,47,53,-0.001,-0.235,0.692,-0.451,-0.06,HR5371,Motion to Table Failed,To improve the bill.,On the Motion to Table,
119,Senate,613,2025-11-10,1,613,47,53,-0.001,-0.235,0.692,-0.451,-0.06,HR5371,Motion to Table Failed,To improve the bill.,On the Motion to Table,
119,Senate,614,2025-11-10,1,614,76,24,-0.492,0.871,-0.229,-0.154,-36.075,HR5371,Motion to Table Agreed to,To strike a provision modifying the definition of hemp for purposes of the Agricultural Marketing Act of 1946.,On the Motion to Table,
119,Senate,615,2025-11-10,1,615,60,40,-0.398,0.917,-0.398,-0.454,-16.763,HR5371,Cloture Motion Agreed to,In the nature of a substitute.,On the Cloture Motion,
119,Senate,616,2025-11-10,1,616,60,40,-0.398,0.917,-0.398,-0.454,-16.763,HR5371,Amendment Agreed to,In the nature of a substitute.,On the Amendment,
119,Senate,617,2025-11-10,1,617,60,40,-0.398,0.917,-0.398,-0.454,-16.763,HR5371,Cloture Motion Agreed to,"A bill making continuing appropriations and extensions for fiscal year 2026, and for other purposes.",On the Cloture Motion,
119,Senate,618,2025-11-10,1,618,60,40,-0.398,0.917,-0.398,-0.454,-16.763,HR5371,Bill Passed,"A bill making continuing appropriations and extensions for fiscal year 2026, and for other purposes.",On Passage of the Bill,
119,Senate,619,2025-11-18,1,619,65,32,-0.072,-0.997,-0.215,-0.225,-25.723,PN4456,Cloture Motion Agreed to,"Ho Nieh, of Alabama, to be a Member of the Nuclear Regulatory Commission for the remainder of the term expiring June 30, 2029",On the Cloture Motion,
119,Senate,620,2025-11-19,1,620,66,32,-0.048,-0.999,-0.217,-0.282,-26.53,PN4456,Nomination Confirmed,"Ho Nieh, of Alabama, to be a Member of the Nuclear Regulatory Commission for the remainder of the term expiring June 30, 2029",On the Nomination,
119,Senate,621,2025-11-19,1,621,51,47,-0.001,-0.235,-0.692,0.451,-0.06,SJRES89,Motion to Proceed Agreed to,"A joint resolution providing for congressional disapproval under chapter 8 of title 5, United States Code, of the rule submitted by the Bureau of Land Management relating to ""Buffalo Field Office Record of Decision and Approved Resource Management Plan Amendment"".",On the Motion to Proceed,
119,Senate,622,2025-11-19,1,622,46,51,0.127,-0.215,0.645,0.726,-0.578,SJRES76,Motion to Proceed Rejected,"A joint resolution providing for congressional disapproval under chapter 8 of title 5, United States Code, of the rule submitted by the Environmental Protection Agency relating to ""Extension of Deadlines in Standards of Performance for New, Reconstructed, and Modified Sources and Emissions Guidelines for Existing Sources: Oil and Natural Gas Sector Climate Review Final Rule"".",On the Motion to Proceed,
119,Senate,623,2025-11-20,1,623,51,43,-0.006,-0.255,-0.695,0.426,-0.057,HJRES130,Joint Resolution Passed,"A joint resolution providing for congressional disapproval under chapter 8 of title 5, United States Code, of the rule submitted by the Bureau of Land Management relating to ""Buffalo Field Office Record of Decision and Approved Resource Management Plan Amendment"".",On the Joint Resolution,
119,Senate,624,2025-12-01,1,624,50,41,-0.006,-0.258,-0.695,0.424,-0.057,PN5201,Cloture Motion Agreed to,"David A. Bragdon, of North Carolina, to be United States District Judge for the Middle District of North Carolina",On the Cloture Motion,
119,Senate,625,2025-12-02,1,625,53,45,-0.006,-0.258,-0.695,0.424,-0.057,PN5201,Nomination Confirmed,"David A. Bragdon, of North Carolina, to be United States District Judge for the Middle District of North Carolina",On the Nomination,
119,Senate,626,2025-12-02,1,626,61,36,-0.265,0.692,-0.735,-0.118,-13.228,PN5202,Cloture Motion Agreed to,"Lindsey Ann Freeman, of North Carolina, to be United States District Judge for the Middle District of North Carolina",On the Cloture Motion,
119,Senate,627,2025-12-02,1,627,60,39,-0.247,-0.591,-0.433,0.101,-14.798,PN5202,Nomination Confirmed,"Lindsey Ann Freeman, of North Carolina, to be United States District Judge for the Middle District of North Carolina",On the Nomination,
119,Senate,628,2025-12-03,1,628,56,40,-0.125,0.252,-0.242,0.078,-14.558,PN5203,Cloture Motion Agreed to,"Matthew E. Orso, of North Carolina, to be United States District Judge for the Western District of North Carolina",On the Cloture Motion,
119,Senate,629,2025-12-03,1,629,57,41,-0.121,0.275,-0.244,0.082,-14.656,PN5203,Nomination Confirmed,"Matthew E. Orso, of North Carolina, to be United States District Judge for the Western District of North Carolina",On the Nomination,
119,Senate,630,2025-12-03,1,630,49,47,0.127,-0.214,-0.645,-0.726,-0.578,SJRES91,Motion to Proceed Agreed to,"A joint resolution providing for congressional disapproval under chapter 8 of title 5, United States Code, of the rule submitted by the Bureau of Land Management relating to ""Coastal Plain Oil and Gas Leasing Program Record of Decision"".",On the Motion to Proceed,
119,Senate,631,2025-12-03,1,631,63,34,-0.159,-0.987,-0.26,-0.127,-22.086,PN5204,Cloture Motion Agreed to,"Susan Courtwright Rodriguez, of North Carolina, to be United States District Judge for the Western District of North Carolina",On the Cloture Motion,
119,Senate,632,2025-12-04,1,632,49,45,0.125,-0.201,-0.643,-0.734,-0.574,HJRES131,Joint Resolution Passed,"A joint resolution providing for congressional disapproval under chapter 8 of title 5, United States Code, of the rule submitted by the Bureau of Land Management relating to ""Coastal Plain Oil and Gas Leasing Program Record of Decision"".",On the Joint Resolution,
119,Senate,633,2025-12-04,1,633,43,37,-0.013,-0.224,-0.691,0.473,-0.039,SRES520,Cloture Motion Rejected,An executive resolution authorizing the en bloc consideration in Executive Session of certain nominations on the Executive Calendar.,On the Cloture Motion,
119,Senate,634,2025-12-04,1,634,57,32,-0.225,-0.79,-0.269,-0.054,-20.643,PN5204,Nomination Confirmed,"Susan Courtwright Rodriguez, of North Carolina, to be United States District Judge for the Western District of North Carolina",On the Nomination,
119,Senate,635,2025-12-08,1,635,52,44,-0.001,-0.234,-0.692,0.452,-0.06,PN4661,Cloture Motion Agreed to,"Robert P. Chamberlin, of Mississippi, to be United States District Judge for the Northern District of Mississippi",On the Cloture Motion,
119,Senate,636,2025-12-09,1,636,51,46,-0.002,-0.249,-0.689,0.481,-0.058,PN4661,Nomination Confirmed,"Robert P. Chamberlin, of Mississippi, to be United States District Judge for the Northern District of Mississippi",On the Nomination,
119,Senate,637,2025-12-09,1,637,51,46,-0.002,-0.249,-0.689,0.481,-0.058,PN6151,Cloture Motion Agreed to,"William J. Crain, of Louisiana, to be United States District Judge for the Eastern District of Louisiana",On the Cloture Motion,
119,Senate,638,2025-12-09,1,638,49,46,-0.002,-0.249,-0.689,0.481,-0.058,PN6151,Nomination Confirmed,"William J. Crain, of Louisiana, to be United States District Judge for the Eastern District of Louisiana",On the Nomination,
119,Senate,639,2025-12-09,1,639,49,46,-0.002,-0.249,-0.689,0.481,-0.058,PN4665,Cloture Motion Agreed to,"James D. Maxwell II, of Mississippi, to be United States District Judge for the Northern District of Mississippi",On the Cloture Motion,
119,Senate,640,2025-12-09,1,640,51,46,-0.002,-0.237,-0.693,0.449,-0.06,PN4665,Nomination Confirmed,"James D. Maxwell II, of Mississippi, to be United States District Judge for the Northern District of Mississippi",On the Nomination,
119,Senate,641,2025-12-10,1,641,50,49,0.194,0.115,0.542,1.153,-3.049,SJRES82,Motion to Proceed Agreed to,"A joint resolution providing for congressional disapproval under chapter 8 of title 5, United States Code, of the rule submitted by the Office of the Secretary of the Department of Health and Human Services relating to ""Policy on Adhering to the Text of the Administrative Procedure Act"".",On the Motion to Proceed,
119,Senate,642,2025-12-10,1,642,51,47,-0.002,-0.236,-0.693,0.449,-0.06,SRES532,Cloture Motion Agreed to,An executive resolution authorizing the en bloc consideration in Executive Session of certain nominations on the Executive Calendar.,On the Cloture Motion,
119,Senate,643,2025-12-11,1,643,51,48,-0.273,0.962,-0.45,-0.702,-4.711,S3386,Cloture Motion Rejected,"A bill to provide a health savings account contribution to certain enrollees, to reduce health care costs, and for other purposes.",On the Cloture Motion,
119,Senate,644,2025-12-11,1,644,51,48,-0.224,0.975,0.466,1.075,-9.188,S3385,Cloture Motion Rejected,A bill to amend the Internal Revenue Code of 1986 to extend the enhancement of the health care premium tax credit.,On the Cloture Motion,
119,Senate,645,2025-12-11,1,645,52,47,-0.002,-0.236,-0.693,0.449,-0.06,SRES532,Resolution Agreed to,An executive resolution authorizing the en bloc consideration in Executive Session of certain nominations on the Executive Calendar.,On the Resolution,
119,Senate,646,2025-12-11,1,646,75,22,-0.577,0.118,-0.179,-0.59,-33.859,S1071,Motion to Proceed Agreed to,"A bill to require the Secretary of Veterans Affairs to disinter the remains of Fernando V. Cota from Fort Sam Houston National Cemetery, Texas, and for other purposes.",On the Motion to Proceed,
119,Senate,647,2025-12-15,1,647,76,20,-0.545,0.065,-0.21,-0.666,-28.507,S1071,Cloture Motion Agreed to,"A bill to require the Secretary of Veterans Affairs to disinter the remains of Fernando V. Cota from Fort Sam Houston National Cemetery, Texas, and for other purposes.",On the Cloture Motion,
119,Senate,648,2025-12-17,1,648,77,20,-0.387,-0.2,-0.172,-0.684,-27.178,S1071,Motion Agreed to,"A bill to require the Secretary of Veterans Affairs to disinter the remains of Fernando V. Cota from Fort Sam Houston National Cemetery, Texas, and for other purposes.",On the Motion,
119,Senate,649,2025-12-17,1,649,67,30,-0.147,-0.989,-0.276,-0.254,-24.262,PN650,Cloture Motion Agreed to,"Jared Isaacman, of Pennsylvania, to be Administrator of the National Aeronautics and Space Administration",On the Cloture Motion,
119,Senate,650,2025-12-17,1,650,67,30,-0.147,-0.989,-0.276,-0.254,-24.262,PN650,Nomination Confirmed,"Jared Isaacman, of Pennsylvania, to be Administrator of the National Aeronautics and Space Administration",On the Nomination,
119,Senate,651,2025-12-17,1,651,69,27,-0.065,-0.998,-0.186,-0.28,-28.224,PN6452,Cloture Motion Agreed to,"Douglas Weaver, of Maryland, to be a Member of the Nuclear Regulatory Commission for the remainder of the term expiring June 30, 2026",On the Cloture Motion,
119,Senate,652,2025-12-17,1,652,71,29,-0.019,-1.0,-0.179,-0.299,-29.518,PN6452,Nomination Confirmed,"Douglas Weaver, of Maryland, to be a Member of the Nuclear Regulatory Commission for the remainder of the term expiring June 30, 2026",On the Nomination,
119,Senate,653,2025-12-17,1,653,53,47,-0.002,-0.236,-0.692,0.45,-0.06,PN2529,Cloture Motion Agreed to,"Scott Mayer, of Pennsylvania, to be a Member of the National Labor Relations Board for the term of five years expiring December 16, 2029; and Mary Anne Carter, of Tennessee, to be Chairperson of the National Endowment for the Arts for a term of four years; and Christopher Yeaw, of Virginia, to be an Assistant Secretary of State (Arms Control, Nonproliferation, and Stability); and Tammy Bruce, of California, to be the Deputy Representative of the United States of America to the United Nations, with the rank and status of Ambassador; the Deputy Representative of the United States of America in the Security Council of the United Nations; and to serve concurrently and without additional compensation as Representative of the United States of America to the Sessions of the General Assembly of the United Nations, during her tenure of service as Deputy Representative of the United States of America to the United Nations; and Darryl Nirenberg, of Virginia, to be Ambassador to Romania; and Bernardo Navarro, of Puerto Rico, to be Ambassador to the Republic of Peru; and Yehuda Kaploun, of Florida, to be Special Envoy to Monitor and Combat Anti-Semitism, with the rank of Ambassador; and Melissa Argyros, of California, to be Ambassador to the Republic of Latvia; and Michael Selig, of Florida, to be a Commissioner of the Commodity Futures Trading Commission for a term expiring April 13, 2029; and Michael Selig, of Florida, to be Chairman of the Commodity Futures Trading Commission; and Scott Leary, of Mississippi, to be United States Attorney for the Northern District of Mississippi for the term of four years; and James Kruger, of Mississippi, to be United States Attorney for the Southern District of Mississippi for the term of four years; and Ryan Anthony Kriegshauser, of Kansas, to be United States Attorney for the District of Kansas for the term of four years; and Erin Creegan, of New Hampshire, to be United States Attorney for the District of New Hampshire  for the term of four years; and Andrew Duva, of Florida, to be an Assistant Attorney General; and John Walk, of Virginia, to be Inspector General, Department of Agriculture; and Thomas Bell, of Virginia, to be Inspector General, Department of Health and Human Services; and Morvared Namdarkhan, of Texas, to be an Assistant Secretary of State (Consular Affairs); and Brent Christensen, of Virginia, to be Ambassador to the People's Republic of Bangladesh; and Benjamin Leon, Jr., of Florida, to be Ambassador to the Kingdom of Spain, and to serve concurrently and without additional compensation as Ambassador to the Principality of Andorra; and Leo Brent Bozell III, of Virginia, to be Ambassador to the Republic of South Africa; and Julie Callahan, of the District of Columbia, to be Chief Agricultural Negotiator, Office of the United States Trade Representative, with the rank of Ambassador; and Arjun Mody, of New Jersey, to be Deputy Commissioner Social Security for the term expiring January 19, 2031; and Jeffrey Goettman, of Virginia, to be a Deputy United States Trade Representative (Africa, Western Hemisphere, Europe, the Middle East, Environment, Labor, and Industrial Competitiveness), with the Rank of Ambassador; and Travis Hill, of Maryland, to be Chairperson of the Board of Directors of the Federal Deposit Insurance Corporation for a term of five years; and Joseph Gormley, of Maryland, to be President, Government National Mortgage Association; and Francis Cassidy, of Pennsylvania, to be an Assistant Secretary of Housing and Urban Development; and Paul Hollis, of Louisiana, to be Director of the Mint for a term of five years; and Michelle A. Schultz, of Pennsylvania, to be a Member of the Surface Transportation Board for a term expiring November 30, 2030; and Trent Morse, of Florida, to be a Member of the Board of Directors of the Metropolitan Washington Airports Authority for a term expiring May 30, 2030; and Laura DiBella, of Florida, to be a Federal Maritime Commissioner for a term expiring June 30, 2028; and Timothy Petty, of Indiana, to be Assistant Secretary of Commerce for Oceans and Atmosphere; and Stephen Carmel, of Virginia, to be Administrator of the Maritime Administration; and Ethan Klein, of New Jersey, to be an Associate Director of the Office of Science and Technology Policy; and Maurice Todd, of Florida, to be an Assistant Secretary of Defense; and Michael Payne, of Virginia, to be Director of Cost Assessment and Program Evaluation, Department of Defense; and Timothy Dill, of Ohio, to be an Assistant Secretary of Defense; and James Caggy, of New York, to be an Assistant Secretary of Defense; and John Noh, of Texas, to be an Assistant Secretary of Defense; and William Lane III, of Virginia, to be General Counsel of the Department of the Air Force; and Michael Borders, of Florida, to be an Assistant Secretary of the Air Force; and Charles Young III, of West Virginia, to be General Counsel of the Department of the Army; and David Beck, of Tennessee, to be Deputy Administrator for Defense Programs, National Nuclear Security Administration; and Brendan Rogers, of Connecticut, to be an Assistant Secretary of the Navy; and Joseph Jewell, of Indiana, to be an Assistant Secretary of Defense; and Marc Berkowitz, of Virginia, to be an Assistant Secretary of Defense; and Robert Kadlec, of New York, to be an Assistant Secretary of Defense; and Thomas Ferguson III, of North Carolina, to be United States Attorney for the Western District of North Carolina for the term of four years; and John Cuong Truong, of the District of Columbia, to be an Associate Judge of the Superior Court of the District of Columbia for the term of fifteen years; and Elana S. Suttenberg, of the District of Columbia, to be an Associate Judge of the Superior Court of the District of Columbia for the term of fifteen years; and Stephen F. Rickard, of the District of Columbia, to be an Associate Judge of the Superior Court of the District of Columbia for the term of fifteen years; and Edward Forst, of Florida, to be Administrator of General Services; and Charles Arrington, of Illinois, to be a Member of the Federal Labor Relations Authority for a term expiring July 1, 2030; and Peter Metzger, of the District of Columbia, to be Assistant Secretary for Intelligence and Analysis, Department of the Treasury; and Stella Herrell, of New Mexico, to be an Assistant Secretary of Agriculture; and Mindy Brashears, of Texas, to be Under Secretary of Agriculture for Food Safety; and Platte Moring, of South Carolina, to be Inspector General, Department of Defense; and Anthony D'Esposito, of New York, to be Inspector General, Department of Labor; and Douglas Troutman, of Maryland, to be Assistant Administrator for Toxic Substances of the Environmental Protection Agency; and Arthur Graham, of Florida, to be a Member of the Board of Directors of the Tennessee Valley Authority for the remainder of the term expiring May 18, 2026; and Randall Jones, of Alabama, to be a Member of the Board of Directors of the Tennessee Valley Authority for a term expiring May 18, 2028; and Jeff Hagood, of Tennessee, to be a Member of the Board of Directors of the Tennessee Valley Authority for a term of expiring May 18, 2029; and Mitch Graves, of Tennessee, to be a Member of the Board of Directors of the Tennessee Valley Authority for a term expiring May 18, 2029; and Jeffrey Hall, of Virginia, to be an Assistant Administrator of the Environmental Protection Agency; and William Kirk, of Maryland, to be Inspector General, Small Business Administration; and John Bartrum, of Indiana, to be Under Secretary for Health of the Department of Veterans Affairs; and Andrew Veprek, of Louisiana, to be an Assistant Secretary of State (Population, Refugees, and Migration); and Joyce Meyer, of Virginia, to be Under Secretary of Commerce for Economic Affairs; and Harry Kumar, of New York, to be an Assistant Secretary of Commerce; and Adam Mildred, of Indiana, to be United States Attorney for the Northern District of Indiana for the term of four years; and Thomas Albus, of Missouri, to be United States Attorney for the Eastern District of Missouri for the term of four years; and Thomas Wheeler II, of Indiana, to be United States Attorney for the Southern District of Indiana for the term of four years; and Bryan Stirling, of South Carolina, to be United States Attorney for the District of South Carolina for the term of four years; and Jerome Francis Gorgon, Jr., of Michigan, to be United States Attorney for the Eastern District of Michigan for the term of four years; and Dominick Gerace II, of Ohio, to be United States Attorney for the Southern District of Ohio for the term of four years; and Braden Boucek, of Tennessee, to be United States Attorney for the Middle District of Tennessee for the term of four years; and James Mazol, of Virginia, to be a Deputy Under Secretary of Defense; and Derrick Anderson, of Virginia, to be an Assistant Secretary of Defense; and Kirsten Davies, of Tennessee, to be Chief Information Officer of the Department of Defense; and James Murphy, of Maryland, to be a Member of the National Labor Relations Board for the term of five years expiring December 16, 2027; and Rosario Palmieri, of Virginia, to be an Assistant Secretary of Labor; and Crystal Carey, of New Jersey, to be General Counsel of the National Labor Relations Board for term of four years; and Jonathan Greenstein, of New York, to be a Deputy Under Secretary of the Treasury; and Derek Theurer, of Virginia, to be a Deputy Under Secretary of the Treasury; and Jeremiah Workman, of Ohio, to be Assistant Secretary of Labor for Veterans' Employment and Training; and David Courcelle, of Louisiana, to be United States Attorney for the Eastern District of Louisiana for the term of four years; and Chris Pilkerton, of Maryland, to be Assistant Secretary of the Treasury for Investment Security; and Jonathan Burke, of Georgia, to be Assistant Secretary for Terrorist Financing, Department of the Treasury; and Ronald Kurtz, of Georgia, to be an Assistant Secretary of Housing and Urban Development; and Benjamin Hobbs, of Ohio, to be Assistant Secretary of Housing and Urban Development; and David Denton, Jr., of Virginia, to be General Counsel of the Department of the Navy; and Amy Henninger, of Virginia, to be Director of Operational Test and Evaluation, Department of Defense; and Benjamin Kohlmann, of Texas, to be an Assistant Secretary of the Navy; and Michael Powers, of Virginia, to be Deputy Under Secretary of Defense; and Pedro Allende, of Florida, to be Under Secretary for Science and Technology, Department of Homeland Security; and James Percival, of Florida, to be General Counsel, Department of Homeland Security; and Henry Mack III, of Florida, to be an Assistant Secretary of Labor",On the Cloture Motion,
119,Senate,654,2025-12-18,1,654,50,50,0.196,0.109,0.542,1.153,-3.051,SJRES82,Joint Resolution Defeated,"A joint resolution providing for congressional disapproval under chapter 8 of title 5, United States Code, of the rule submitted by the Office of the Secretary of the Department of Health and Human Services relating to ""Policy on Adhering to the Text of the Administrative Procedure Act"".",On the Joint Resolution,
119,Senate,655,2025-12-18,1,655,53,43,-0.002,-0.236,-0.692,0.449,-0.06,PN252,Nomination Confirmed,"Scott Mayer, of Pennsylvania, to be a Member of the National Labor Relations Board for the term of five years expiring December 16, 2029; and Mary Anne Carter, of Tennessee, to be Chairperson of the National Endowment for the Arts for a term of four years; and Christopher Yeaw, of Virginia, to be an Assistant Secretary of State (Arms Control, Nonproliferation, and Stability); and Tammy Bruce, of California, to be the Deputy Representative of the United States of America to the United Nations, with the rank and status of Ambassador; the Deputy Representative of the United States of America in the Security Council of the United Nations; and to serve concurrently and without additional compensation as Representative of the United States of America to the Sessions of the General Assembly of the United Nations, during her tenure of service as Deputy Representative of the United States of America to the United Nations; and Darryl Nirenberg, of Virginia, to be Ambassador to Romania; and Bernardo Navarro, of Puerto Rico, to be Ambassador to the Republic of Peru; and Yehuda Kaploun, of Florida, to be Special Envoy to Monitor and Combat Anti-Semitism, with the rank of Ambassador; and Melissa Argyros, of California, to be Ambassador to the Republic of Latvia; and Michael Selig, of Florida, to be a Commissioner of the Commodity Futures Trading Commission for a term expiring April 13, 2029; and Michael Selig, of Florida, to be Chairman of the Commodity Futures Trading Commission; and Scott Leary, of Mississippi, to be United States Attorney for the Northern District of Mississippi for the term of four years; and James Kruger, of Mississippi, to be United States Attorney for the Southern District of Mississippi for the term of four years; and Ryan Anthony Kriegshauser, of Kansas, to be United States Attorney for the District of Kansas for the term of four years; and Erin Creegan, of New Hampshire, to be United States Attorney for the District of New Hampshire for the term of four years; and Andrew Duva, of Florida, to be an Assistant Attorney General; and John Walk, of Virginia, to be Inspector General, Department of Agriculture; and Thomas Bell, of Virginia, to be Inspector General, Department of Health and Human Services; and Morvared Namdarkhan, of Texas, to be an Assistant Secretary of State (Consular Affairs); and Brent Christensen, of Virginia, to be Ambassador to the People's Republic of Bangladesh; and Benjamin Leon, Jr., of Florida, to be Ambassador to the Kingdom of Spain, and to serve concurrently and without additional compensation as Ambassador to the Principality of Andorra; and Leo Brent Bozell III, of Virginia, to be Ambassador to the Republic of South Africa; and Julie Callahan, of the District of Columbia, to be Chief Agricultural Negotiator, Office of the United States Trade Representative, with the rank of Ambassador; and Arjun Mody, of New Jersey, to be Deputy Commissioner Social Security for the term expiring January 19, 2031; and Jeffrey Goettman, of Virginia, to be a Deputy United States Trade Representative (Africa, Western Hemisphere, Europe, the Middle East, Environment, Labor, and Industrial Competitiveness), with the Rank of Ambassador; and Travis Hill, of Maryland, to be Chairperson of the Board of Directors of the Federal Deposit Insurance Corporation for a term of five years; and Joseph Gormley, of Maryland, to be President, Government National Mortgage Association; and Francis Cassidy, of Pennsylvania, to be an Assistant Secretary of Housing and Urban Development; and Paul Hollis, of Louisiana, to be Director of the Mint for a term of five years; and Michelle A. Schultz, of Pennsylvania, to be a Member of the Surface Transportation Board for a term expiring November 30, 2030; and Trent Morse, of Florida, to be a Member of the Board of Directors of the Metropolitan Washington Airports Authority for a term expiring May 30, 2030; and Laura DiBella, of Florida, to be a Federal Maritime Commissioner for a term expiring June 30, 2028; and Timothy Petty, of Indiana, to be Assistant Secretary of Commerce for Oceans and Atmosphere; and Stephen Carmel, of Virginia, to be Administrator of the Maritime Administration; and Ethan Klein, of New Jersey, to be an Associate Director of the Office of Science and Technology Policy; and Maurice Todd, of Florida, to be an Assistant Secretary of Defense; and Michael Payne, of Virginia, to be Director of Cost Assessment and Program Evaluation, Department of Defense; and Timothy Dill, of Ohio, to be an Assistant Secretary of Defense; and James Caggy, of New York, to be an Assistant Secretary of Defense; and John Noh, of Texas, to be an Assistant Secretary of Defense; and William Lane III, of Virginia, to be General Counsel of the Department of the Air Force; and Michael Borders, of Florida, to be an Assistant Secretary of the Air Force; and Charles Young III, of West Virginia, to be General Counsel of the Department of the Army; and David Beck, of Tennessee, to be Deputy Administrator for Defense Programs, National Nuclear Security Administration; and Brendan Rogers, of Connecticut, to be an Assistant Secretary of the Navy; and Joseph Jewell, of Indiana, to be an Assistant Secretary of Defense; and Marc Berkowitz, of Virginia, to be an Assistant Secretary of Defense; and Robert Kadlec, of New York, to be an Assistant Secretary of Defense; and Thomas Ferguson III, of North Carolina, to be United States Attorney for the Western District of North Carolina for the term of four years; and John Cuong Truong, of the District of Columbia, to be an Associate Judge of the Superior Court of the District of Columbia for the term of fifteen years; and Elana S. Suttenberg, of the District of Columbia, to be an Associate Judge of the Superior Court of the District of Columbia for the term of fifteen years; and Stephen F. Rickard, of the District of Columbia, to be an Associate Judge of the Superior Court of the District of Columbia for the term of fifteen years; and Edward Forst, of Florida, to be Administrator of General Services; and Charles Arrington, of Illinois, to be a Member of the Federal Labor Relations Authority for a term expiring July 1, 2030; and Peter Metzger, of the District of Columbia, to be Assistant Secretary for Intelligence and Analysis, Department of the Treasury; and Stella Herrell, of New Mexico, to be an Assistant Secretary of Agriculture; and Mindy Brashears, of Texas, to be Under Secretary of Agriculture for Food Safety; and Platte Moring, of South Carolina, to be Inspector General, Department of Defense; and Anthony D'Esposito, of New York, to be Inspector General, Department of Labor; and Douglas Troutman, of Maryland, to be Assistant Administrator for Toxic Substances of the Environmental Protection Agency; and Arthur Graham, of Florida, to be a Member of the Board of Directors of the Tennessee Valley Authority for the remainder of the term expiring May 18, 2026; and Randall Jones, of Alabama, to be a Member of the Board of Directors of the Tennessee Valley Authority for a term expiring May 18, 2028; and Jeff Hagood, of Tennessee, to be a Member of the Board of Directors of the Tennessee Valley Authority for a term of expiring May 18, 2029; and Mitch Graves, of Tennessee, to be a Member of the Board of Directors of the Tennessee Valley Authority for a term expiring May 18, 2029; and Jeffrey Hall, of Virginia, to be an Assistant Administrator of the Environmental Protection Agency; and William Kirk, of Maryland, to be Inspector General, Small Business Administration; and John Bartrum, of Indiana, to be Under Secretary for Health of the Department of Veterans Affairs; and Andrew Veprek, of Louisiana, to be an Assistant Secretary of State (Population, Refugees, and Migration); and Joyce Meyer, of Virginia, to be Under Secretary of Commerce for Economic Affairs; and Harry Kumar, of New York, to be an Assistant Secretary of Commerce; and Adam Mildred, of Indiana, to be United States Attorney for the Northern District of Indiana for the term of four years; and Thomas Albus, of Missouri, to be United States Attorney for the Eastern District of Missouri for the term of four years; and Thomas Wheeler II, of Indiana, to be United States Attorney for the Southern District of Indiana for the term of four years; and Bryan Stirling, of South Carolina, to be United States Attorney for the District of South Carolina for the term of four years; and Jerome Francis Gorgon, Jr., of Michigan, to be United States Attorney for the Eastern District of Michigan for the term of four years; and Dominick Gerace II, of Ohio, to be United States Attorney for the Southern District of Ohio for the term of four years; and Braden Boucek, of Tennessee, to be United States Attorney for the Middle District of Tennessee for the term of four years; and James Mazol, of Virginia, to be a Deputy Under Secretary of Defense; and Derrick Anderson, of Virginia, to be an Assistant Secretary of Defense; and Kirsten Davies, of Tennessee, to be Chief Information Officer of the Department of Defense; and James Murphy, of Maryland, to be a Member of the National Labor Relations Board for the term of five years expiring December 16, 2027; and Rosario Palmieri, of Virginia, to be an Assistant Secretary of Labor; and Crystal Carey, of New Jersey, to be General Counsel of the National Labor Relations Board for term of four years; and Jonathan Greenstein, of New York, to be a Deputy Under Secretary of the Treasury; and Derek Theurer, of Virginia, to be a Deputy Under Secretary of the Treasury; and Jeremiah Workman, of Ohio, to be Assistant Secretary of Labor for Veterans' Employment and Training; and David Courcelle, of Louisiana, to be United States Attorney for the Eastern District of Louisiana for the term of four years; and Chris Pilkerton, of Maryland, to be Assistant Secretary of the Treasury for Investment Security; and Jonathan Burke, of Georgia, to be Assistant Secretary for Terrorist Financing, Department of the Treasury; and Ronald Kurtz, of Georgia, to be an Assistant Secretary of Housing and Urban Development; and Benjamin Hobbs, of Ohio, to be Assistant Secretary of Housing and Urban Development; and David Denton, Jr., of Virginia, to be General Counsel of the Department of the Navy; and Amy Henninger, of Virginia, to be Director of Operational Test and Evaluation, Department of Defense; and Benjamin Kohlmann, of Texas, to be an Assistant Secretary of the Navy; and Michael Powers, of Virginia, to be Deputy Under Secretary of Defense; and Pedro Allende, of Florida, to be Under Secretary for Science and Technology, Department of Homeland Security; and James Percival, of Florida, to be General Counsel, Department of Homeland Security; and Daniel Aronowitz, of Virginia, to be an Assistant Secretary of Labor",On the Nomination,
119,Senate,656,2025-12-18,1,656,53,43,-0.002,-0.236,-0.692,0.449,-0.06,PN49911,Cloture Motion Agreed to,"Joshua Simmons, of Virginia, to be General Counsel of the Central Intelligence Agency",On the Cloture Motion,
119,Senate,657,2025-12-18,1,657,58,36,-0.389,0.921,-0.431,-0.513,-14.673,PN121,Cloture Motion Agreed to,"Keith Bass, of Texas, to be an Assistant Secretary of Defense",On the Cloture Motion,
119,Senate,658,2025-12-18,1,658,60,35,-0.185,0.034,-0.63,0.797,-11.151,PN6152,Cloture Motion Agreed to,"Alexander C. Van Hook, of Louisiana, to be United States District Judge for the Western District of Louisiana",On the Cloture Motion,
119,Senate,659,2025-12-18,1,659,51,42,-0.302,0.953,-0.5,-0.843,-4.701,PN373,Cloture Motion Agreed to,"Sara Bailey, of Texas, to be Director of National Drug Control Policy",On the Cloture Motion,
119,Senate,660,2026-01-05,2,1,50,35,-0.155,-0.073,-0.226,-0.38,-15.526,PN121,Nomination Confirmed,"Keith Bass, of Texas, to be an Assistant Secretary of Defense",On the Nomination,
119,Senate,661,2026-01-06,2,2,53,47,-0.002,-0.236,-0.693,0.449,-0.06,PN49911,Nomination Confirmed,"Joshua Simmons, of Virginia, to be General Counsel of the Central Intelligence Agency",On the Nomination,
119,Senate,662,2026-01-06,2,3,52,48,-0.273,0.962,-0.45,-0.701,-4.715,PN373,Nomination Confirmed,"Sara Bailey, of Texas, to be Director of National Drug Control Policy",On the Nomination,
119,Senate,663,2026-01-07,2,4,43,50,-0.002,-0.232,0.692,-0.455,-0.059,SJRES86,Motion to Proceed Rejected,"A joint resolution providing for congressional disapproval under chapter 8 of title 5, United States Code, of the rule submitted by the Environmental Protection Agency relating to ""Air Plan Approval; South Dakota; Regional Haze Plan for the Second Implementation Period"".",On the Motion to Proceed,
119,Senate,664,2026-01-08,2,5,52,47,-0.233,0.832,0.471,1.299,-9.333,SJRES98,Motion to Discharge Agreed to,A joint resolution to direct the removal of United States Armed Forces from hostilities within or against Venezuela that have not been authorized by Congress.,On the Motion to Discharge,
119,Senate,665,2026-01-08,2,6,53,40,-0.125,0.218,-0.617,0.895,-12.724,PN6152,Nomination Confirmed,"Alexander C. Van Hook, of Louisiana, to be United States District Judge for the Western District of Louisiana",On the Nomination,
119,Senate,666,2026-01-12,2,7,80,13,-0.644,0.765,-0.225,-0.161,-29.226,HR6938,Cloture on the Motion to Proceed Agreed to,"A bill making consolidated appropriations for the fiscal year ending September 30, 2026, and for other purposes.",On Cloture on the Motion to Proceed,
119,Senate,667,2026-01-13,2,8,47,52,-0.002,-0.237,0.693,-0.449,-0.06,SJRES84,Motion to Proceed Rejected,"A joint resolution providing for congressional disapproval under chapter 8 of title 5, United States Code, of the rule submitted by the Centers for Medicare &#38; Medicaid Services relating to ""Patient Protection and Affordable Care Act; Market Integrity and Affordability"".",On the Motion to Proceed,
119,Senate,668,2026-01-14,2,9,50,50,-0.173,0.711,-0.49,-1.182,-4.31,SJRES98,Point of Order Well Taken,A joint resolution to direct the removal of United States Armed Forces from hostilities within or against Venezuela that have not been authorized by Congress.,On the Point of Order,
119,Senate,669,2026-01-15,2,10,85,14,-0.663,0.749,-0.232,-0.199,-31.109,HR6938,Cloture Motion Agreed to,"A bill making consolidated appropriations for the fiscal year ending September 30, 2026, and for other purposes.",On the Cloture Motion,
119,Senate,670,2026-01-15,2,11,82,15,-0.696,0.718,-0.224,-0.238,-32.75,HR6938,Bill Passed,"A bill making consolidated appropriations for the fiscal year ending September 30, 2026, and for other purposes.",On Passage of the Bill,
119,Senate,671,2026-01-27,2,12,47,45,-0.006,-0.274,-0.69,0.468,-0.055,S3627,Cloture on the Motion to Proceed Rejected,"A bill to require institutions of higher education to disseminate information on the rights of, and accommodations and resources for, pregnant students, and for other purposes.",On Cloture on the Motion to Proceed,
119,Senate,672,2026-01-29,2,13,45,55,-0.389,0.921,-0.246,-0.711,-22.67,HR7148,Cloture on the Motion to Proceed Rejected,"A bill making further consolidated appropriations for the fiscal year ending September 30, 2026, and for other purposes.",On Cloture on the Motion to Proceed,
119,Senate,673,2026-01-30,2,14,32,67,0.549,-0.499,-0.714,-0.356,-15.892,HR7148,Amendment Rejected,To eliminate funding for refugee and entrant assistance.,On the Amendment,
119,Senate,674,2026-01-30,2,15,67,33,0.272,-0.962,0.332,-0.335,-23.64,HR7148,Motion to Table Agreed to,To strike all earmarks.,On the Motion to Table,
119,Senate,675,2026-01-30,2,16,58,42,0.402,0.045,0.709,0.117,-10.823,HR7148,Motion to Table Agreed to,To strike the earmark for the Community and Training Center by the New Immigrant Community Empowerment.,On the Motion to Table,
119,Senate,676,2026-01-30,2,17,58,42,0.402,0.254,0.706,-0.203,-10.72,HR7148,Motion to Table Agreed to,To eliminate funding for the United States African Development Foundation.,On the Motion to Table,
119,Senate,677,2026-01-30,2,18,49,51,0.226,-0.176,0.615,0.863,-0.574,HR7148,Amendment Rejected,To rescind certain amounts appropriated for U.S. Immigration and Customs Enforcement and certain changes to Medicaid.,On the Amendment,
119,Senate,678,2026-01-30,2,19,47,52,-0.002,-0.237,0.693,-0.449,-0.06,HR7148,Motion Rejected,To prevent the deferral or rescission of appropriations within 90 days of their expiration.,On the Motion,
119,Senate,679,2026-01-30,2,20,71,29,-0.421,0.907,-0.164,-0.055,-42.753,HR7148,Bill Passed,"A bill making further consolidated appropriations for the fiscal year ending September 30, 2026, and for other purposes.",On Passage of the Bill,
119,Senate,680,2026-02-02,2,21,49,40,-0.145,0.989,-0.439,0.083,-12.387,PN7265,Cloture Motion Agreed to,"David Clay Fowlkes, of Arkansas, to be United States District Judge for the Western District of Arkansas",On the Cloture Motion,
119,Senate,681,2026-02-03,2,22,54,40,-0.091,0.976,-0.399,0.155,-12.898,PN7265,Nomination Confirmed,"David Clay Fowlkes, of Arkansas, to be United States District Judge for the Western District of Arkansas",On the Nomination,
119,Senate,682,2026-02-03,2,23,49,44,-0.002,-0.238,-0.693,0.449,-0.06,PN7266,Cloture Motion Agreed to,"Nicholas Jon Ganjei, of Texas, to be United States District Judge for the Southern District of Texas",On the Cloture Motion,
119,Senate,683,2026-02-03,2,24,51,45,-0.002,-0.237,-0.693,0.449,-0.06,PN7266,Nomination Confirmed,"Nicholas Jon Ganjei, of Texas, to be United States District Judge for the Southern District of Texas",On the Nomination,
119,Senate,684,2026-02-03,2,25,55,39,-0.043,0.845,-0.336,0.186,-11.567,PN72612,Cloture Motion Agreed to,"Aaron Christian Peterson, of Alaska, to be United States District Judge for the District of Alaska",On the Cloture Motion,
119,Senate,685,2026-02-04,2,26,58,39,-0.21,0.304,-0.289,-0.066,-16.573,PN72612,Nomination Confirmed,"Aaron Christian Peterson, of Alaska, to be United States District Judge for the District of Alaska",On the Nomination,
119,Senate,686,2026-02-04,2,27,51,47,-0.002,-0.238,-0.693,0.449,-0.06,PN7262,Cloture Motion Agreed to,"Megan Blair Benton, of Missouri, to be United States District Judge for the Western District of Missouri",On the Cloture Motion,
119,Senate,687,2026-02-04,2,28,51,46,-0.002,-0.238,-0.693,0.449,-0.06,PN7262,Nomination Confirmed,"Megan Blair Benton, of Missouri, to be United States District Judge for the Western District of Missouri",On the Nomination,
119,Senate,688,2026-02-04,2,29,50,47,-0.002,-0.238,-0.693,0.449,-0.06,PN7269,Cloture Motion Agreed to,"Brian Charles Lea, of Tennessee, to be United States District Judge for the Western District of Tennessee",On the Cloture Motion,
119,Senate,689,2026-02-05,2,30,50,46,-0.002,-0.238,-0.692,0.45,-0.06,PN7269,Nomination Confirmed,"Brian Charles Lea, of Tennessee, to be United States District Judge for the Western District of Tennessee",On the Nomination,
119,Senate,690,2026-02-05,2,31,51,47,-0.002,-0.238,-0.692,0.45,-0.06,PN72611,Cloture Motion Agreed to,"Justin R. Olson, of Indiana, to be United States District Judge for the Southern District of Indiana",On the Cloture Motion,
119,Senate,691,2026-02-05,2,32,50,47,-0.002,-0.238,-0.692,0.45,-0.06,PN72611,Nomination Confirmed,"Justin R. Olson, of Indiana, to be United States District Judge for the Southern District of Indiana",On the Nomination,
119,Senate,692,2026-02-09,2,33,51,47,-0.002,-0.238,-0.693,0.449,-0.06,PN7264,Cloture Motion Agreed to,"Daniel E. Burrows, of Colorado, to be an Assistant Attorney General",On the Cloture Motion,
119,Senate,693,2026-02-10,2,34,52,46,-0.002,-0.237,-0.693,0.449,-0.06,PN7264,Nomination Confirmed,"Daniel E. Burrows, of Colorado, to be an Assistant Attorney General",On the Nomination,
119,Senate,694,2026-02-10,2,35,47,51,0.127,-0.214,0.644,0.727,-0.578,SJRES95,Motion to Proceed Rejected,"A joint resolution providing for congressional disapproval under chapter 8 of title 5, United States Code, of the rule submitted by the Internal Revenue Service relating to ""Interim Guidance Simplifying Application of the Corporate Alternative Minimum Tax to Partnerships"".",On the Motion to Proceed,
119,Senate,695,2026-02-11,2,36,51,46,-0.002,-0.234,-0.692,0.453,-0.06,HJRES142,Motion to Proceed Agreed to,A joint resolution disapproving the action of the District of Columbia Council in approving the D.C. Income and Franchise Tax Conformity and Revision Temporary Amendment Act of 2025.,On the Motion to Proceed,
119,Senate,696,2026-02-12,2,37,49,47,-0.002,-0.237,-0.692,0.45,-0.06,HJRES142,Joint Resolution Passed,A joint resolution disapproving the action of the District of Columbia Council in approving the D.C. Income and Franchise Tax Conformity and Revision Temporary Amendment Act of 2025.,On the Joint Resolution,
119,Senate,697,2026-02-12,2,38,52,47,-0.077,-0.997,-0.295,0.15,-7.974,HR7147,Cloture Motion Rejected,"A bill making further consolidated appropriations for the fiscal year ending September 30, 2026, and for other purposes.",On the Cloture Motion,
119,Senate,698,2026-02-24,2,39,50,45,-0.118,-0.993,-0.304,0.205,-7.941,HR7147,Cloture on the Motion to Proceed Rejected,"A bill making further consolidated appropriations for the fiscal year ending September 30, 2026, and for other purposes.",On Cloture on the Motion to Proceed,
119,Senate,699,2026-02-25,2,40,50,45,-0.003,-0.245,-0.692,0.454,-0.059,PN73019,Cloture Motion Agreed to,"John DeLeeuw, of Texas, to be a Member of the National Transportation Safety Board for the remainder of the term expiring December 31, 2026",On the Cloture Motion,
119,Senate,700,2026-02-25,2,41,50,45,-0.003,-0.245,-0.692,0.454,-0.059,PN73019,Nomination Confirmed,"John DeLeeuw, of Texas, to be a Member of the National Transportation Safety Board for the remainder of the term expiring December 31, 2026",On the Nomination,
119,Senate,701,2026-02-26,2,42,60,34,-0.259,0.966,-0.486,0.002,-17.067,PN73046,Cloture Motion Agreed to,"Ryan McCormack, of Virginia, to be Under Secretary of Transportation for Policy",On the Cloture Motion,
119,Senate,702,2026-02-26,2,43,57,33,-0.249,0.968,-0.481,0.031,-16.829,PN73046,Nomination Confirmed,"Ryan McCormack, of Virginia, to be Under Secretary of Transportation for Policy",On the Nomination,
119,Senate,703,2026-03-02,2,44,84,6,-0.842,0.54,-0.264,-0.261,-19.319,HR6644,Cloture Motion Agreed to,"A bill a bill to increase the supply of housing in America, and for other purposes.",On the Cloture Motion,
119,Senate,704,2026-03-04,2,45,90,8,-0.997,0.079,-0.829,-2.505,-22.193,HR6644,Motion to Proceed Agreed to,"A bill a bill to increase the supply of housing in America, and for other purposes.",On the Motion to Proceed,
119,Senate,705,2026-03-04,2,46,47,53,-0.332,0.943,0.481,0.776,-5.826,SJRES104,Motion to Discharge Rejected,A joint resolution to direct the removal of United States Armed Forces from hostilities within or against the Islamic Republic of Iran that have not been authorized by Congress.,On the Motion to Discharge,
119,Senate,706,2026-03-05,2,47,51,45,-0.12,0.067,-0.675,-0.563,-1.765,HR7147,Cloture on the Motion to Proceed Rejected,"A bill making further consolidated appropriations for the fiscal year ending September 30, 2026, and for other purposes.",On Cloture on the Motion to Proceed,
119,Senate,707,2026-03-09,2,48,68,28,-0.005,-1.0,-0.265,-0.5,-24.437,PN711,Cloture Motion Agreed to,"Lt. Gen. Joshua M. Rudd, in the Army, to be General",On the Cloture Motion,
119,Senate,708,2026-03-10,2,49,71,29,0.018,-1.0,-0.274,-0.553,-24.675,PN711,Nomination Confirmed,"Lt. Gen. Joshua M. Rudd, in the Army, to be General",On the Nomination,
119,Senate,709,2026-03-10,2,50,89,9,0.538,-0.487,0.112,-0.614,-20.774,HR6644,Cloture Motion Agreed to,In the nature of a substitute.,On the Cloture Motion,
119,Senate,710,2026-03-11,2,51,84,10,0.347,-0.784,0.1,-0.415,-23.717,HR6644,Amendment Agreed to,In the nature of a substitute.,On the Amendment,
119,Senate,711,2026-03-11,2,52,82,11,0.228,-0.682,0.082,-0.507,-25.697,HR6644,Cloture Motion Agreed to,"A bill a bill to increase the supply of housing in America, and for other purposes.",On the Cloture Motion,
119,Senate,712,2026-03-12,2,53,89,10,0.445,-0.485,0.125,-0.663,-19.899,HR6644,Bill Passed,"A bill a bill to increase the supply of housing in America, and for other purposes.",On Passage of the Bill,
119,Senate,713,2026-03-12,2,54,51,46,-0.094,-0.996,-0.299,0.171,-7.908,HR7147,Cloture Motion Rejected,"A bill making further consolidated appropriations for the fiscal year ending September 30, 2026, and for other purposes.",On the Cloture Motion,
119,Senate,714,2026-03-17,2,55,48,45,-0.01,-0.224,-0.692,0.471,-0.043,PN7874,Cloture Motion Agreed to,"Anna St. John, of Louisiana, to be United States District Judge for the Eastern District of Louisiana",On the Cloture Motion,
119,Senate,715,2026-03-17,2,56,51,45,-0.001,-0.234,-0.692,0.454,-0.06,PN7874,Nomination Confirmed,"Anna St. John, of Louisiana, to be United States District Judge for the Eastern District of Louisiana",On the Nomination,
119,Senate,716,2026-03-17,2,57,51,48,0.197,0.98,-0.873,0.211,-2.198,S1383,Motion to Proceed Agreed to,"A bill to establish the Veterans Advisory Committee on Equal Access, and for other purposes.",On the Motion to Proceed,
119,Senate,717,2026-03-18,2,58,47,53,-0.333,0.943,0.48,0.779,-5.825,SJRES118,Motion to Discharge Rejected,A joint resolution to direct the removal of United States Armed Forces from hostilities within or against the Islamic Republic of Iran that have not been authorized by Congress.,On the Motion to Discharge,
119,Senate,718,2026-03-20,2,59,47,37,-0.132,0.093,-0.674,-0.563,-1.64,HR7147,Cloture on the Motion to Proceed Rejected,"A bill making further consolidated appropriations for the fiscal year ending September 30, 2026, and for other purposes.",On Cloture on the Motion to Proceed,
119,Senate,719,2026-03-21,2,60,49,41,-0.01,-0.255,-0.694,0.43,-0.051,S1383,Cloture Motion Rejected,To protect women and girls in athletics.,On the Cloture Motion,
119,Senate,720,2026-03-21,2,61,41,49,-0.01,-0.255,0.694,-0.43,-0.051,S1383,Cloture Motion Rejected,"A bill to establish the Veterans Advisory Committee on Equal Access, and for other purposes.",On the Cloture Motion,
119,Senate,721,2026-03-22,2,62,54,37,-0.056,-0.622,-0.383,-0.277,-5.89,PN858,Cloture Motion Agreed to,"Markwayne Mullin, of Oklahoma, to be Secretary of Homeland Security",On the Cloture Motion,
119,Senate,722,2026-03-23,2,63,54,45,-0.321,0.947,-0.362,-0.48,-10.0,PN858,Nomination Confirmed,"Markwayne Mullin, of Oklahoma, to be Secretary of Homeland Security",On the Nomination,
119,Senate,723,2026-03-23,2,64,51,45,-0.001,-0.232,-0.692,0.455,-0.06,PN7869,Cloture Motion Agreed to,"Colin McDonald, of California, to be an Assistant Attorney General",On the Cloture Motion,
119,Senate,724,2026-03-24,2,65,52,47,-0.001,-0.23,-0.692,0.457,-0.06,PN7869,Nomination Confirmed,"Colin McDonald, of California, to be an Assistant Attorney General",On the Nomination,
119,Senate,725,2026-03-24,2,66,51,47,-0.001,-0.23,-0.692,0.457,-0.06,PN697,Motion to Proceed Agreed to,2 nominations in the Coast Guard beginning with James M. Hurtt and ending with Kelli A. Knight,On the Motion to Proceed,
119,Senate,726,2026-03-24,2,67,53,47,-0.001,-0.23,-0.692,0.457,-0.06,S1383,Motion to Table Agreed to,"A bill to establish the Veterans Advisory Committee on Equal Access, and for other purposes.",On the Motion to Table,
119,Senate,727,2026-03-24,2,68,53,47,-0.001,-0.23,-0.692,0.457,-0.06,S1383,Motion to Table Agreed to,"A bill to establish the Veterans Advisory Committee on Equal Access, and for other purposes.",On the Motion to Table,
119,Senate,728,2026-03-24,2,69,47,53,-0.334,0.943,0.489,0.799,-5.836,SJRES116,Motion to Discharge Rejected,A joint resolution to direct the removal of United States Armed Forces from hostilities within or against the Islamic Republic of Iran that have not been authorized by Congress.,On the Motion to Discharge,
119,Senate,729,2026-03-25,2,70,47,53,-0.001,-0.23,0.692,-0.457,-0.06,SJRES107,Motion to Proceed Rejected,"A joint resolution providing for congressional disapproval under chapter 8 of title 5, United States Code, of the rule submitted by the Internal Revenue Service relating to ""Beginning of Construction Requirements for Purposes of the Termination of Clean Electricity Production Credits and Clean Electricity Investment Credits for Applicable Wind and Solar Facilities"".",On the Motion to Proceed,
119,Senate,730,2026-03-25,2,71,54,46,-0.114,0.064,-0.674,-0.564,-1.838,HR7147,Cloture on the Motion to Proceed Rejected,"A bill making further consolidated appropriations for the fiscal year ending September 30, 2026, and for other purposes.",On Cloture on the Motion to Proceed,
119,Senate,731,2026-03-25,2,72,48,50,0.227,-0.176,0.616,0.86,-0.573,SJRES103,Motion to Proceed Rejected,"A joint resolution providing for congressional disapproval under chapter 8 of title 5, United States Code, of the rule submitted by the Department of Veterans Affairs relating to ""Reproductive Health Services"".",On the Motion to Proceed,
119,Senate,732,2026-03-26,2,73,53,47,-0.001,-0.23,-0.692,0.457,-0.06,S1383,Cloture Motion Rejected,To require voters to provide photo identification.,On the Cloture Motion,
119,Senate,733,2026-03-26,2,74,53,47,-0.102,-0.995,-0.305,0.188,-8.003,HR7147,Cloture on the Motion to Proceed Rejected,"A bill making further consolidated appropriations for the fiscal year ending September 30, 2026, and for other purposes.",On Cloture on the Motion to Proceed,
119,Senate,734,2026-04-13,2,75,50,44,0.002,-0.227,-0.69,0.468,-0.055,PN7873,Cloture Motion Agreed to,"John Thomas Shepherd, of Arkansas, to be United States District Judge for the Western District of Arkansas",On the Cloture Motion,
119,Senate,735,2026-04-14,2,76,53,46,-0.001,-0.227,-0.691,0.461,-0.059,PN7873,Nomination Confirmed,"John Thomas Shepherd, of Arkansas, to be United States District Judge for the Western District of Arkansas",On the Nomination,
119,Senate,736,2026-04-14,2,77,53,45,-0.001,-0.227,-0.691,0.461,-0.059,PN7875,Cloture Motion Agreed to,"Christopher R. Wolfe, of Texas, to be United States District Judge for the Western District of Texas",On the Cloture Motion,
119,Senate,737,2026-04-14,2,78,53,47,-0.001,-0.23,-0.692,0.457,-0.06,PN7875,Nomination Confirmed,"Christopher R. Wolfe, of Texas, to be United States District Judge for the Western District of Texas",On the Nomination,
119,Senate,738,2026-04-15,2,79,47,52,-0.333,0.943,0.487,0.794,-5.836,SJRES123,Motion to Discharge Rejected,A joint resolution to direct the removal of United States Armed Forces from hostilities within or against the Islamic Republic of Iran that have not been authorized by Congress.,On the Motion to Discharge,
119,Senate,739,2026-04-15,2,80,40,59,-0.166,0.351,0.209,0.033,-20.299,SJRES32,Motion to Discharge Rejected,A joint resolution providing for congressional disapproval of the proposed foreign military sale to the Government of Israel of certain defense articles and services.,On the Motion to Discharge,
119,Senate,740,2026-04-15,2,81,36,63,-0.215,0.977,0.264,-0.01,-24.275,SJRES138,Motion to Discharge Rejected,A joint resolution providing for congressional disapproval of the proposed foreign military sale to the Government of Israel of certain defense articles and services.,On the Motion to Discharge,
119,Senate,741,2026-04-15,2,82,51,48,0.127,-0.213,-0.645,-0.722,-0.577,HJRES140,Motion to Table Agreed to,"A joint resolution providing for congressional disapproval under chapter 8 of title 5, United States Code, of the rule submitted by the Bureau of Land Management relating to Public Land Order No. 7917 for Withdrawal of Federal Lands; Cook, Lake, and Saint Louis Counties, MN.",On the Motion to Table,
119,Senate,742,2026-04-15,2,83,51,49,-0.023,0.699,-0.971,-1.35,-4.215,HJRES140,Motion to Proceed Agreed to,"A joint resolution providing for congressional disapproval under chapter 8 of title 5, United States Code, of the rule submitted by the Bureau of Land Management relating to Public Land Order No. 7917 for Withdrawal of Federal Lands; Cook, Lake, and Saint Louis Counties, MN.",On the Motion to Proceed,
119,Senate,743,2026-04-16,2,84,50,49,-0.08,0.997,-0.478,-0.648,-4.312,HJRES140,Joint Resolution Passed,"A joint resolution providing for congressional disapproval under chapter 8 of title 5, United States Code, of the rule submitted by the Bureau of Land Management relating to Public Land Order No. 7917 for Withdrawal of Federal Lands; Cook, Lake, and Saint Louis Counties, MN.",On the Joint Resolution,
119,Senate,744,2026-04-16,2,85,49,48,0.128,-0.214,-0.645,-0.722,-0.578,PN7871,Cloture Motion Agreed to,"Andrew B. Davis, of Texas, to be United States District Judge for the Western District of Texas",On the Cloture Motion,
119,Senate,745,2026-04-20,2,86,47,46,0.181,-0.182,-0.631,-0.806,-0.138,PN7871,Nomination Confirmed,"Andrew B. Davis, of Texas, to be United States District Judge for the Western District of Texas",On the Nomination,
119,Senate,746,2026-04-21,2,87,52,46,-0.002,-0.234,-0.692,0.456,-0.058,SCONRES33,Motion to Proceed Agreed to,A concurrent resolution setting forth the congressional budget for the United States Government for fiscal year 2026 and setting forth the appropriate budgetary levels for fiscal years 2027 through 2035.,On the Motion to Proceed,
119,Senate,747,2026-04-22,2,88,46,51,-0.335,0.942,0.483,0.783,-5.748,SJRES114,Motion to Discharge Rejected,A joint resolution to direct the removal of United States Armed Forces from hostilities within or against the Islamic Republic of Iran that have not been authorized by Congress.,On the Motion to Discharge,
119,Senate,748,2026-04-22,2,89,48,50,0.167,-0.986,0.337,-0.002,-5.909,SCONRES33,Motion Rejected,To create a point of order against reconciliation legislation that does not lower out-of-pocket health care costs while Americans struggle to make ends meet.,On the Motion,
119,Senate,749,2026-04-22,2,90,47,50,0.168,-0.986,0.336,-0.001,-5.908,SCONRES33,Motion Rejected,To establish a deficit-neutral reserve fund relating to grocery costs.,On the Motion,
119,Senate,750,2026-04-22,2,91,49,49,-0.213,0.977,0.32,0.589,-9.468,SCONRES33,Motion Rejected,To create a point of order against reconciliation legislation fails to address the practice of insurance companies stepping between patients and their doctors to delay or deny access to care.,On the Motion,
119,Senate,751,2026-04-22,2,92,98,0,0.0,0.0,0.0,0.0,0.0,SCONRES33,Amendment Agreed to,"To establish a deficit-neutral reserve fund relating to the apprehension and deportation of adult illegal aliens convicted of rape, murder, or sexual abuse of a minor after illegally entering the United States.",On the Amendment,
119,Senate,752,2026-04-22,2,93,48,50,0.167,-0.986,0.337,-0.002,-5.909,SCONRES33,Motion Rejected,To create a point of order against reconciliation legislation that would not increase Federal funding for or participation in school meal programs.,On the Motion,
119,Senate,753,2026-04-22,2,94,47,51,0.128,-0.216,0.645,0.722,-0.577,SCONRES33,Motion Rejected,To establish a deficit-neutral reserve fund relating to ensuring that consumers are protected from price increases associated with tariffs and the Iran war.,On the Motion,
119,Senate,754,2026-04-22,2,95,47,51,0.128,-0.216,0.645,0.722,-0.577,SCONRES33,Motion Rejected,To establish a deficit-neutral reserve fund relating to increasing funding for child care for families.,On the Motion,
119,Senate,755,2026-04-23,2,96,48,50,0.252,0.112,-0.614,-1.277,-5.198,SCONRES33,Motion Rejected,"To provide reconciliation instructions for the Committee on Rules and Administration and establish deficit-neutral reserve funds relating to establishing identification requirements for registration to vote in elections for Federal office, establishing photo identification requirements for voting in elections for Federal office, and election day and the counting of ballots in Federal elections.",On the Motion,
119,Senate,756,2026-04-23,2,97,50,48,0.23,-0.172,-0.616,-0.862,-0.545,SCONRES33,Motion Rejected,To establish a deficit-neutral reserve fund relating to extending the prohibition on Medicaid payments to abortion providers.,On the Motion,
119,Senate,757,2026-04-23,2,98,48,50,0.167,-0.986,0.337,-0.002,-5.909,SCONRES33,Motion Rejected,To create a point of order against legislation that would not decrease home electricity bills.,On the Motion,
119,Senate,758,2026-04-23,2,99,25,73,0.388,0.922,-0.281,-0.341,-26.899,SCONRES33,Amendment Rejected,"To reduce new budget authority for functions 150, 250, 500, and 600 in order to offset $70,000,000,000 of new spending by cutting $45,000,000,000 of foreign aid, eliminating $5,000,000,000 in refugee spending, cutting $16,000,000,000 from the Department of Education, and cutting $4,000,000,000 of National Science Foundation funding.",On the Amendment,
119,Senate,759,2026-04-23,2,100,46,52,-0.002,-0.234,0.692,-0.455,-0.058,SCONRES33,Amendment Rejected,To establish a deficit-neutral reserve fund relating to the impacts of hedge fund ownership of single-family homes and rent prices.,On the Amendment,
119,Senate,760,2026-04-23,2,101,49,49,-0.213,0.977,0.32,0.589,-9.468,SCONRES33,Motion Rejected,To reduce the price of prescription drugs in the United States by more than 50 percent by adopting Most Favored Nation drug pricing so that the American people pay no more for prescription drugs than Europeans or Canadians.,On the Motion,
119,Senate,761,2026-04-23,2,102,46,52,-0.002,-0.234,0.692,-0.455,-0.058,SCONRES33,Motion Rejected,To create a point of order against reconciliation legislation that would provide funding to Federal agencies that have unobligated funds from previous reconciliation bills.,On the Motion,
119,Senate,762,2026-04-23,2,103,48,50,0.167,-0.986,0.337,-0.002,-5.909,SCONRES33,Amendment Rejected,"To establish a deficit-neutral reserve fund relating to requiring the Comptroller General of the United States to conduct a study related to economic consequences of private or confidential drug pricing agreements struck by any Federal department, agency, or office with any pharmaceutical manufacturer.",On the Amendment,
119,Senate,763,2026-04-23,2,104,49,49,-0.211,0.896,0.445,1.001,-6.744,SCONRES33,Amendment Rejected,To establish a deficit-neutral reserve fund relating to requiring the obligation of amounts appropriated to the Federal Emergency Management Agency to carry out the public assistance and hazard mitigation programs.,On the Amendment,
119,Senate,764,2026-04-23,2,105,50,48,-0.264,0.964,-0.463,-0.851,-5.703,SCONRES33,Concurrent Resolution Agreed to,A concurrent resolution setting forth the congressional budget for the United States Government for fiscal year 2026 and setting forth the appropriate budgetary levels for fiscal years 2027 through 2035.,On the Concurrent Resolution,
119,Senate,765,2026-04-27,2,106,54,37,-0.22,-0.063,-0.699,0.32,-10.307,PN73014,Cloture Motion Agreed to,"Robert Cekada, of Florida, to be Director, Bureau of Alcohol, Tobacco, Firearms, and Explosives",On the Cloture Motion,
119,Senate,766,2026-04-28,2,107,52,47,-0.001,-0.231,-0.692,0.459,-0.06,SRES690,Motion to Proceed Agreed to,An executive resolution authorizing the en bloc consideration in Executive Session of certain nominations on the Executive Calendar.,On the Motion to Proceed,
119,Senate,767,2026-04-28,2,108,51,47,-0.349,0.937,-0.526,-1.031,-5.81,SJRES124,Point of Order Well Taken,A joint resolution to direct the removal of United States Armed Forces from hostilities within or against the Republic of Cuba that have not been authorized by Congress.,On the Point of Order,
119,Senate,768,2026-04-29,2,109,59,39,-0.222,0.011,-0.706,0.196,-10.83,PN73014,Nomination Confirmed,"Robert Cekada, of Florida, to be Director, Bureau of Alcohol, Tobacco, Firearms, and Explosives",On the Nomination,
119,Senate,769,2026-04-29,2,110,46,52,-0.001,-0.23,0.691,-0.459,-0.06,SJRES139,Motion to Proceed Rejected,"A joint resolution providing for congressional disapproval under chapter 8 of title 5, United States Code, of the rule submitted by the Environmental Protection Agency relating to ""Air Plan Disapproval; Colorado; Regional Haze Plan for the Second Implementation Period"".",On the Motion to Proceed,
119,Senate,770,2026-04-29,2,111,47,50,0.178,0.984,0.899,-0.149,-2.206,SJRES99,Motion to Proceed Rejected,"A joint resolution providing for congressional disapproval under chapter 8 of title 5, United States Code, of the rule submitted by U.S. Citizenship and Immigration Services relating to ""Removal of the Automatic Extension of Employment Authorization Documents"".",On the Motion to Proceed,
119,Senate,771,2026-04-30,2,112,51,46,-0.001,-0.23,-0.691,0.461,-0.06,SRES690,Cloture Motion Agreed to,An executive resolution authorizing the en bloc consideration in Executive Session of certain nominations on the Executive Calendar.,On the Cloture Motion,
119,Senate,772,2026-04-30,2,113,47,50,-0.347,0.938,0.528,1.038,-5.85,SJRES184,Motion to Discharge Rejected,A joint resolution to direct the removal of United States Armed Forces from hostilities within or against the Islamic Republic of Iran that have not been authorized by Congress.,On the Motion to Discharge,
119,Senate,773,2026-05-11,2,114,46,45,0.001,-0.23,-0.689,0.476,-0.055,SRES690,Resolution Agreed to,An executive resolution authorizing the en bloc consideration in Executive Session of certain nominations on the Executive Calendar.,On the Resolution,
119,Senate,774,2026-05-11,2,115,49,44,-0.162,0.329,-0.715,-0.161,-4.767,PN8552,Cloture Motion Agreed to,"Kevin Warsh, of Florida, to be a Member of the Board of Governors of the Federal Reserve System for a term of fourteen years from February 1, 2026",On the Cloture Motion,
119,Senate,775,2026-05-12,2,116,51,45,-0.116,0.074,-0.674,-0.564,-1.819,PN8552,Nomination Confirmed,"Kevin Warsh, of Florida, to be a Member of the Board of Governors of the Federal Reserve System for a term of fourteen years from February 1, 2026",On the Nomination,
119,Senate,776,2026-05-12,2,117,51,45,-0.116,0.074,-0.674,-0.564,-1.819,PN8551,Cloture Motion Agreed to,"Kevin Warsh, of Florida, to be Chairman of the Board of Governors of the Federal Reserve System for a term of four years",On the Cloture Motion,
119,Senate,777,2026-05-13,2,118,49,50,-0.252,0.615,0.476,1.295,-6.593,SJRES163,Motion to Discharge Rejected,A joint resolution to direct the removal of United States Armed Forces from hostilities within or against the Islamic Republic of Iran that have not been authorized by Congress.,On the Motion to Discharge,
119,Senate,778,2026-05-13,2,119,99,0,0.0,0.0,0.0,0.0,0.0,SRES526,Cloture on the Motion to Proceed Agreed to,A resolution withholding the pay of Senators if a Government shutdown occurs.,On Cloture on the Motion to Proceed,
119,Senate,779,2026-05-13,2,120,54,45,-0.113,0.068,-0.672,-0.58,-1.833,PN8551,Nomination Confirmed,"Kevin Warsh, of Florida, to be Chairman of the Board of Governors of the Federal Reserve System for a term of four years",On the Nomination,
119,Senate,780,2026-05-13,2,121,48,52,0.128,-0.215,0.646,0.717,-0.578,SJRES132,Motion to Proceed Rejected,"A joint resolution providing for congressional disapproval under chapter 8 of title 5, United States Code, of the rule submitted by the Bureau of Consumer Financial Protection relating to the withdrawal of the rule relating to ""Examinations for Risks to Active-Duty Servicemembers and Their Covered Dependents"".",On the Motion to Proceed,
119,Senate,781,2026-05-13,2,122,50,50,-0.282,0.959,0.504,1.14,-8.247,SJRES141,Motion to Proceed Rejected,"A joint resolution providing for congressional disapproval under chapter 8 of title 5, United States Code, of the rule submitted by Bureau of Consumer Financial Protection relating to the withdrawal of the rule relating to ""Debt Collection Practices (Regulation F); Deceptive and Unfair Collection of Medical Debt"".",On the Motion to Proceed,
119,Senate,782,2026-05-13,2,123,47,53,-0.0,-0.228,0.691,-0.462,-0.06,SJRES130,Motion to Proceed Rejected,"A joint resolution providing for congressional disapproval under chapter 8 of title 5, United States Code, of the rule submitted by the Bureau of Consumer Financial Protection relating to withdrawal of the rule relating to ""Consumer Financial Protection Circular 2024-05: Improper Overdraft Opt-In Practices"".",On the Motion to Proceed,
119,Senate,783,2026-05-14,2,124,51,46,-0.0,-0.229,-0.691,0.463,-0.06,PN8061,Cloture Motion Agreed to,"Andrew Benson, of Maine, to be United States Attorney for the District of Maine for the term of four years; and William Boyle, of North Carolina, to be United States Attorney for the Eastern District of North Carolina for the term of four years; and Kevin Holmes, of Arkansas, to be United States Attorney for the Western District of Arkansas for the term of four years; and Brian David Miller, of Pennsylvania, to be United States Attorney for the Middle District of Pennsylvania for the term of four years; and Richard Price, of Missouri, to be United States Attorney for the Western District of Missouri for the term of four years; and Darin Smith, of Wyoming, to be United States Attorney for the District of Wyoming for the term of four years; and Gregory LoGerfo, of Massachusetts, to be Coordinator for Counterterrorism, with the rank and status of Ambassador at Large; and Eric Meyer, of California, to be Ambassador to the Democratic Socialist Republic of Sri Lanka; and Jennifer Wicks McNamara, of Virginia, to be Ambassador to the Socialist Republic of Vietnam; and Frank Weiland, of the District of Columbia, to be an Assistant Secretary of State (International Narcotics and Law Enforcement Affairs); and Daniel Edwards, of North Carolina, to be an Assistant Secretary of Transportation; and Steven Haines, of Virginia, to be an Assistant Secretary of Commerce; and Robert Harvey, of Florida, to be a Federal Maritime Commissioner for a term expiring June 30, 2029; and Thomas Govan, Jr., of Alabama, to be United States Attorney for the Middle District of Alabama for the term of four years; and Zachary Keller, of Louisiana, to be United States Attorney for the Western District of Louisiana for the term of four years; and Ryan Raybould, of Texas, to be United States Attorney for the Northern District of Texas for the term of four years; and Gregory Gilmore, of Illinois, to be United States Attorney for the Central District of Illinois for the term of four years; and Douglas Weaver, of Maryland, to be a Member of the Nuclear Regulatory Commission for the term of five years expiring June 30, 2031; and Stevan Pearce, of New Mexico, to be Director of the Bureau of Land Management; and David LaCerte, of Louisiana, to be a Member of the Federal Energy Regulatory Commission for a term expiring June 30, 2031; and Kyle Haustveit, of North Dakota, to be Under Secretary of Energy; and Robert Rotter, of Iowa, to be United States Marshal for the Northern District of Iowa for the term of four years; and Daniel Satterlee, of South Dakota, to be United States Marshal for the District of South Dakota for the term of four years; and David St. Pierre, of Maine, to be United States Marshal for the District of Maine for the term of four years; and Brian Birdwell, of Texas, to be an Assistant Secretary of Defense; and Mark Ditlevson, of Minnesota, to be an Assistant Secretary of Defense; and Lee Lipton, of Florida, to be Ambassador to the Republic of the Philippines; and William Long, of Missouri, to be Ambassador to the Republic of Iceland; and Jared Novelly, of Missouri, to be Ambassador to New Zealand, and to serve concurrently and without additional compensation as Ambassador to the Independent State of Samoa, the Cook Islands, and Niue; and Robert Sweeney, of Texas, to be United States Director of the Asian Development Bank, with the rank of Ambassador; and Asel Roberts, of Virginia, to be Ambassador to the Republic of Slovenia; and Wesley Brooks, of Florida, to be Assistant Secretary of State for Oceans and International Environmental and Scientific Affairs; and Frank Garcia, of Virginia, to be an Assistant Secretary of State (African Affairs); and Matthew Anderson, of Colorado, to be Deputy Administrator of the National Aeronautics and Space Administration; and Michael Graham, of Virginia, to be a Member of the National Transportation Safety Board for a term expiring December 31, 2030; and Richard Kloster, of West Virginia, to be a Member of the Surface Transportation Board for a term expiring December 31, 2028; and Seval Oz, of California, to be an Assistant Secretary of Transportation; and Arvind Raman, of Indiana, to be Under Secretary of Commerce for Standards and Technology; and Melissa Holyoak, of Utah, to be United States Attorney for the District of Utah for the term of four years; and Phillip Williams, Jr., of Alabama, to be United States Attorney for the Northern District of Alabama for the term of four years; and James Bishop, of North Carolina, to be United States Attorney for the Middle District of North Carolina for the term of four years; and Brian Barber, of Louisiana, to be United States Marshal for the Western District of Louisiana for the term of four years; and Steven Lewis, of Missouri, to be United States Marshal for the Eastern District of Missouri, for the term of four years; and Priscilla Lopez, of Florida, to be United States Marshal for the Southern District of Florida for the term of four years; and Brian Gootkin, of Montana, to be United States Marshal for the District of Montana for the term of four years; and James Stuart, of Minnesota, to be United States Marshal for the District of Minnesota for the term of four years; and Yeouk Kim, of Texas, to be Representative of the United States of America to the Association of Southeast Asian Nations, with the rank and status of Ambassador; and Ademola Adewale-Sadik, of New York, to be United States Director of the African Development Bank for a term of five years; and Catherine Dillon, of Maryland, to be an Assistant Secretary of State (Educational and Cultural Affairs)",On the Cloture Motion,
119,Senate,784,2026-05-18,2,125,46,43,-0.007,-0.256,-0.694,0.436,-0.055,PN7261,Nomination Confirmed,"Catherine Dillon, of Maryland, to be an Assistant Secretary of State (Educational and Cultural Affairs); and Ademola Adewale-Sadik, of New York, to be United States Director of the African Development Bank for a term of five years; and Yeouk Kim, of Texas, to be Representative of the United States of America to the Association of Southeast Asian Nations, with the rank and status of Ambassador; and James Stuart, of Minnesota, to be United States Marshal for the District of Minnesota for the term of four years; and Brian Gootkin, of Montana, to be United States Marshal for the District of Montana for the term of four years; and Priscilla Lopez, of Florida, to be United States Marshal for the Southern District of Florida for the term of four years; and Steven Lewis, of Missouri, to be United States Marshal for the Eastern District of Missouri, for the term of four years; and Brian Barber, of Louisiana, to be United States Marshal for the Western District of Louisiana for the term of four years; and James Bishop, of North Carolina, to be United States Attorney for the Middle District of North Carolina for the term of four years; and Phillip Williams, Jr., of Alabama, to be United States Attorney for the Northern District of Alabama for the term of four years; and Melissa Holyoak, of Utah, to be United States Attorney for the District of Utah for the term of four years; and Arvind Raman, of Indiana, to be Under Secretary of Commerce for Standards and Technology; and Seval Oz, of California, to be an Assistant Secretary of Transportation; and Richard Kloster, of West Virginia, to be a Member of the Surface Transportation Board for a term expiring December 31, 2028; and Michael Graham, of Virginia, to be a Member of the National Transportation Safety Board for a term expiring December 31, 2030; and Matthew Anderson, of Colorado, to be Deputy Administrator of the National Aeronautics and Space Administration; and Frank Garcia, of Virginia, to be an Assistant Secretary of State (African Affairs); and Wesley Brooks, of Florida, to be Assistant Secretary of State for Oceans and International Environmental and Scientific Affairs; and Asel Roberts, of Virginia, to be Ambassador to the Republic of Slovenia; and Robert Sweeney, of Texas, to be United States Director of the Asian Development Bank, with the rank of Ambassador; and Jared Novelly, of Missouri, to be Ambassador to New Zealand, and to serve concurrently and without additional compensation as Ambassador to the Independent State of Samoa, the Cook Islands, and Niue; and William Long, of Missouri, to be Ambassador to the Republic of Iceland; and Lee Lipton, of Florida, to be Ambassador to the Republic of the Philippines; and Mark Ditlevson, of Minnesota, to be an Assistant Secretary of Defense; and Brian Birdwell, of Texas, to be an Assistant Secretary of Defense; and David St. Pierre, of Maine, to be United States Marshal for the District of Maine for the term of four years; and Daniel Satterlee, of South Dakota, to be United States Marshal for the District of South Dakota for the term of four years; and Robert Rotter, of Iowa, to be United States Marshal for the Northern District of Iowa for the term of four years; and Kyle Haustveit, of North Dakota, to be Under Secretary of Energy; and David LaCerte, of Louisiana, to be a Member of the Federal Energy Regulatory Commission for a term expiring June 30, 2031; and Stevan Pearce, of New Mexico, to be Director of the Bureau of Land Management; and Douglas Weaver, of Maryland, to be a Member of the Nuclear Regulatory Commission for the term of five years expiring June 30, 2031; and Gregory Gilmore, of Illinois, to be United States Attorney for the Central District of Illinois for the term of four years; and Ryan Raybould, of Texas, to be United States Attorney for the Northern District of Texas for the term of four years; and Zachary Keller, of Louisiana, to be United States Attorney for the Western District of Louisiana for the term of four years; and Thomas Govan, Jr., of Alabama, to be United States Attorney for the Middle District of Alabama for the term of four years; and Robert Harvey, of Florida, to be a Federal Maritime Commissioner for a term expiring June 30, 2029; and Steven Haines, of Virginia, to be an Assistant Secretary of Commerce; and Daniel Edwards, of North Carolina, to be an Assistant Secretary of Transportation; and Frank Weiland, of the District of Columbia, to be an Assistant Secretary of State (International Narcotics and Law Enforcement Affairs); and Jennifer Wicks McNamara, of Virginia, to be Ambassador to the Socialist Republic of Vietnam; and Eric Meyer, of California, to be Ambassador to the Democratic Socialist Republic of Sri Lanka; and Gregory LoGerfo, of Massachusetts, to be Coordinator for Counterterrorism, with the rank and status of Ambassador at Large; and Darin Smith, of Wyoming, to be United States Attorney for the District of Wyoming for the term of four years; and Richard Price, of Missouri, to be United States Attorney for the Western District of Missouri for the term of four years; and Brian David Miller, of Pennsylvania, to be United States Attorney for the Middle District of Pennsylvania for the term of four years; and Kevin Holmes, of Arkansas, to be United States Attorney for the Western District of Arkansas for the term of four years; and William Boyle, of North Carolina, to be United States Attorney for the Eastern District of North Carolina for the term of four years; and Andrew Benson, of Maine, to be United States Attorney for the District of Maine for the term of four years",On the Nomination,
119,Senate,785,2026-05-19,2,126,57,38,-0.215,0.276,-0.26,-0.05,-18.684,PN8511,Cloture Motion Agreed to,"Sheria Akins Clarke, of South Carolina, to be United States District Judge for the District of South Carolina",On the Cloture Motion,
119,Senate,786,2026-05-19,2,127,52,38,-0.214,0.243,-0.257,-0.049,-18.68,PN8511,Nomination Confirmed,"Sheria Akins Clarke, of South Carolina, to be United States District Judge for the District of South Carolina",On the Nomination,
119,Senate,787,2026-05-19,2,128,50,47,-0.0,-0.228,-0.691,0.462,-0.06,PN8516,Cloture Motion Agreed to,"Evan Rikhye, of the Virgin Islands, to be Judge for the District Court of the Virgin Islands for a term of ten years",On the Cloture Motion,
119,Senate,788,2026-05-19,2,129,50,47,-0.231,0.602,0.579,1.78,-9.562,SJRES185,Motion to Discharge Agreed to,A joint resolution to direct the removal of United States Armed Forces from hostilities within or against the Islamic Republic of Iran that have not been authorized by Congress.,On the Motion to Discharge,
119,Senate,789,2026-05-20,2,130,52,47,-0.0,-0.228,-0.691,0.462,-0.06,PN8516,Nomination Confirmed,"Evan Rikhye, of the Virgin Islands, to be Judge for the District Court of the Virgin Islands for a term of ten years",On the Nomination,
119,Senate,790,2026-06-01,2,131,50,44,-0.007,-0.257,-0.694,0.432,-0.056,PN8513,Cloture Motion Agreed to,"Kathleen S. Lane, of Montana, to be United States District Judge for the District of Montana",On the Cloture Motion,
119,Senate,791,2026-06-02,2,132,52,46,-0.001,-0.226,-0.69,0.468,-0.059,PN8513,Nomination Confirmed,"Kathleen S. Lane, of Montana, to be United States District Judge for the District of Montana",On the Nomination,
119,Senate,792,2026-06-02,2,133,52,46,-0.001,-0.226,-0.69,0.468,-0.059,PN8512,Cloture Motion Agreed to,"Jeffrey M. Kuhlman, of Kansas, to be United States District Judge for the District of Kansas",On the Cloture Motion,
119,Senate,793,2026-06-02,2,134,52,46,-0.001,-0.226,-0.69,0.468,-0.059,PN8512,Nomination Confirmed,"Jeffrey M. Kuhlman, of Kansas, to be United States District Judge for the District of Kansas",On the Nomination,
119,Senate,794,2026-06-03,2,135,46,53,-0.001,-0.225,0.691,-0.465,-0.059,SJRES188,Motion to Proceed Rejected,"A joint resolution providing for congressional disapproval under chapter 8 of title 5, United States Code, of the rule submitted by the Environmental Protection Agency relating to ""National Emission Standards for Hazardous Air Pollutants: Coal- and Oil-Fired Electric Utility Steam Generating Units: Final Repeal"".",On the Motion to Proceed,
119,Senate,795,2026-06-03,2,136,53,46,-0.001,-0.225,-0.691,0.465,-0.059,S2,Motion to Proceed Agreed to,An original bill to provide for reconciliation pursuant to title II of S. Con. Res. 33.,On the Motion to Proceed,
119,Senate,796,2026-06-04,2,137,49,50,0.026,-1.0,0.34,-0.263,-8.708,S2,Motion Rejected,An original bill to provide for reconciliation pursuant to title II of S. Con. Res. 33.,On the Motion,
119,Senate,797,2026-06-04,2,138,15,84,-0.058,-0.998,-0.027,0.304,-44.01,S2,Motion Rejected,To reallocate funds that would have been used for the Anti-Weaponization Fund to fraud enforcement.,On the Motion,
119,Senate,798,2026-06-04,2,139,53,46,0.289,-0.957,0.282,0.003,-15.206,S2,Motion Rejected,"To provide a clarification relating to, and to prohibit the use of funds for, the White House Ballroom.",On the Motion,
119,Senate,799,2026-06-04,2,140,46,53,-0.001,-0.225,0.691,-0.466,-0.059,S2,Motion Rejected,To provide funding for the HOME Investment Partnerships program.,On the Motion,
119,Senate,800,2026-06-04,2,141,47,50,0.128,-0.215,0.647,0.714,-0.577,S2,Motion Rejected,An original bill to provide for reconciliation pursuant to title II of S. Con. Res. 33.,On the Motion,
119,Senate,801,2026-06-04,2,142,46,52,-0.001,-0.225,0.691,-0.466,-0.059,S2,Motion Rejected,"To help build 7,000,000 new homes.",On the Motion,
119,Senate,802,2026-06-04,2,143,49,49,0.025,0.495,0.645,1.423,-4.678,S2,Motion Rejected,To prohibit an individual from acting as Director of National Intelligence if such individual is simultaneously serving as the head of any other Federal department or agency.,On the Motion,
119,Senate,803,2026-06-04,2,144,48,50,0.224,0.158,-0.648,-1.355,-5.504,S2,Motion Rejected,"To ensure only citizens are registered to vote in elections for Federal office, and to require voters to provide photo identification, and for other purposes.",On the Motion,
119,Senate,804,2026-06-04,2,145,51,47,0.212,0.236,0.275,0.501,-9.636,S2,Motion Rejected,To prohibit the distribution of Federal funds to individuals convicted of certain crimes.,On the Motion,
119,Senate,805,2026-06-04,2,146,46,53,-0.001,-0.225,0.691,-0.466,-0.059,S2,Motion Rejected,To make appropriations for the conduct of inspections of the Delaney Hall Detention Facility.,On the Motion,
119,Senate,806,2026-06-04,2,147,46,52,0.129,-0.217,0.647,0.714,-0.578,S2,Motion Rejected,An original bill to provide for reconciliation pursuant to title II of S. Con. Res. 33.,On the Motion,
119,Senate,807,2026-06-04,2,148,45,53,-0.001,-0.225,0.691,-0.466,-0.059,S2,Motion Rejected,To place reasonable limits on contributions to Super PACs which make independent expenditures.,On the Motion,
119,Senate,808,2026-06-04,2,149,46,53,-0.001,-0.225,0.691,-0.466,-0.059,S2,Motion Rejected,To redirect funding for U.S. Immigration and Customs Enforcement to the Child Care and Development Block Grant program.,On the Motion,
119,Senate,809,2026-06-04,2,150,46,53,-0.001,-0.225,0.691,-0.466,-0.059,S2,Motion Rejected,To support the work performed by the Immigration Detention Ombudsman.,On the Motion,
119,Senate,810,2026-06-05,2,151,50,49,0.13,0.991,-0.315,-0.144,-8.163,S2,Motion Rejected,"To ensure only citizens are registered to vote in elections for Federal office, and to require voters to provide photo identification.",On the Motion,
119,Senate,811,2026-06-05,2,152,48,51,0.227,-0.176,0.616,0.861,-0.574,S2,Motion Rejected,"To repurpose funds previously appropriated for U.S. Immigration and Customs Enforcement for the timely processing of DACA applications and related employment authorization documents and to prohibit the use of funds to arrest, detain, deport, or remove DACA recipients.",On the Motion,
119,Senate,812,2026-06-05,2,153,48,51,0.158,-0.988,0.345,-0.019,-5.976,S2,Motion Rejected,An original bill to provide for reconciliation pursuant to title II of S. Con. Res. 33.,On the Motion,
119,Senate,813,2026-06-05,2,154,46,53,-0.001,-0.224,0.691,-0.466,-0.059,S2,Amendment Rejected,To transfer amounts for youth mentoring programs of the Department of Justice.,On the Amendment,
119,Senate,814,2026-06-05,2,155,46,53,-0.001,-0.224,0.691,-0.466,-0.059,S2,Amendment Rejected,To rescind unobligated balances under the One Big Beautiful Bill Act.,On the Amendment,
119,Senate,815,2026-06-05,2,156,47,52,0.179,0.984,0.902,-0.15,-2.206,S2,Amendment Rejected,To make funds available for the timely adjudication of DACA renewal applications.,On the Amendment,
119,Senate,816,2026-06-05,2,157,46,53,-0.001,-0.224,0.691,-0.466,-0.059,S2,Amendment Rejected,To make appropriations for transparency and accountability.,On the Amendment,
119,Senate,817,2026-06-05,2,158,54,45,0.29,-0.957,0.248,-0.004,-18.639,S2,Motion Rejected,"To prohibit the Department of Justice from using taxpayer funds to make settlement payments to individuals convicted of assaulting law enforcement officers on January 6, 2021.",On the Motion,
119,Senate,818,2026-06-05,2,159,52,47,0.297,-0.955,0.292,0.039,-13.785,S2,Motion Rejected,"To provide compensation to law enforcement officers who defended the United States Capitol during the events that occurred at or near the United States Capitol on January 6, 2021, and for other purposes.",On the Motion,
119,Senate,819,2026-06-05,2,160,45,53,-0.001,-0.224,0.691,-0.465,-0.059,S2,Amendment Rejected,To appropriate amounts for local law enforcement hiring programs.,On the Amendment,
119,Senate,820,2026-06-05,2,161,53,46,0.201,-0.98,0.247,-0.079,-17.473,S2,Motion Rejected,To prohibit the use of funds to provide payments to certain individuals.,On the Motion,
119,Senate,821,2026-06-05,2,162,51,48,0.226,0.202,0.277,0.484,-9.68,S2,Motion Rejected,"To provide for limitations on judgments, awards, and compromise settlements under section 1304 of title 31, United States Code.",On the Motion,
119,Senate,822,2026-06-05,2,163,52,47,0.197,0.98,-0.855,0.207,-2.206,S2,Bill Passed,An original bill to provide for reconciliation pursuant to title II of S. Con. Res. 33.,On Passage of the Bill,
119,Senate,823,2026-06-05,2,164,47,52,-0.439,0.898,-0.306,-0.86,-19.728,S1318,Motion to Proceed Rejected,"A bill to direct the American Battle Monuments Commission to establish a program to identify American-Jewish servicemembers buried in United States military cemeteries overseas under markers that incorrectly represent their religion and heritage, and for other purposes.",On the Motion to Proceed,
119,Senate,824,2026-06-08,2,165,49,42,-0.007,-0.251,-0.693,0.44,-0.056,PN8514,Cloture Motion Agreed to,"Anthony W. Mattivi, of Kansas, to be United States District Judge for the District of Kansas",On the Cloture Motion,
119,Senate,825,2026-06-09,2,166,51,46,-0.001,-0.224,-0.691,0.465,-0.059,PN8514,Nomination Confirmed,"Anthony W. Mattivi, of Kansas, to be United States District Judge for the District of Kansas",On the Nomination,
119,Senate,826,2026-06-10,2,167,48,45,-0.001,-0.224,-0.691,0.465,-0.059,PN8515,Cloture Motion Agreed to,"Anthony J. Powell, of Kansas, to be United States District Judge for the District of Kansas",On the Cloture Motion,
119,Senate,827,2026-06-10,2,168,50,44,-0.002,-0.221,-0.69,0.468,-0.056,PN8515,Nomination Confirmed,"Anthony J. Powell, of Kansas, to be United States District Judge for the District of Kansas",On the Nomination,
119,Senate,828,2026-06-10,2,169,51,44,-0.15,-0.372,-0.69,0.589,-3.149,PN9014,Cloture Motion Agreed to,"Brock Dahl, of Maryland, to be Legal Adviser of the Department of State",On the Cloture Motion,
119,Senate,829,2026-06-11,2,170,49,44,-0.155,-0.372,-0.686,0.612,-3.064,PN9014,Nomination Confirmed,"Brock Dahl, of Maryland, to be Legal Adviser of the Department of State",On the Nomination,
119,Senate,830,2026-06-11,2,171,47,43,-0.003,-0.217,-0.69,0.474,-0.055,PN8517,Cloture Motion Agreed to,"Justin D. Smith, of Missouri, to be United States Circuit Judge for the Eighth Circuit",On the Cloture Motion,
119,Senate,831,2026-06-15,2,172,48,43,0.141,0.99,-0.99,0.019,-2.198,PN8517,Nomination Confirmed,"Justin D. Smith, of Missouri, to be United States Circuit Judge for the Eighth Circuit",On the Nomination,
119,Senate,832,2026-06-16,2,173,46,48,0.228,-0.175,0.616,0.86,-0.567,SJRES190,Motion to Proceed Rejected,"A joint resolution providing for congressional disapproval under chapter 8 of title 5, United States Code, of the rule submitted by the Executive Office for Immigration Review relating to ""Appellate Procedures for the Board of Immigration Appeals"".",On the Motion to Proceed,
119,Senate,833,2026-06-16,2,174,47,48,-0.23,0.593,0.558,1.723,-9.706,SJRES172,Motion to Discharge Rejected,A joint resolution to direct the removal of United States Armed Forces from hostilities within or against the Islamic Republic of Iran that have not been authorized by Congress.,On the Motion to Discharge,
119,Senate,834,2026-06-16,2,175,87,8,0.382,-0.509,0.354,-1.826,-10.046,HR6644,Motion to Proceed Agreed to,"A bill a bill to increase the supply of housing in America, and for other purposes.",On the Motion to Proceed,
119,Senate,835,2026-06-17,2,176,54,41,-0.186,-0.253,-0.684,0.483,-5.327,PN9018,Cloture Motion Agreed to,"Michelle Steel, of California, to be Ambassador to the Republic of Korea",On the Cloture Motion,
119,Senate,836,2026-06-17,2,177,55,39,-0.187,-0.255,-0.684,0.482,-5.322,PN9018,Nomination Confirmed,"Michelle Steel, of California, to be Ambassador to the Republic of Korea",On the Nomination,
119,Senate,837,2026-06-17,2,178,54,41,-0.195,-0.49,-0.7,0.51,-5.28,PN73033,Cloture Motion Agreed to,"George Holding, of North Carolina, to be United States Director of the European Bank for Reconstruction and Development",On the Cloture Motion,
119,Senate,838,2026-06-17,2,179,44,50,-0.068,0.973,0.357,0.436,-5.406,SRES616,Motion to Discharge Rejected,A resolution requesting information on Honduras's human rights practices pursuant to section 502B(c) of the Foreign Assistance Act of 1961.,On the Motion to Discharge,
119,Senate,839,2026-06-18,2,180,84,8,0.208,-0.708,0.199,-1.172,-11.952,HR6644,Cloture Motion Agreed to,"A bill a bill to increase the supply of housing in America, and for other purposes.",On the Cloture Motion,
119,Senate,840,2026-06-18,2,181,48,39,-0.15,-0.365,-0.685,0.598,-3.134,PN73033,Nomination Confirmed,"George Holding, of North Carolina, to be United States Director of the European Bank for Reconstruction and Development",On the Nomination,
119,Senate,841,2026-06-22,2,182,85,5,0.383,-0.877,0.283,-1.038,-6.666,HR6644,Motion Agreed to,"A bill a bill to increase the supply of housing in America, and for other purposes.",On the Motion,
119,Senate,842,2026-06-23,2,183,67,30,-0.342,0.94,-0.538,-0.094,-21.821,PN8593,Nomination Confirmed,"Darrell Owens, of Pennsylvania, to be U.S. Representative to the Organization for Security and Cooperation in Europe, with the rank of Ambassador",On the Nomination,
119,Senate,843,2026-06-23,2,184,50,48,-0.207,0.549,0.547,1.724,-9.806,HCONRES86,Concurrent Resolution Agreed to,"A concurrent resolution directing the President, pursuant to section 5(c) of the War Powers Resolution, to remove United States Armed Forces from hostilities with Iran.",On the Concurrent Resolution,
119,Senate,844,2026-06-24,2,185,52,45,-0.002,-0.227,-0.691,0.461,-0.059,PN9307,Cloture Motion Agreed to,"John George Edward Marck, of Texas, to be United States District Judge for the Southern District of Texas",On the Cloture Motion,
119,Senate,845,2026-06-24,2,186,52,45,-0.002,-0.227,-0.691,0.461,-0.059,PN9307,Nomination Confirmed,"John George Edward Marck, of Texas, to be United States District Judge for the Southern District of Texas",On the Nomination,
119,Senate,846,2026-06-24,2,187,52,45,-0.002,-0.227,-0.691,0.461,-0.059,PN9302,Cloture Motion Agreed to,"Michael J. Hendershot, of Ohio, to be United States District Judge for the Northern District of Ohio",On the Cloture Motion,
119,Senate,847,2026-06-24,2,188,50,44,-0.002,-0.228,-0.691,0.461,-0.059,PN9302,Nomination Confirmed,"Michael J. Hendershot, of Ohio, to be United States District Judge for the Northern District of Ohio",On the Nomination,
119,Senate,848,2026-06-24,2,189,50,44,-0.003,-0.224,-0.691,0.465,-0.056,PN9303,Cloture Motion Agreed to,"Arthur Roberts Jones, of Texas, to be United States District Judge for the Southern District of Texas",On the Cloture Motion,
119,Senate,849,2026-06-24,2,190,45,52,-0.003,-0.224,0.691,-0.465,-0.056,SJRES196,Motion to Proceed Rejected,"A joint resolution providing for congressional disapproval under chapter 8 of title 5, United States Code, of the rule submitted by the Department of Education relating to ""Reimagining and Improving Student Education-Federal Student Loan Program Final Regulations"".",On the Motion to Proceed,
119,Senate,850,2026-06-24,2,191,52,45,-0.002,-0.228,-0.691,0.461,-0.059,PN9382,Cloture Motion Agreed to,"Matthew A. Schwartz, of New York, to be United States Circuit Judge for the Second Circuit",On the Cloture Motion,
119,Senate,851,2026-06-24,2,192,47,50,0.131,-0.117,0.473,1.325,-3.428,SJRES185,Motion to Proceed Rejected,A joint resolution to direct the removal of United States Armed Forces from hostilities within or against the Islamic Republic of Iran that have not been authorized by Congress.,On the Motion to Proceed,
